id,descripcion,dominio,tipo_trigger,b,r2,p,n,sig,significativo
A01,Brujas→Amberes 1300-1560,A,abrupto,-0.8567513538620615,-0.3170228792030807,0.2575001111350039,6,n.s.,False
A02,Toledo→Madrid 1528-1787,A,abrupto,0.704100679971145,0.3642486117829427,0.1272569500138276,6,n.s.,False
A03,Venecia→Amsterdam 1400-1650,A,abrupto,0.3408910296678718,0.1035817581858477,0.3685826615709764,6,n.s.,False
A04,Génova→Amsterdam 1550-1700,A,gradual,0.8245412495112922,0.7987837342968109,0.1479375246326924,5,n.s.,False
A05,Lübeck→Hamburgo 1500-1800,A,gradual,0.613666661496646,0.2326883925424286,0.2999729312820969,6,n.s.,False
A06,York→Londres 1300-1700,A,gradual,0.5861792904019947,0.0210896989765096,0.4412439122154499,5,n.s.,False
A07,Lyon→París 1500-1800,A,gradual,-0.3880283438215989,0.8211701081494329,0.0633662844080399,5,n.s.,False
A08,Cracovia→Varsovia 1550-1850,A,abrupto,0.5735519325633179,0.8401862994364416,0.0301543400746784,6,*,True
A09,Córdoba→Madrid 1200-1600,A,hibrido,1.792986351292052,0.9130454174960362,0.0067125232970886,5,**,True
A10,Filadelfia→Nueva York 1750-1900,A,gradual,-0.1274911071800873,-0.0469289168019133,0.7223315871909617,5,n.s.,False
A11,Kioto→Tokio 1600-1950,A,abrupto,-0.0536035041277235,-0.0941518473645279,0.7556564918059948,6,n.s.,False
A12,Nankín→Pekín 1368-1600,A,abrupto,0.3143676045111239,0.4410774625520739,0.1646054448661471,6,n.s.,False
A13,Sevilla→Cádiz 1503-1778,A,abrupto,-0.7284582869880977,0.1024886297217806,0.065572390771803,6,n.s.,False
A14,Lima→Buenos Aires 1780-1900,A,gradual,0.3040111391631253,0.2664723084446306,0.2533829356849129,5,n.s.,False
A15,Alejandría→El Cairo 600-1200,A,abrupto,1.6188759770383698,0.962888084738674,0.0004597288965333,6,***,True
A17,Bagdad→El Cairo 800-1200,A,hibrido,0.2041643233332198,0.1334612473723663,0.3971935119972127,5,n.s.,False
A18,Chang'an→Hangzhou 600-1200,A,gradual,-0.2956718784571401,0.1428023976136226,0.3234515173320479,7,n.s.,False
A19,Kaifeng→Hangzhou 950-1200,A,abrupto,0.4286454685096731,0.1851564941697946,0.1806489025429806,5,n.s.,False
A20,Constantinopla→París 1000-1700,A,hibrido,-1.320746466785156,0.7337660900934851,0.013106825904792,6,*,True
A21,Tenochtitlan→Ciudad México 1400-1800,A,abrupto,0.4531595580070076,0.6110199888534377,0.3388556430100707,3,n.s.,False
A22,Vijayanagara→Madurai 1300-1700,A,abrupto,0.3993627018140828,0.3055210713272471,0.0841442571842868,6,n.s.,False
A23,Detroit→Chicago 1900-2020,A,gradual,0.3580344350019394,0.4588815642530871,0.0687324258591309,6,n.s.,False
A24,Liverpool→Londres 1800-2020,A,gradual,0.493223114559789,0.8941192005733035,0.0050384114045652,6,**,True
A25,Osaka→Tokio 1900-2020,A,gradual,-0.07458548157924,0.0447553825393882,0.5707872615287367,6,n.s.,False
C01,Tlaxcala→CDMX 1940-2022,C,gradual,0.1717998094252908,0.7781054278550446,0.0411748533926106,5,*,True
C02,Chiapas→CDMX 1940-2022,C,gradual,0.2650928483637481,0.7619658158152636,0.0475783527439871,5,*,True
C03,Querétaro→CDMX 1940-2022,C,gradual,-0.1416688240259313,0.8042287171679156,0.0402727361622478,5,*,True
C04,Nuevo León→CDMX 1940-2022,C,gradual,-0.055406205116026,0.829357421107832,0.0333994952741602,5,*,True
C05,Mezzogiorno→N.Italia 1861-2020,C,abrupto,0.1299903072087105,0.7887667752035956,0.0178428025765585,6,*,True
C06,Hauts-France→Île-France 1975-2020,C,gradual,0.0706905258749733,0.8521710522873092,0.0672798240858512,4,n.s.,False
C07,Appalachia→Noreste EUA 1950-2020,C,gradual,-0.0770199947162077,0.9840544607807922,0.0010143732770913,5,**,True
C08,Mississippi→Nueva York 1900-2020,C,gradual,-0.0894206211822258,0.3416654514005033,0.2464608696414545,5,n.s.,False
C09,Andalucía→Cataluña 1850-2020,C,gradual,0.0880176224542178,0.6297095991978541,0.0796029451062801,5,n.s.,False
C10,Gales→Londres 1850-2020,C,abrupto,-0.0044249409136398,-0.0070247615160401,0.9420212184645276,5,n.s.,False
C11,Gansu→Guangdong 1978-2020,C,abrupto,0.2451381491145274,0.8991737774759698,0.0118180950409697,5,*,True
C12,Oaxaca→CDMX 1940-2022,C,gradual,0.2701862525849599,0.7940470997797897,0.040342335742859,5,*,True
C13,Veracruz→CDMX 1940-2022,C,gradual,0.1869709166802818,0.768565626098492,0.0479456878243083,5,*,True
C14,Guerrero→CDMX 1940-2022,C,gradual,0.2826743492898581,0.7822589793958238,0.0445036171599506,5,*,True
C15,Puebla→CDMX 1940-2022,C,gradual,0.153950823735001,0.8078189162880316,0.0392172086899695,5,*,True
C16,Bihar→Maharashtra India 1980-2020,C,gradual,0.2298010967743829,0.5294899689366575,0.3514263220184279,4,n.s.,False
C17,Nordeste→São Paulo Brasil 1950-2020,C,gradual,0.2161060965488225,0.8230684130929516,0.040111498507432,5,*,True
C18,Sicilia→Lombardía Italia 1900-2020,C,gradual,0.0561452587316212,0.8467449831741538,0.0217754119204907,5,*,True
C19,Manchuria→Shanghai China 1978-2020,C,abrupto,0.1674013573265425,0.4629221082667004,0.2487391767482899,5,n.s.,False
C20,Mississippi→Texas 1970-2020 EEUU,C,hibrido,0.003717145933352,0.006072497953511,0.9151595609613772,5,n.s.,False
C21,Sinaloa→CDMX 1940-2022,C,gradual,0.122150980464318,0.8378406322245093,0.0282240706697679,5,*,True
D01,Basic→Elite HackerEarth,D,abrupto,2.570593579208078,0.2720438099196606,0.1216190904718591,5,n.s.,False
D02,Yahoo→Google 1998-2016,D,abrupto,2.978532937911957,0.9016216888101968,0.0166545687367024,5,*,True
D03,MySpace→Facebook 2004-2011,D,abrupto,2.695241032891007,0.2573153800868097,0.0687810243755213,5,n.s.,False
D04,Nokia→Apple/Android 2007-2015,D,abrupto,2.8535328065318493,0.4871614431475212,0.051706336408017,4,n.s.,False
D05,Blackberry→iPhone 2007-2016,D,abrupto,2.364111298204797,0.2936666210051269,0.1092346358568228,4,n.s.,False
D06,Blockbuster→Netflix 1999-2010,D,hibrido,-2.2657318999723386,-0.4797618172779336,0.3723550580226324,5,n.s.,False
D07,Kodak→Digital 1990-2012,D,hibrido,1.1835921104093337,-0.2604593779576594,0.5976997646868175,5,n.s.,False
D08,AOL→Google 1997-2015,D,gradual,2.748675082578955,0.4726281734795483,0.1652940023540746,3,n.s.,False
D09,IE→Chrome 2008-2020,D,abrupto,2.633973989697636,0.9906285425339636,0.0179618156252041,3,*,True
D11,Spotify→Apple Music 2015-2024,D,gradual,0.5648549565000468,0.9831729226406808,0.0784372795248263,3,n.s.,False
D12,Amazon→Walmart ecomm 2015-2024,D,gradual,-0.091690886444273,0.0763827343090921,0.592685477374996,5,n.s.,False
D13,WhatsApp→Telegram 2013-2024,D,gradual,-1.8541505327729773,0.5834859969690318,0.012514157956395,5,*,True
D15,Uber→Lyft 2014-2024,D,gradual,0.4661780781234646,0.8147115492366566,0.250122019504222,3,n.s.,False
D16,Reddit→Discord 2016-2024,D,gradual,-0.7785076554131116,0.6952935377798513,0.2255964958955045,4,n.s.,False
E01,Rata parda→negra Europa,E1,abrupto,1.3823692119600166,-0.0266001696135307,0.0381781053468391,6,*,True
E02,Rata parda→polinesia NZ,E1,abrupto,1.3920216412690287,0.0105264662154294,0.0381766799413606,5,*,True
E03,Abejas africanas→europeas Br,E1,abrupto,2.279710985587214,0.3699191084480434,0.0067328371383531,5,**,True
E04,Homo sapiens→Neandertal,E1,gradual,0.3645969071506027,0.0560440422496093,0.1351251159406806,5,n.s.,False
E05,Rattus→nativos Tailandia,E1,gradual,0.61956306011132,0.2980260927869319,0.2359697479811036,4,n.s.,False
E06,Trucha arcoíris→Cutthroat EEUU,E1,abrupto,1.043932637566512,0.206749347551714,0.0472771231678562,5,*,True
E07,Serpiente marrón→fauna Guam,E1,abrupto,4.668154688056208,0.7058329657023934,0.018897463710237,4,*,True
E08,Carpa común→peces nativos EUA,E1,gradual,0.9388492715104844,0.423205088292918,0.0246516877834423,5,*,True
E09,Lince→Liebre Canada 1845-1935,E2,gradual,-0.2039694129693249,0.4339125671108824,0.3909749894913032,5,n.s.,False
E10,Tiburon→Pez Adriático 1914-1923,E2,abrupto,0.0747604032903681,-0.0351516625640098,0.92578226994437,4,n.s.,False
E11,Lobo→Alce Yellowstone 1995-2020,E2,abrupto,0.78800722972192,0.5884992730659088,0.0083332481495893,5,**,True
E12,León→Ñu Serengeti 1970-2020,E2,gradual,-0.2523377911823971,0.9607895667373996,0.0035015229326988,5,**,True
E13,VIH→CD4 sin tratamiento,E3,abrupto,0.7905981270461975,0.3549214253333004,0.0448743726734893,7,*,True
E14,Bacteria resistente→sensible,E3,abrupto,1.400408261779335,0.923987800467057,0.0001821195800337,6,***,True
E15,Phytophthora→Papa Irlanda,E3,abrupto,1.6413417260708398,-0.5631491013971623,0.0502134571004416,6,n.s.,False
E16,SARS-CoV-2→variantes 2020-2023,E3,abrupto,7.086361094780334,0.9884518617147424,0.0002943118030037,5,***,True
E17,Fusarium→Plátano Gros Michel→Cav,E3,hibrido,3.5353601749336923,0.9732276070099116,0.0038883790375647,4,**,True
F01,Júpiter→Sistema Solar 0-10Myr,F1,gradual,0.5648160630355792,-0.2347235416505706,0.3011025243338104,5,n.s.,False
F02,Júpiter→Saturno formación,F1,gradual,0.5029457646426807,0.4098474942284592,0.099370828359619,5,n.s.,False
F03,Júpiter→Marte Grand Tack,F1,abrupto,2.046964527632751,-4.000791065491987,0.0743953972209875,5,n.s.,False
F04,Venus→Tierra masa comparada,F1,gradual,-0.6362846082254497,0.7379967850683811,0.0380458780286972,5,*,True
F05,Sirio A→Sirio B 0-250Myr,F2,gradual,0.5822034596630496,0.964480051894775,0.0044011279214975,5,**,True
F06,Variable Cataclísmica acreción,F2,abrupto,0.2027791681982153,0.6002337614788349,0.0698832350524382,5,n.s.,False
F07,Eta Carinae A→B binario masivo,F2,gradual,0.0243769560423169,0.7395461387356237,0.0612289463722464,5,n.s.,False
F08,Cygnus X-1 acreta HDE226868,F3,abrupto,0.1980097983904041,0.750920139657456,0.0548501414724042,5,n.s.,False
F09,Sgr A* acreta nube G2 2011-16,F3,abrupto,1.8835728735614847,0.379573793000338,0.0944105357178765,5,n.s.,False
F10,M87* acreta material jet,F3,gradual,0.1303171147547338,0.8951058945392044,0.0540694600409725,4,n.s.,False
F11,Vía Láctea→LMC 0-5Gyr,F4,gradual,-0.6402001767120226,0.841451000226511,0.0258069704730334,5,*,True
F12,Vía Láctea→Sgr dSph 0-4Gyr,F4,gradual,2.7105617138544704,0.8631488323214289,0.0039438298079117,5,**,True
F13,M31 Andrómeda→M32 0-5Gyr,F4,gradual,-2.8519189445536264,0.999411632060302,4.8861098123993616e-05,5,***,True
F14,Andrómeda→Vía Láctea futura,F4,gradual,-5.1994672538334485e-17,0.0,,4,n.s.,False
F11_3C273_vs_Galaxia,Quásar 3C273 vs galaxia anfitriona (z=0.158),F3,abrupto,0.644471763242666,0.96657307376337,0.0036214092101095,5,,True
F12_M87_vs_Galaxia,M87* (6.5×10^9 M_sol) acreta gas caliente del cúmu,F3,gradual,0.0045173116475419,0.4548275139030585,0.2130626464253759,5,,False
F13_TON618_vs_Galaxia,TON 618 (6.6×10^10 M_sol) — el agujero negro más m,F3,abrupto,6.498156867628006,0.2261543845865313,0.0015527843486383,5,,True
F14_SgrA_vs_ProximaEstrella,Sgr A* vs estrellas del cúmulo S (S2 en órbita 16 ,F3,gradual,0.0011445567092974,0.6173707687097774,0.0639427120173251,6,,False
F15_OJ287_Binario_AGB,OJ 287 — sistema binario de agujeros negros superm,F3,abrupto,0.0011732083965333,0.6384720669401689,0.0565215294775547,6,,False
F16_51Pegb_vs_RocosHermanos,51 Peg b (Hot Jupiter) vs planetas rocosos del sis,F1,abrupto,4.389671264663255,-0.5421156994364325,0.007298973599431,5,,True
F17_TRAPPIST1_vs_Planetas,TRAPPIST-1 (estrella enana M) vs sus 7 planetas (j,F1,gradual,-0.1184777215104607,0.7159998972801085,0.0432282281350434,5,,True
F18_HotJupiter_vs_Rocosos_Estadistica,Hot Jupiters vs planetas rocosos: exclusión compet,F1,abrupto,3.052849774943949,-5.790951280331731,0.0460099076200908,5,,True
F19_Neptuno_vs_CinturonKuiper,Neptuno vs Cinturón de Kuiper (dispersión gravitac,F1,gradual,0.6876227615417494,0.5736490437868256,0.0043238955002803,6,,True
F20_Sol_vs_Mercurio,Sol vs Mercurio (ratio masa — extremo del sistema ,F1,gradual,-0.4759020346278241,0.7152984568964298,0.0750651270069567,5,,False
F21_ViaLactea_vs_Fornax,Vía Láctea vs galaxia enana Fornax (satélite en ór,F4,gradual,0.0162844004825295,0.919669010831926,0.0099022225169565,5,,True
F22_AndromedaM31_vs_NGC147,Andrómeda (M31) vs NGC 147 y NGC 185 (enanas satél,F4,gradual,0.1434665676929866,0.8740936185464034,0.0206183932551562,5,,True
F23_GrupoLocal_vs_Draco,"Vía Láctea vs Draco (enana más antigua, z~5000x má",F4,gradual,0.5357969444267638,0.9065519478915176,0.0132355873961685,5,,True
E18_Carpa_vs_PecesNativos_Australia,Carpa común (Cyprinus carpio) vs peces nativos Aus,E1,abrupto,1.572105075481497,0.5858802433319212,0.0022288244063642,6,,True
E19_Rana_Toro_vs_Anfibios_Europa,Rana toro americana (Lithobates catesbeianus) → an,E1,abrupto,1.1974088442191575,0.1307296590107513,0.0285550130705061,6,,True
E20_Mejillon_Cebra_vs_Nativos_EEUU,Mejillón cebra (Dreissena polymorpha) → moluscos n,E1,abrupto,2.5433209774386323,0.8846519705099711,0.0006271886021436,5,,True
E21_Gato_vs_Aves_Islas,Gato doméstico (Felis catus) vs aves nidificantes ,E1,abrupto,1.9843416028292225,0.27866281440038,0.0027740360831836,6,,True
E22_COVID19_vs_Variantes,Variantes COVID-19 — desplazamiento entre cepas (2,E3,abrupto,0.1544768306564755,-0.29956682219641,0.9065824185458868,7,,False
E23_Bd_vs_Anfibios_Global,Batrachochytrium dendrobatidis (Bd) → anfibios glo,E3,gradual,1.4366748155513689,0.5860649929756191,0.0052741650423264,6,,True
E24_Ebola_vs_Gorilas_Africa,Ébola vs gorilas occidentales (Gorilla gorilla) Co,E3,abrupto,1.308661213712041,0.0276909434919355,0.033324723007083,6,,True
D17_Google_vs_Bing_Busqueda,Google vs Bing en búsqueda (2009-2024),D,gradual,-0.0506270048890426,0.0006626456940418,0.7993626897904138,5,,False
D18_Amazon_vs_eBay_Ecomm,Amazon vs eBay en e-commerce EEUU (2010-2024),D,gradual,1.1546017124729149,0.9125278607065654,0.0056990248499462,5,,True
D19_iOS_vs_WindowsMobile,iOS/Android vs Windows Mobile (2007-2015),D,abrupto,2.661730894838928,0.4849482961585747,0.0101706628274967,5,,True
D20_Netflix_vs_Blockbuster_Global,Streaming global vs videoclub tradicional (2010-20,D,hibrido,3.4762987797378764,-0.1101000373110192,0.0545602127781294,5,,False
B_GBR_PRT,GBR→PRT (1820-2022),B,abrupto,-0.2947,0.3158,0.121354,8,,False
B_GBR_ESP,GBR→ESP (1820-2022),B,gradual,-0.0152,-0.0221,0.846953,8,,False
B_GBR_ITA,GBR→ITA (1820-2022),B,gradual,-0.0367,0.0228,0.546562,8,,False
B_GBR_GRC,GBR→GRC (1820-2022),B,gradual,-0.0252,-0.0474,0.822388,8,,False
B_GBR_POL,GBR→POL (1820-2022),B,abrupto,-0.0837,0.0921,0.314591,8,,False
B_GBR_ROU,GBR→ROU (1820-2022),B,abrupto,-0.1058,0.0513,0.323557,8,,False
B_GBR_BGR,GBR→BGR (1820-2022),B,abrupto,-0.1048,0.0604,0.312527,8,,False
B_GBR_UKR,GBR→UKR (1820-2022),B,abrupto,-0.0194,-0.0098,0.729066,8,,False
B_GBR_RUS,GBR→RUS (1820-2022),B,abrupto,-0.0659,0.0929,0.335863,8,,False
B_GBR_IND,GBR→IND (1820-2022),B,gradual,0.2577,0.3298,0.023301,8,,True
B_GBR_CHN,GBR→CHN (1820-2022),B,gradual,0.1338,0.0034,0.412512,8,,False
B_GBR_EGY,GBR→EGY (1820-2022),B,abrupto,-0.1117,0.0598,0.465328,8,,False
B_GBR_NGA,GBR→NGA (1820-2022),B,gradual,0.072,0.0172,0.745619,8,,False
B_GBR_GHA,GBR→GHA (1820-2022),B,abrupto,0.1027,0.0182,0.695068,8,,False
B_GBR_ZAF,GBR→ZAF (1820-2022),B,hibrido,-0.0156,0.0059,0.86306,8,,False
B_GBR_AUS,GBR→AUS (1820-2022),B,gradual,-0.0616,0.2288,0.216601,8,,False
B_GBR_NZL,GBR→NZL (1820-2022),B,gradual,0.0116,0.0271,0.698166,8,,False
B_GBR_CAN,GBR→CAN (1820-2022),B,gradual,-0.1087,0.3029,0.079008,8,,False
B_GBR_IRN,GBR→IRN (1820-2022),B,gradual,-0.1956,0.4034,0.084307,8,,False
B_GBR_TUR,GBR→TUR (1820-2022),B,gradual,-0.1645,0.4801,0.084391,8,,False
B_GBR_MAR,GBR→MAR (1820-2022),B,gradual,-0.1586,0.1329,0.325357,8,,False
B_DEU_POL,DEU→POL (1820-2022),B,abrupto,-0.0414,0.013,0.552968,8,,False
B_DEU_HUN,DEU→HUN (1820-2022),B,abrupto,0.0126,-0.0027,0.82644,8,,False
B_DEU_ROU,DEU→ROU (1820-2022),B,abrupto,-0.0587,0.0637,0.403031,8,,False
B_DEU_BGR,DEU→BGR (1820-2022),B,abrupto,-0.0288,-0.0127,0.71511,8,,False
B_DEU_HRV,DEU→HRV (1820-2022),B,hibrido,0.0237,-0.0012,0.749713,8,,False
B_DEU_EST,DEU→EST (1820-2022),B,abrupto,-0.0793,0.2833,0.272728,8,,False
B_DEU_LVA,DEU→LVA (1820-2022),B,abrupto,-0.0753,0.2711,0.278127,8,,False
B_DEU_LTU,DEU→LTU (1820-2022),B,abrupto,-0.0906,0.2972,0.275797,8,,False
B_DEU_UKR,DEU→UKR (1820-2022),B,abrupto,-0.1502,0.2125,0.103337,8,,False
B_DEU_TUR,DEU→TUR (1820-2022),B,gradual,-0.1293,0.2342,0.250376,8,,False
B_DEU_GRC,DEU→GRC (1820-2022),B,gradual,-0.0594,0.096,0.369949,8,,False
B_DEU_PRT,DEU→PRT (1820-2022),B,gradual,-0.044,0.0952,0.422655,8,,False
B_DEU_ESP,DEU→ESP (1820-2022),B,gradual,-0.0201,0.0543,0.567999,8,,False
B_DEU_ITA,DEU→ITA (1820-2022),B,gradual,-0.0091,0.0291,0.675035,8,,False
B_DEU_RUS,DEU→RUS (1820-2022),B,abrupto,-0.0292,0.0215,0.632537,8,,False
B_FRA_MAR,FRA→MAR (1820-2022),B,gradual,-0.101,0.1385,0.212238,8,,False
B_FRA_DZA,FRA→DZA (1820-2022),B,abrupto,-0.0543,0.0362,0.502838,8,,False
B_FRA_TUN,FRA→TUN (1820-2022),B,abrupto,-0.2015,0.6653,0.01033,8,,True
B_FRA_SEN,FRA→SEN (1820-2022),B,gradual,-0.3433,-0.0221,0.213883,8,,False
B_FRA_CIV,FRA→CIV (1820-2022),B,gradual,-0.3755,0.0044,0.146599,8,,False
B_FRA_GRC,FRA→GRC (1820-2022),B,gradual,-0.0817,0.1021,0.296091,8,,False
B_FRA_PRT,FRA→PRT (1820-2022),B,gradual,-0.0663,0.1863,0.241975,8,,False
B_FRA_POL,FRA→POL (1820-2022),B,abrupto,-0.0773,0.1915,0.2044,8,,False
B_FRA_ROU,FRA→ROU (1820-2022),B,abrupto,-0.0946,0.2738,0.189947,8,,False
B_USA_MEX,USA→MEX (1820-2022),B,gradual,0.0071,-0.015,0.963974,8,,False
B_USA_BRA,USA→BRA (1820-2022),B,gradual,-0.0795,0.0079,0.695889,8,,False
B_USA_ARG,USA→ARG (1820-2022),B,hibrido,0.0251,-0.0178,0.907852,8,,False
B_USA_COL,USA→COL (1820-2022),B,gradual,-0.1141,0.2872,0.117369,8,,False
B_USA_PER,USA→PER (1820-2022),B,gradual,-0.0934,0.0362,0.332803,8,,False
B_USA_CHN,USA→CHN (1820-2022),B,gradual,0.2282,0.0685,0.171259,8,,False
B_USA_IND,USA→IND (1820-2022),B,gradual,0.3521,0.4045,0.007497,8,,True
B_USA_IDN,USA→IDN (1820-2022),B,gradual,-0.222,0.5097,0.02597,8,,True
B_USA_PHL,USA→PHL (1820-2022),B,gradual,-0.1927,0.4252,0.05789,8,,False
B_USA_VNM,USA→VNM (1820-2022),B,abrupto,-0.5562,0.2792,0.010015,8,,True
B_USA_KOR,USA→KOR (1820-2022),B,abrupto,-0.3382,0.7103,0.04736,8,,True
B_USA_THA,USA→THA (1820-2022),B,gradual,-0.242,0.6232,0.013893,8,,True
B_USA_NGA,USA→NGA (1820-2022),B,gradual,-0.1226,-0.0855,0.424674,8,,False
B_USA_EGY,USA→EGY (1820-2022),B,gradual,-0.1935,0.4281,0.046138,8,,True
B_USA_GHA,USA→GHA (1820-2022),B,gradual,-0.1538,-0.1041,0.37062,8,,False
B_USA_KEN,USA→KEN (1820-2022),B,gradual,-0.5355,0.2113,0.027884,8,,True
B_USA_ETH,USA→ETH (1820-2022),B,gradual,-0.7192,0.0347,0.030989,8,,True
B_USA_TZA,USA→TZA (1820-2022),B,gradual,-0.6109,0.0344,0.041425,8,,True
B_USA_IRN,USA→IRN (1820-2022),B,hibrido,-0.116,0.4461,0.09587,8,,False
B_USA_TUR,USA→TUR (1820-2022),B,gradual,-0.1707,0.4177,0.070539,8,,False
B_USA_ISR,USA→ISR (1820-2022),B,gradual,-0.1174,0.1074,0.325382,8,,False
B_USA_ZAF,USA→ZAF (1820-2022),B,gradual,0.0415,0.1635,0.38467,8,,False
B_USA_AUS,USA→AUS (1820-2022),B,gradual,0.0345,0.0824,0.456839,8,,False
B_USA_NZL,USA→NZL (1820-2022),B,gradual,0.1239,0.4916,0.02905,8,,True
B_USA_CAN,USA→CAN (1820-2022),B,gradual,-0.0143,0.0696,0.48991,8,,False
B_USA_RUS,USA→RUS (1820-2022),B,abrupto,-0.0697,0.2252,0.215757,8,,False
B_USA_JPN,USA→JPN (1820-2022),B,abrupto,-0.1044,0.074,0.450532,8,,False
B_USA_CHE,USA→CHE (1820-2022),B,gradual,-0.01,-0.0012,0.804969,8,,False
B_USA_NOR,USA→NOR (1820-2022),B,gradual,-0.1537,0.324,0.110029,8,,False
B_USA_SWE,USA→SWE (1820-2022),B,gradual,-0.0468,0.2627,0.166353,8,,False
B_JPN_CHN,JPN→CHN (1820-2022),B,gradual,-0.3315,0.1742,0.046868,8,,True
B_JPN_IND,JPN→IND (1820-2022),B,gradual,-0.2563,-0.1509,0.23849,8,,False
B_JPN_IDN,JPN→IDN (1820-2022),B,gradual,-0.1678,0.0752,0.201087,8,,False
B_JPN_PHL,JPN→PHL (1820-2022),B,gradual,-0.1385,-0.0227,0.34903,8,,False
B_JPN_VNM,JPN→VNM (1820-2022),B,gradual,-0.2263,-0.0887,0.254994,8,,False
B_JPN_BGD,JPN→BGD (1820-2022),B,gradual,-0.2138,-0.1825,0.365906,8,,False
B_JPN_PAK,JPN→PAK (1820-2022),B,gradual,-0.1025,-0.1401,0.590206,8,,False
B_JPN_THA,JPN→THA (1820-2022),B,gradual,-0.1878,0.2734,0.073307,8,,False
B_JPN_MYS,JPN→MYS (1820-2022),B,gradual,-0.1835,0.4331,0.035751,8,,True
B_JPN_KOR,JPN→KOR (1820-2022),B,gradual,-0.4498,0.708,0.026639,8,,True
B_JPN_TWN,JPN→TWN (1820-2022),B,gradual,-0.4638,0.6713,0.05106,8,,False
B_JPN_SGP,JPN→SGP (1820-2022),B,gradual,-0.1623,0.0648,0.518687,8,,False
B_JPN_NGA,JPN→NGA (1820-2022),B,gradual,-0.0684,-0.1299,0.741544,8,,False
B_JPN_KEN,JPN→KEN (1820-2022),B,gradual,-0.5616,-0.0017,0.094721,8,,False
B_JPN_EGY,JPN→EGY (1820-2022),B,gradual,-0.1393,0.0105,0.302438,8,,False
B_KOR_GBR,KOR→GBR (1820-2022),B,gradual,0.2016,-0.0681,0.590216,8,,False
B_KOR_FRA,KOR→FRA (1820-2022),B,gradual,0.2528,-0.0084,0.394058,8,,False
B_KOR_DEU,KOR→DEU (1820-2022),B,gradual,0.2475,0.0334,0.357203,8,,False
B_KOR_VNM,KOR→VNM (1820-2022),B,gradual,-0.3139,-0.0511,0.373525,8,,False
B_KOR_BGD,KOR→BGD (1820-2022),B,gradual,-0.3609,-0.1476,0.412203,8,,False
B_KOR_PAK,KOR→PAK (1820-2022),B,gradual,-0.0468,-0.1305,0.914258,8,,False
B_KOR_PHL,KOR→PHL (1820-2022),B,gradual,-0.0554,-0.0939,0.869974,8,,False
B_KOR_IDN,KOR→IDN (1820-2022),B,gradual,-0.0871,-0.0622,0.75396,8,,False
B_KOR_IND,KOR→IND (1820-2022),B,gradual,-0.3893,-0.0929,0.302928,8,,False
B_KOR_THA,KOR→THA (1820-2022),B,gradual,-0.0549,-0.0313,0.7898,8,,False
B_KOR_MYS,KOR→MYS (1820-2022),B,gradual,-0.0315,-0.0213,0.847212,8,,False
B_KOR_CHN,KOR→CHN (1820-2022),B,gradual,-0.339,0.1691,0.100322,8,,False
B_TWN_PHL,TWN→PHL (1820-2022),B,gradual,0.009,-0.0976,0.980665,8,,False
B_TWN_IDN,TWN→IDN (1820-2022),B,gradual,-0.0273,-0.0783,0.929373,8,,False
B_TWN_VNM,TWN→VNM (1820-2022),B,gradual,-0.2415,-0.1159,0.523228,8,,False
B_TWN_BGD,TWN→BGD (1820-2022),B,gradual,-0.2785,-0.1904,0.554393,8,,False
B_TWN_IND,TWN→IND (1820-2022),B,gradual,-0.317,-0.1598,0.436282,8,,False
B_TWN_THA,TWN→THA (1820-2022),B,gradual,-0.0052,-0.0472,0.982411,8,,False
B_SGP_MYS,SGP→MYS (1820-2022),B,abrupto,-0.2943,-0.0214,0.219291,8,,False
B_SGP_IDN,SGP→IDN (1820-2022),B,abrupto,-0.4036,-0.1141,0.23583,8,,False
B_SGP_PHL,SGP→PHL (1820-2022),B,abrupto,-0.3791,-0.1716,0.342466,8,,False
B_SGP_VNM,SGP→VNM (1820-2022),B,abrupto,-0.6328,-0.1269,0.121427,8,,False
B_SGP_THA,SGP→THA (1820-2022),B,abrupto,-0.3606,-0.0333,0.186714,8,,False
B_SGP_IND,SGP→IND (1820-2022),B,abrupto,-0.7028,-0.2297,0.110623,8,,False
B_CHN_IND,CHN→IND (1820-2022),B,gradual,-0.1703,0.0717,0.268936,8,,False
B_CHN_VNM,CHN→VNM (1820-2022),B,gradual,-0.1169,0.0542,0.421971,8,,False
B_CHN_BGD,CHN→BGD (1820-2022),B,gradual,-0.1999,0.0034,0.350135,8,,False
B_CHN_PAK,CHN→PAK (1820-2022),B,gradual,0.0601,-0.064,0.819462,8,,False
B_CHN_IDN,CHN→IDN (1820-2022),B,gradual,0.1042,0.0695,0.460344,8,,False
B_CHN_PHL,CHN→PHL (1820-2022),B,gradual,0.0952,-0.0085,0.612287,8,,False
B_CHN_THA,CHN→THA (1820-2022),B,gradual,0.1804,0.367,0.11778,8,,False
B_CHN_NGA,CHN→NGA (1820-2022),B,gradual,0.0133,-0.0756,0.960844,8,,False
B_CHN_ETH,CHN→ETH (1820-2022),B,gradual,-0.2777,-0.0605,0.338561,8,,False
B_CHN_KEN,CHN→KEN (1820-2022),B,gradual,-0.0708,-0.0646,0.774392,8,,False
B_CHN_GHA,CHN→GHA (1820-2022),B,gradual,-0.0873,-0.0682,0.737665,8,,False
B_CHN_MOZ,CHN→MOZ (1820-2022),B,gradual,-0.2705,-0.0753,0.211263,8,,False
B_IND_BGD,IND→BGD (1820-2022),B,abrupto,-0.0056,-0.008,0.928348,8,,False
B_IND_PAK,IND→PAK (1820-2022),B,gradual,0.1539,0.3097,0.125748,8,,False
B_IND_LKA,IND→LKA (1820-2022),B,gradual,0.0998,0.2426,0.201885,8,,False
B_IND_VNM,IND→VNM (1820-2022),B,gradual,0.0213,0.0618,0.601015,8,,False
B_IND_IDN,IND→IDN (1820-2022),B,gradual,0.1629,0.5399,0.024192,8,,True
B_IND_NGA,IND→NGA (1820-2022),B,gradual,0.0111,-0.0283,0.91633,8,,False
B_IRL_DEU,IRL→DEU (1820-2022),B,hibrido,0.0478,-0.0221,0.729638,8,,False
B_IRL_FRA,IRL→FRA (1820-2022),B,hibrido,0.008,-0.0299,0.956395,8,,False
B_IRL_GBR,IRL→GBR (1820-2022),B,hibrido,-0.0941,-0.0322,0.613255,8,,False
B_IRL_ESP,IRL→ESP (1820-2022),B,hibrido,0.018,-0.0192,0.878852,8,,False
B_IRL_ITA,IRL→ITA (1820-2022),B,hibrido,0.0374,-0.0216,0.774441,8,,False
B_IRL_NLD,IRL→NLD (1820-2022),B,hibrido,-0.0895,0.0067,0.490131,8,,False
B_EST_FIN,EST→FIN (1820-2022),B,hibrido,0.1502,0.6758,0.017589,8,,True
B_EST_SWE,EST→SWE (1820-2022),B,hibrido,0.1047,0.2832,0.185019,8,,False
B_EST_DEU,EST→DEU (1820-2022),B,abrupto,0.0793,0.1032,0.272728,8,,False
B_LVA_FIN,LVA→FIN (1820-2022),B,hibrido,0.1461,0.6801,0.018559,8,,True
B_LTU_SWE,LTU→SWE (1820-2022),B,hibrido,0.116,0.2567,0.184889,8,,False
B_POL_DEU,POL→DEU (1820-2022),B,hibrido,0.067,0.0874,0.464323,8,,False
B_POL_FRA,POL→FRA (1820-2022),B,hibrido,0.0112,-0.0137,0.896686,8,,False
B_CZE_DEU,CZE→DEU (1820-2022),B,hibrido,0.0264,0.0193,0.674264,8,,False
B_CZE_AUT,CZE→AUT (1820-2022),B,hibrido,0.0711,0.4777,0.055351,8,,False
B_HUN_AUT,HUN→AUT (1820-2022),B,hibrido,0.1092,0.5061,0.036583,8,,True
B_ROU_DEU,ROU→DEU (1820-2022),B,hibrido,-0.0417,0.0432,0.621803,8,,False
B_BGR_DEU,BGR→DEU (1820-2022),B,hibrido,-0.0161,-0.0101,0.862822,8,,False
B_HRV_AUT,HRV→AUT (1820-2022),B,hibrido,0.0335,0.085,0.484933,8,,False
B_VNM_THA,VNM→THA (1820-2022),B,abrupto,0.3187,0.9617,6e-05,8,,True
B_VNM_MYS,VNM→MYS (1820-2022),B,abrupto,0.3756,0.9387,0.00036,8,,True
B_ZAF_NGA,ZAF→NGA (1820-2022),B,gradual,-0.3287,0.2846,0.044079,8,,True
B_ZAF_GHA,ZAF→GHA (1820-2022),B,gradual,-0.4337,0.3233,0.022059,8,,True
B_ZAF_KEN,ZAF→KEN (1820-2022),B,gradual,-0.466,0.588,0.005945,8,,True
B_ZAF_ETH,ZAF→ETH (1820-2022),B,gradual,-0.6496,0.3498,0.011581,8,,True
B_ZAF_TZA,ZAF→TZA (1820-2022),B,gradual,-0.5414,0.3599,0.014906,8,,True
B_ZAF_EGY,ZAF→EGY (1820-2022),B,gradual,-0.1865,0.6231,0.014325,8,,True
B_ZAF_MAR,ZAF→MAR (1820-2022),B,gradual,-0.1757,0.5423,0.02093,8,,True
B_NGA_GHA,NGA→GHA (1820-2022),B,gradual,-0.105,0.4113,0.08503,8,,False
B_NGA_KEN,NGA→KEN (1820-2022),B,gradual,-0.1373,0.3777,0.116303,8,,False
B_NGA_TZA,NGA→TZA (1820-2022),B,gradual,-0.2127,0.5216,0.024683,8,,True
B_NGA_ETH,NGA→ETH (1820-2022),B,gradual,-0.321,0.6277,0.010187,8,,True
B_NGA_MOZ,NGA→MOZ (1820-2022),B,gradual,-0.2192,0.4219,0.026479,8,,True
B_NGA_SEN,NGA→SEN (1820-2022),B,gradual,-0.0739,0.0642,0.429088,8,,False
B_EGY_MAR,EGY→MAR (1820-2022),B,gradual,0.0108,0.0463,0.612667,8,,False
B_EGY_TUN,EGY→TUN (1820-2022),B,gradual,0.0104,0.0121,0.790903,8,,False
B_EGY_DZA,EGY→DZA (1820-2022),B,abrupto,0.2504,0.7518,0.001696,8,,True
B_EGY_ETH,EGY→ETH (1820-2022),B,gradual,-0.2928,0.0095,0.236377,8,,False
B_EGY_KEN,EGY→KEN (1820-2022),B,gradual,-0.1091,0.0012,0.477304,8,,False
B_KEN_TZA,KEN→TZA (1820-2022),B,gradual,-0.0754,0.1463,0.276492,8,,False
B_KEN_UGA,KEN→UGA (1820-2022),B,gradual,-0.2369,0.265,0.089569,8,,False
B_KEN_ETH,KEN→ETH (1820-2022),B,gradual,-0.1837,0.3008,0.095375,8,,False
B_GHA_CIV,GHA→CIV (1820-2022),B,gradual,-0.001,-0.003,0.985634,8,,False
B_GHA_SEN,GHA→SEN (1820-2022),B,gradual,0.0312,0.0231,0.680457,8,,False
B_GHA_KEN,GHA→KEN (1820-2022),B,gradual,0.0565,0.3261,0.074723,8,,False
B_MAR_SEN,MAR→SEN (1820-2022),B,gradual,-0.0408,-0.0336,0.831799,8,,False
B_MAR_CIV,MAR→CIV (1820-2022),B,gradual,-0.0729,-0.0232,0.67117,8,,False
B_RWA_KEN,RWA→KEN (1820-2022),B,abrupto,0.3898,0.948,0.000109,8,,True
B_URY_ARG,URY→ARG (1820-2022),B,gradual,-0.0035,-0.0042,0.921082,8,,False
B_URY_BRA,URY→BRA (1820-2022),B,gradual,-0.0523,0.0763,0.401038,8,,False
B_CHL_ARG,CHL→ARG (1820-2022),B,gradual,0.0606,0.1348,0.421797,8,,False
B_CHL_MEX,CHL→MEX (1820-2022),B,gradual,0.0548,0.0968,0.440724,8,,False
B_CHL_COL,CHL→COL (1820-2022),B,gradual,0.0031,-0.0007,0.932075,8,,False
B_CHL_PER,CHL→PER (1820-2022),B,gradual,0.0237,0.028,0.690819,8,,False
B_CHL_BRA,CHL→BRA (1820-2022),B,gradual,-0.0537,0.2453,0.230898,8,,False
B_MEX_COL,MEX→COL (1820-2022),B,gradual,-0.0517,0.2767,0.190981,8,,False
B_MEX_PER,MEX→PER (1820-2022),B,gradual,-0.0311,0.0541,0.471589,8,,False
B_MEX_ARG,MEX→ARG (1820-2022),B,hibrido,-0.1249,0.4479,0.108178,8,,False
B_BRA_COL,BRA→COL (1820-2022),B,gradual,0.0567,0.7231,0.005358,8,,True
B_BRA_ARG,BRA→ARG (1820-2022),B,gradual,0.0489,0.0905,0.516749,8,,False
B_BRA_PER,BRA→PER (1820-2022),B,gradual,0.0774,0.3431,0.063411,8,,False
B_VEN_COL,VEN→COL (1820-2022),B,hibrido,-0.2402,0.5005,0.128108,8,,False
B_VEN_PER,VEN→PER (1820-2022),B,hibrido,-0.2195,0.4033,0.135734,8,,False
B_AUS_JPN,AUS→JPN (1820-2022),B,gradual,-0.1581,0.7007,0.018572,8,,True
B_AUS_KOR,AUS→KOR (1820-2022),B,gradual,-0.1826,0.0652,0.205173,8,,False
B_AUS_CHN,AUS→CHN (1820-2022),B,gradual,-0.0156,-0.0755,0.918674,8,,False
B_NZL_AUS,NZL→AUS (1820-2022),B,gradual,-0.0894,0.6633,0.01794,8,,True
B_NZL_GBR,NZL→GBR (1820-2022),B,gradual,-0.0116,0.0204,0.698166,8,,False
B_CAN_MEX,CAN→MEX (1820-2022),B,hibrido,-0.2046,0.4293,0.030123,8,,True
B_CAN_BRA,CAN→BRA (1820-2022),B,gradual,-0.1632,0.3721,0.080612,8,,False
B_CAN_ARG,CAN→ARG (1820-2022),B,gradual,-0.0546,-0.0319,0.628462,8,,False
B_ARE_EGY,ARE→EGY (1820-2022),B,abrupto,-0.542,0.0184,0.068778,8,,False
B_ARE_MAR,ARE→MAR (1820-2022),B,abrupto,-0.5571,-0.0382,0.077915,8,,False
B_SAU_EGY,SAU→EGY (1820-2022),B,hibrido,-0.2328,0.0614,0.204218,8,,False
B_ISR_EGY,ISR→EGY (1820-2022),B,abrupto,-0.1105,-0.0659,0.560354,8,,False
B_TUR_EGY,TUR→EGY (1820-2022),B,gradual,-0.0228,-0.0171,0.757059,8,,False
B_TUR_IRN,TUR→IRN (1820-2022),B,gradual,0.0505,-0.0134,0.706468,8,,False
B_IRN_PAK,IRN→PAK (1820-2022),B,gradual,-0.0406,-0.0256,0.673108,8,,False
B_IRN_BGD,IRN→BGD (1820-2022),B,gradual,-0.152,-0.0294,0.328424,8,,False
B_NOR_SWE,NOR→SWE (1820-2022),B,gradual,0.1069,0.3506,0.096195,8,,False
B_NOR_DNK,NOR→DNK (1820-2022),B,gradual,0.1525,0.539,0.020711,8,,True
B_CHE_AUT,CHE→AUT (1820-2022),B,gradual,-0.0246,0.018,0.610306,8,,False
B_CHE_ITA,CHE→ITA (1820-2022),B,gradual,-0.0046,-0.0077,0.921813,8,,False
B_NLD_BEL,NLD→BEL (1820-2022),B,gradual,-0.0423,0.7425,0.010241,8,,True
B_SWE_DNK,SWE→DNK (1820-2022),B,gradual,0.0577,0.629,0.015168,8,,True
B_AUT_GRC,AUT→GRC (1820-2022),B,gradual,-0.0303,0.0381,0.552605,8,,False
B_BEL_PRT,BEL→PRT (1820-2022),B,gradual,-0.1008,0.4282,0.085977,8,,False
B_LKA_BGD,LKA→BGD (1820-2022),B,abrupto,-0.1979,0.2748,0.064464,8,,False
B_LKA_PAK,LKA→PAK (1820-2022),B,gradual,0.0541,0.0334,0.579201,8,,False
B_MYS_IDN,MYS→IDN (1820-2022),B,gradual,-0.0754,0.0358,0.502178,8,,False
B_MYS_PHL,MYS→PHL (1820-2022),B,gradual,-0.0391,-0.0296,0.821557,8,,False
B_THA_IDN,THA→IDN (1820-2022),B,gradual,-0.0221,0.0037,0.77158,8,,False
B_THA_PHL,THA→PHL (1820-2022),B,gradual,0.0142,-0.0135,0.919389,8,,False
B_THA_BGD,THA→BGD (1820-2022),B,gradual,-0.2733,-0.0021,0.26955,8,,False
B_IDN_PHL,IDN→PHL (1820-2022),B,gradual,0.0363,0.0416,0.595039,8,,False
B_IDN_VNM,IDN→VNM (1820-2022),B,gradual,-0.1777,0.6148,0.007178,8,,True
B_IDN_BGD,IDN→BGD (1820-2022),B,gradual,-0.2424,0.2807,0.057505,8,,False
B_PHL_BGD,PHL→BGD (1820-2022),B,gradual,-0.2585,0.6799,0.004436,8,,True
