par,b_subida,delta_caida,dias,pico
1INCHUSDT,0.507096,-0.893539,2076,2021-05-08
AAVEUSDT,0.855367,-0.302282,2147,2021-05-18
ADAUSDT,0.294197,-0.332721,3059,2021-09-03
AERGOUSDT,0.001177,-0.15268,694,2023-11-14
AIONUSDT,0.162207,-0.615603,1105,2021-05-08
AKROUSDT,0.5977,-0.616908,1515,2021-04-09
ALGOUSDT,0.119516,-0.66165,2628,2021-09-12
ALICEUSDT,0.008886,-0.954001,1996,2021-11-24
ANKRUSDT,0.419769,-0.709815,2597,2021-03-27
ANTUSDT,0.066318,-0.310808,1287,2021-12-31
ARBUSDT,-0.058458,-0.774362,1258,2024-01-11
ARDRUSDT,0.342721,-0.458637,2248,2021-04-10
ARKMUSDT,0.170649,-0.881264,1141,2024-03-09
ARPAUSDT,0.585653,-0.396387,2491,2021-11-12
ARUSDT,0.398316,-0.446808,1936,2021-11-04
ASRUSDT,0.295652,-0.373414,2071,2021-05-18
ASTUSDT,-0.020991,-0.268254,680,2024-03-08
ATMUSDT,0.275477,-0.659666,2071,2021-05-21
ATOMUSDT,0.353559,-0.68433,2682,2021-09-19
AUCTIONUSDT,-0.069907,-0.418906,1768,2025-03-21
AUDIOUSDT,0.558757,-1.165878,2139,2021-03-27
AVAUSDT,0.600926,-0.623054,2107,2021-04-13
AVAXUSDT,0.817696,-0.358779,2170,2021-11-22
AWEUSDT,0.013484,-0.160318,468,2025-09-29
AXSUSDT,1.682544,-0.957229,2127,2021-11-07
BALUSDT,0.249123,-0.75863,1710,2021-05-03
BANANAUSDT,0.03476,-0.701339,773,2024-11-27
BANDUSDT,1.166667,-0.848207,2540,2021-04-16
BARDUSDT,-0.032057,-0.648375,348,2026-03-05
BATUSDT,0.277987,-0.522786,2738,2021-11-27
BCHABCUSDT,0.245462,-0.151955,378,2019-06-26
BCHUSDT,0.209944,-0.531977,2469,2021-05-11
BEAMUSDT,-0.171393,-0.629895,1224,2021-04-13
BLZUSDT,0.172221,-0.45782,1598,2021-04-08
BNBUSDT,1.432682,-0.199534,3221,2025-10-08
BNTUSDT,0.709946,-0.749039,2399,2021-03-08
BONDUSDT,0.015291,-0.499356,1114,2021-11-09
BONKUSDT,0.151463,-0.539698,991,2024-11-21
BTCUSDT,0.742289,-0.156949,3302,2025-10-06
BTSUSDT,0.180291,-0.6881,1401,2021-04-16
BTTUSDT,-0.223004,-0.446236,1083,2021-04-04
CELOUSDT,0.084325,-0.911138,2065,2021-09-24
CELRUSDT,0.161938,-0.761049,2717,2021-09-24
CHRUSDT,0.842193,-0.611678,2308,2021-11-20
CHZUSDT,0.525975,-0.67443,2552,2021-04-16
CITYUSDT,-0.044976,-0.729046,1756,2022-04-01
COCOSUSDT,1.952466,-0.461202,1375,2021-11-24
COMPUSDT,0.273507,-0.686303,2259,2021-05-11
COSUSDT,-0.011374,-0.515983,2513,2021-12-03
COTIUSDT,0.828374,-0.674618,2379,2021-09-29
CREAMUSDT,0.207327,-0.743419,573,2024-05-19
CTKUSDT,0.276927,-0.557487,2135,2021-04-06
CTSIUSDT,0.531846,-0.732728,2322,2021-05-08
CTXCUSDT,0.320569,-0.338127,1973,2024-12-14
CVCUSDT,0.657969,-0.562646,2409,2021-09-04
CYBERUSDT,0.222661,-0.8522,1113,2024-03-31
DASHUSDT,-0.010353,-0.640994,2714,2021-05-06
DATAUSDT,0.090472,-0.611502,2139,2021-04-06
DCRUSDT,0.717695,-0.766734,2224,2021-04-16
DENTUSDT,0.165695,-0.706027,2437,2021-04-05
DGBUSDT,0.293049,-0.656113,2234,2021-05-02
DIAUSDT,0.12251,-0.559051,2188,2021-04-04
DNTUSDT,0.652333,-0.482477,714,2021-04-19
DOCKUSDT,0.335016,-0.507938,1792,2021-04-05
DOGEUSDT,0.553361,-0.367003,2615,2021-05-07
DOTUSDT,0.681401,-0.650696,2205,2021-11-04
DREPUSDT,0.462076,-0.39171,1537,2021-04-08
DUSKUSDT,0.288015,-0.268497,2598,2022-01-16
EGLDUSDT,1.031011,-0.837363,2189,2021-11-22
ENJUSDT,0.760763,-0.959888,2693,2021-11-24
EPICUSDT,0.013498,-0.701213,537,2025-08-18
ETCUSDT,-0.123216,-0.412481,3003,2021-05-06
ETHUSDT,0.704427,-0.272735,3302,2025-08-22
FETUSDT,0.415953,-0.725101,2742,2024-03-28
FILUSDT,0.12477,-1.163304,2147,2021-03-31
FIOUSDT,0.06472,-0.834063,2058,2021-04-06
FLMUSDT,0.1082,-0.747171,1872,2021-04-06
FLOKIUSDT,0.457457,-0.540422,1215,2024-06-06
FORMUSDT,0.161488,-0.84796,531,2025-08-09
FRONTUSDT,-0.378079,-0.111821,1059,2024-03-17
FTMUSDT,1.163675,-0.787694,2044,2022-01-16
FTTUSDT,0.867074,-1.421918,2137,2021-09-09
FUNUSDT,0.362672,-0.613332,2432,2021-04-04
GASUSDT,-0.03401,-0.439389,1264,2023-11-10
GFTUSDT,0.025064,-0.197489,439,2024-08-05
GHSTUSDT,-0.259323,-0.592229,1639,2024-04-03
GLMUSDT,0.002556,-0.376081,1264,2024-03-03
GMXUSDT,0.218864,-0.587218,1427,2023-04-18
GTCUSDT,0.057593,-1.077814,1909,2021-11-26
GTOUSDT,-0.091987,-0.325819,1247,2021-04-11
HARDUSDT,0.333415,-0.739312,1623,2021-03-17
HBARUSDT,0.605303,-0.656768,2529,2021-09-15
HCUSDT,-0.038864,-0.165219,413,2020-02-14
HIFIUSDT,-0.105525,-0.44901,980,2023-09-16
HIVEUSDT,0.250175,-0.651862,2318,2021-11-29
HNTUSDT,1.001455,-0.532936,751,2021-11-14
HOTUSDT,-0.144322,-0.771068,2752,2021-04-05
ICXUSDT,-0.229838,-0.959687,3002,2021-03-31
IDUSDT,-0.134131,-0.827069,1259,2024-03-17
INJUSDT,0.200521,-0.512898,2141,2024-03-12
IOSTUSDT,0.199164,-0.879683,2720,2021-09-09
IOTAUSDT,-0.261432,-0.760826,3015,2021-04-16
IOTXUSDT,0.790387,-0.565693,2483,2021-11-10
IQUSDT,0.114935,-0.666987,1075,2024-03-14
IRISUSDT,0.054846,-0.600165,1583,2021-04-11
JSTUSDT,0.027107,-0.355105,2212,2021-04-15
JUVUSDT,0.103556,-0.802874,2080,2021-05-18
KAVAUSDT,0.507891,-1.080246,2503,2021-08-23
KEYUSDT,0.289129,-0.263531,1906,2021-04-04
KITEUSDT,0.289189,-0.184501,302,2026-03-09
KMDUSDT,0.172758,-0.584075,1789,2021-04-08
KMNOUSDT,-0.056436,-0.444534,483,2025-09-18
KNCUSDT,0.174606,-0.582033,2272,2022-04-27
KSMUSDT,0.807687,-1.069081,2188,2021-05-14
LDOUSDT,0.19949,-0.551518,1576,2024-01-10
LINKUSDT,1.109503,-0.489618,2785,2021-05-09
LOOMUSDT,0.003504,-0.188614,522,2023-10-14
LPTUSDT,-0.016486,-0.536528,1922,2021-11-10
LRCUSDT,0.51504,-0.79477,2120,2021-11-24
LSKUSDT,0.229854,-0.711292,2399,2021-05-11
LTCUSDT,-0.221629,-0.223047,3184,2021-05-09
LTOUSDT,0.509839,-0.459545,1975,2021-04-06
LUNAUSDT,1.7464,-1.144307,2185,2022-04-04
MANAUSDT,0.934737,-0.760348,2217,2021-11-25
MASKUSDT,0.279831,-0.507568,1925,2021-11-26
MATICUSDT,1.261538,-0.374884,1965,2021-12-26
MAVUSDT,0.173822,-1.014594,1161,2024-04-01
MBLUSDT,0.187586,-0.59294,2384,2021-04-02
MDTUSDT,0.52771,-0.236435,2149,2021-12-25
MEMEUSDT,0.019495,-1.235514,1033,2024-03-03
MFTUSDT,0.49372,-0.267799,1226,2021-04-02
MITHUSDT,-0.47983,-0.463889,1344,2021-04-08
MKRUSDT,0.466013,-0.483687,1881,2021-05-03
MTLUSDT,0.14951,-0.494092,2566,2021-04-04
NANOUSDT,0.056815,-0.232686,1028,2021-04-17
NBSUSDT,0.434381,-0.49129,764,2021-04-05
NEARUSDT,0.717395,-0.301527,2148,2022-01-14
NKNUSDT,0.142435,-0.730142,2318,2021-04-09
NMRUSDT,0.022912,-0.342614,2204,2021-04-17
NTRNUSDT,0.548297,-1.133729,905,2024-02-16
NUUSDT,0.042479,-0.206425,258,2021-10-16
OCEANUSDT,0.259678,-0.496183,1413,2021-04-08
OGNUSDT,0.154307,-0.964146,2427,2021-04-08
OGUSDT,-0.069032,-0.637453,2071,2025-09-10
OMGUSDT,0.43473,-0.778195,1903,2021-11-04
OMUSDT,0.124644,-1.358085,1821,2025-02-23
ONEUSDT,0.68761,-0.830457,2649,2022-01-14
ONGUSDT,-0.212385,-0.599896,2754,2021-05-20
OPUSDT,0.324963,-0.897266,1553,2024-03-09
ORNUSDT,0.528508,-0.94467,1477,2021-03-22
OSMOUSDT,-0.264153,-1.044049,1404,2024-01-04
OXTUSDT,0.264983,-0.680555,2041,2021-04-16
PAXGUSDT,0.148867,-0.060111,2195,2026-01-28
PENDLEUSDT,0.45182,-0.242736,1156,2024-04-10
PENGUUSDT,-0.285092,-0.55975,623,2025-07-27
PEPEUSDT,0.723207,-0.444481,1215,2024-12-09
PERLUSDT,-0.027238,-0.60598,1565,2021-04-08
PERPUSDT,0.185709,-0.944419,1700,2021-09-06
PHBUSDT,0.058502,-0.779667,1287,2024-03-10
PNTUSDT,0.12559,-0.70938,1382,2021-05-05
POLSUSDT,0.170808,-0.643892,1161,2021-12-01
POLYXUSDT,0.03529,-0.665578,1415,2024-03-31
POWRUSDT,-0.37169,-0.495367,1749,2024-01-06
PROMUSDT,0.161371,-0.196135,1264,2024-04-11
PROSUSDT,-0.107306,-0.340261,811,2024-11-14
PSGUSDT,0.212017,-0.914416,2080,2021-04-26
QKCUSDT,0.000328,-0.366275,1264,2024-03-12
QTUMUSDT,-0.413074,-0.571919,3088,2021-05-09
REEFUSDT,0.438726,-0.882475,1337,2021-05-11
REIUSDT,-0.106783,-0.57877,1324,2024-03-28
RENDERUSDT,0.078978,-0.340473,767,2024-12-06
RENUSDT,0.728777,-0.938226,1904,2021-02-19
REPUSDT,0.097917,-0.436208,924,2021-04-09
RLCUSDT,0.388776,-0.41543,2483,2021-05-10
RNDRUSDT,-0.055529,-0.095384,969,2024-03-17
ROSEUSDT,0.473883,-0.602311,2112,2022-01-14
RSRUSDT,0.481181,-0.713308,2196,2021-04-16
RUNEUSDT,0.991495,-0.538112,2188,2021-05-18
RVNUSDT,0.049201,-0.744013,2533,2021-04-14
SANDUSDT,1.063815,-0.94032,2209,2021-11-28
SANTOSUSDT,0.171776,-0.502732,1735,2022-09-27
SCUSDT,0.409359,-0.665469,2248,2021-04-17
SEIUSDT,0.588744,-0.622585,1113,2024-03-15
SHIBUSDT,0.019369,-0.284575,1940,2021-10-27
SIGNUSDT,-0.052564,-0.530691,491,2025-09-23
SKYUSDT,0.041969,-0.141921,349,2026-04-27
SNTUSDT,0.087538,-0.278383,699,2024-12-07
SNXUSDT,0.32789,-0.945581,2245,2021-02-12
SOLUSDT,0.901637,-0.182074,2212,2025-01-18
SRMUSDT,0.41982,-0.775703,840,2021-09-12
SSVUSDT,-0.096838,-0.828619,1285,2024-03-25
STGUSDT,-0.106506,-0.448048,1474,2023-02-18
STMXUSDT,0.400829,-0.652602,1720,2021-04-02
STORJUSDT,0.236387,-0.654602,2224,2021-03-27
STOUSDT,-0.061034,-0.422287,487,2026-04-01
STPTUSDT,0.488618,-0.445259,1882,2021-10-07
STRAXUSDT,0.511519,-1.320029,2106,2021-05-10
STXUSDT,0.59706,-0.748567,2503,2024-03-24
SUIUSDT,0.268687,-0.45733,1217,2025-01-04
SUNUSDT,0.034789,-2.327283,2168,2021-04-04
SUSHIUSDT,0.590939,-0.996626,2191,2021-03-13
SXPUSDT,0.050418,-0.898566,2082,2021-05-03
SYNUSDT,-0.235863,-0.913457,1287,2024-03-06
TAOUSDT,0.027818,-0.141627,873,2024-12-08
TCTUSDT,0.322784,-0.394259,1008,2021-05-08
TFUELUSDT,0.677508,-0.739603,2657,2021-06-20
THETAUSDT,0.807742,-0.791902,2701,2021-04-16
TOMOUSDT,0.535662,-0.623287,1550,2021-09-06
TRBUSDT,-0.158319,-0.552542,2194,2023-12-30
TROYUSDT,0.030029,-0.602769,1960,2021-04-17
TRUUSDT,-0.11053,-0.790691,1926,2021-08-11
TRXUSDT,0.492397,-0.083672,3004,2024-12-03
TWTUSDT,0.225522,-0.19541,2043,2022-12-11
UFTUSDT,-0.040123,-0.409701,762,2024-03-17
UMAUSDT,-0.08518,-0.901226,2183,2021-02-04
UNIUSDT,0.725464,-0.376724,2175,2021-05-04
UTKUSDT,0.519772,-0.801472,2021,2021-05-05
VETUSDT,0.15168,-0.592061,2960,2021-04-18
VIBUSDT,-0.121221,-0.262187,799,2024-03-08
VITEUSDT,0.31539,-0.653624,1901,2021-04-09
VTHOUSDT,0.387904,-0.60483,2237,2021-04-16
WANUSDT,0.238408,-0.649769,2432,2021-04-11
WAVESUSDT,0.665126,-0.546266,1978,2022-03-31
WBETHUSDT,0.159047,-0.251095,1140,2025-08-22
WBTCUSDT,0.434725,-0.157568,1222,2025-10-06
WINUSDT,-0.235818,-0.836394,2588,2021-04-05
WLDUSDT,0.264908,-0.744057,1135,2024-03-09
WNXMUSDT,0.103977,-0.560802,1390,2021-05-09
WRXUSDT,0.13993,-0.843601,1786,2021-04-07
WTCUSDT,0.258908,-0.652615,1340,2021-04-08
XLMUSDT,-0.166797,-0.421739,3015,2021-05-11
XMRUSDT,0.240746,-0.134663,1804,2021-05-09
XRPUSDT,0.252918,-0.325539,3042,2025-07-22
XTZUSDT,0.405333,-0.647734,2534,2021-10-03
XVSUSDT,1.091168,-0.462987,2156,2021-05-09
XZCUSDT,0.138961,-0.249565,294,2020-08-08
YFIUSDT,0.357264,-0.65411,2213,2021-05-11
ZENUSDT,0.701652,-0.702757,2248,2021-05-14
ZILUSDT,0.256883,-0.83494,2751,2021-04-16
ZKUSDT,-0.0626,-0.747821,806,2024-12-07
ZROUSDT,0.068681,-0.402721,803,2024-12-06
ZRXUSDT,0.241057,-0.519949,2742,2021-04-13
