bloque,cifra,publicado,recomputado,estado
1_master_cifras,n_total,721,721,REPLICA
1_master_cifras,n_sig,644,644,REPLICA
1_master_cifras,pct_sig,89.3,89.3,REPLICA
1_master_cifras,b_mean,0.3656,0.3656,REPLICA
1_master_cifras,b_median,0.1791,0.1791,REPLICA
1_master_cifras,pct_b_pos,74.1,74.1,REPLICA
1_master_cifras,pct_b_super,14.1,14.1,REPLICA
2_autocorr_B,dw_mediana,0.112,0.112,REPLICA
2_autocorr_B,pct_dw_lt1,99.8,99.8,REPLICA
2_autocorr_B,rho_ar1_mediana,0.944,0.944,REPLICA
2_autocorr_B,n_eff_mediana,2.2,2.21,REPLICA
2_autocorr_B,casos_neff_lt3,290,290,REPLICA
3_correccion_ar1,B_sig_publicado,374,374,REPLICA
3_correccion_ar1,B_estimables (n_eff>=3),156,156,REPLICA
3_correccion_ar1,B_no_estimables (n_eff<3),290,290,REPLICA
3_correccion_ar1,B_sig_estimables_cota_inf (SE inflado),33/156,33/156,REPLICA
3_correccion_ar1,B_sig_estimables_cota_sup (solo gl),112/156,112/156,REPLICA
3_correccion_ar1,B_sig_estimables_rango,33 (21.2%) - 112 (71.8%),33 (21.2%) - 112 (71.8%),RANGO
3_correccion_ar1,B_series_reconstruidas,446 casos (b publicado),446/446 con |b - b_publicado| <= 1e-4,REPLICA
3_correccion_ar1,B_sig_Newey-West_rezago_estandar,cotas AR(1) 33-112 de 156 estimables,"NW p<0.05: 120/156 estimables; 326/446 todos (rezago 4); FUERA de la cota superior: NW estandar subcorrige con rho~0.94, el valor puntual sigue abierto (GLS/bloques)",INFO
3_correccion_ar1,nota_metodo,"AR(1) analitico. Reportar significancia ENTRE los estimables (n_eff>=3); los no estimables (n_eff<3) son no estimables, no no-significativos. Rango [SE inflado, solo gl]; valor puntual pendiente de Newey-West/GLS.",,INFO
4_rc1_aic,potencia_gana,13/18,13/18,REPLICA
4_rc1_aic,exponencial_gana,4/18,4,REPLICA
4_rc1_aic,lineal_gana,1/18,1,REPLICA
4_rc1_aic,spearman_b_vs_dAIC,-0.657 (p=0.003),rho=-0.796 p=0.0001,REPLICA_SIGNO
4_rc1_aic,superlineales_b>=1,4,4,REPLICA
5_p_truncados,corpus_p_igual_0,557,557,REPLICA
5_p_truncados,B_p_igual_0,n/d,294,INFO
6_soberania,ASI_soberano_min,1.0874,1.0874,INFO
6_soberania,ASI_no_soberano_max,0.9126,0.9126,INFO
6_soberania,separacion_perfecta,esperada,SI,CIRCULAR
6_soberania,pct_soberanos,0.27%,13/4774 = 0.27%,REPLICA
7_asi_formula,error_max (ASI_raw),~2e-14,0.00e+00,REPLICA
8_fdr,corpus_rechazos_FDR5pct,n/d,642,INFO
8_fdr,caveat,557 p truncados a 0 -> FDR no exacto,,INFO
9_nbody,b,-0.473,-0.4732,REPLICA
9_nbody,n_entidades,32,32,REPLICA
9_nbody,refit_desde_crudo,requiere serie rank-size de 32 entidades,archivo es solo resumen (1 fila) — no recomputable aquí,NO_REPRODUCIBLE
9_nbody,caveat,rank-size sobre 32 entidades da R2 alto por construccion; comparar vs lognormal (Clauset 2009),,INFO
10_reproducibilidad,data/maddison_mpd2020.csv,edicion del corpus (MPD2020),PRESENTE,OK
10_reproducibilidad,data/owid-maddison.csv,edicion OWID 2026-07-25 (discriminante),PRESENTE,OK
10_reproducibilidad,regenerar_B:expand_B_massive.py+MPD2020,446 casos (b medio +0.0916),446 casos (b medio +0.0916); 446 pares comunes; b identico 446/446; corr(b)=1.000; signo coincide 446/446; SHA-256 IDENTICO,REPLICA
10_reproducibilidad,sensibilidad_edicion:expand_B_massive.py+OWID,446 casos (b medio +0.0916),441 casos (b medio +0.0883); 408 pares comunes; b identico 12/408; corr(b)=0.979; signo coincide 396/408; SHA-256 distinto,PARCIAL
10_reproducibilidad,script_previo:expand_dominio_B.py+OWID,446 casos (b medio +0.0916),254 casos (b medio +0.0608); 232 pares comunes; b identico 7/232; corr(b)=0.971; signo coincide 223/232; SHA-256 distinto,PARCIAL
11_no_reproducible,"5.9x_abrupto_gradual (U=24802,n=486)",README,corpus v5 sin variable trigger utilizable; n=486 no es subconjunto de ningun conjunto del repo,NO_REPRODUCIBLE
11_recalculo_trigger,ACO v29 (18 casos),ACTIVO,razon medias=0.467869; p2=0.101102; p1(abr>grad)=0.95843,INFO
11_recalculo_trigger,ACO v29 (intra-dominio),ACTIVO,razon medias=-; p2=0.9375; p1(abr>grad)=0.4375,INFO
11_recalculo_trigger,v1.0 Maddison resumen (4 casos),HISTÓRICO (no citable),razon medias=5.86629; p2=0.333333; p1(abr>grad)=0.166667,INFO
11_recalculo_trigger,v2.0 corpus 57 casos,HISTÓRICO (no citable),razon medias=6.32581; p2=0.0533919; p1(abr>grad)=0.026696,INFO
11_no_reproducible,ROC-AUC 0.715 (ASI),README,target de retencion no está en snt_asi_scores.csv,NO_REPRODUCIBLE
11_rc9_orthogonalidad,RC9 rho=+0.009 crypto n=11,rho=+0.009 p=0.98 n=11,rho=+0.009 p=0.98 n=11 (orthogonality_crypto_v25.csv),REPLICA
11_e3_series_crudas,E3 reproducido desde OWID crudo,234 casos (b publicado),233/234 dentro de +/-0.01,PARCIAL
11_e3_series_crudas,E3 correccion AR(1) (cotas),-,estimables 198/234; significativos entre estimables 176-196,RANGO
11_e3_series_crudas,E3 Newey-West rezago estandar,-,NW p<0.05: 233/234 (subcorrige con rho mediana ~0.78; usar la cota AR(1) inferior como cifra conservadora),INFO
