punto,brazo,asc_sig,b_primera_mediana,b_ultima_mediana,cantidad,casos,cruzan_1,deriva_mediana,deriva_simulada,desc_sig,excluidos_por_ventanas,frac_asc,frac_cruzan,frac_desc,friccion,ic_hi,ic_lo,veredicto
P1_deriva_por_brazo,Dominio B,53,,,cociente,446,,-0.0026,,45,0,0.1188,,0.1009,alta (3),,,
P1_deriva_por_brazo,Cripto,21,,,cociente,571,,-0.6224,,317,0,0.0368,,0.5552,~0,,,
P1_deriva_por_brazo,npm,47,,,nivel,450,,-0.0027,,67,0,0.1044,,0.1489,~0,,,
PRINCIPAL_dif_B_menos_cripto,B-Cripto,,,,,,,,,,,,,-0.4543,,-0.4028,-0.5052,CONTRARIO A LA PREDICCION
S1_cruce_1,Dominio B,,0.0152,-0.0619,,,0,,,,,,0.0,,,,,
S1_cruce_1,Cripto,,-0.2208,-2.3234,,,2,,,,,,0.0035,,,,,
S1_cruce_1,npm,,0.3216,1.858,,,43,,,,,,0.0956,,,,,
S3_supervivencia_npm,extinguidos,,,,,41,,,,7,,,,0.1707,,,,
S3_supervivencia_npm,persistentes,,,,,409,,,,60,,,,0.1467,,,,
PODER_anadido,Dominio B,,,,,60,,,1.5->0.5,,,,,0.3167,,,,
PODER_anadido,Dominio B,,,,,60,,,1.0->0.5,,,,,0.2333,,,,
PODER_anadido,Cripto,,,,,60,,,1.5->0.5,,,,,0.1167,,,,
PODER_anadido,Cripto,,,,,60,,,1.0->0.5,,,,,0.0667,,,,
PODER_anadido,npm,,,,,60,,,1.5->0.5,,,,,0.0667,,,,
PODER_anadido,npm,,,,,60,,,1.0->0.5,,,,,0.05,,,,
LIM1_cripto_agrupada,Cripto,,,,,36,,,,,,,,0.4912,,,,
