id,b,region,nodo,share_media,share_inicial
B001,-0.192,Europa_Occidental,France,0.14986567671820222,0.3775735347838158
B002,0.1947,Europa_Occidental,United Kingdom,0.09110829008702219,0.14532823523076094
B003,0.1472,Europa_Occidental,United Kingdom,0.0550190075826551,0.056772039420539606
B004,0.0942,Europa_Occidental,United Kingdom,0.045869686547290144,0.05593192956001938
B005,0.1522,Europa_Occidental,United Kingdom,0.017239309390843477,0.012817060692552102
B006,0.2022,Europa_Occidental,United Kingdom,0.006790597084563732,0.0
B007,0.273,Europa_Occidental,United Kingdom,0.03769106537529493,0.045527492056653567
B008,0.2569,Europa_Occidental,United Kingdom,0.023095284251546704,0.029199202972696427
B009,-0.3425,Europa_Occidental,Portugal,0.23769351932348137,0.5570613409415122
B010,0.2628,Europa_Occidental,United Kingdom,0.05388414641857635,0.07411996171600263
B011,0.1071,Europa_Occidental,United Kingdom,0.0020019328443561684,0.001324806967547667
B012,0.0027,Europa_Occidental,France,0.11622053587364739,0.12789865131434752
B013,-0.0447,Europa_Occidental,France,0.04449669455236527,0.01296082528456829
B014,-0.0978,Europa_Occidental,France,0.11821202271541609,0.10283910750032878
B015,-0.0397,Europa_Occidental,France,0.06389891526092913,0.05803878019200141
B016,0.0102,Europa_Occidental,France,0.0097449842129913,0.0
B017,0.0811,Europa_Occidental,France,0.09222737331329994,0.042900770051288055
B018,0.0649,Europa_Occidental,France,0.040220413765218906,0.03712903838566858
B019,-0.1505,Europa_Occidental,Portugal,0.17687993234322802,0.02674750356633381
B020,0.1149,Europa_Occidental,France,0.004052984105320684,4.2456823533307806e-05
B021,0.0092,Europa_Occidental,France,0.005428300437991833,0.005228063346600497
B022,0.0475,Europa_Occidental,Netherlands,0.19800743795037584,0.17411509836122854
B023,-0.1005,Europa_Occidental,Germany,0.05174803955278037,0.0625901801541823
B024,-0.0425,Europa_Occidental,Germany,0.05362954850013469,0.0696396916354042
B025,0.0075,Europa_Occidental,Germany,0.04373224747394043,0.0
B026,-0.0783,Europa_Occidental,Italy,0.17101468303749293,0.2076989786085951
B027,-0.0622,Europa_Occidental,Spain,0.14948521008727206,0.11172955237872043
B028,-0.1478,Europa_Occidental,Portugal,0.12946704545908327,0.144793152639087
B029,0.0814,Europa_Occidental,Germany,0.0035739601346180786,0.0
B030,-0.0651,Europa_Occidental,Germany,0.004858391859397276,0.004329744282404215
B031,-0.053,Europa_Occidental,Netherlands,0.163180501726076,0.1286557881127922
B032,0.005,Europa_Occidental,Netherlands,0.022414783483031435,0.0023760438869282648
B033,0.055,Europa_Occidental,Netherlands,0.011455324909213608,0.0
B034,-0.1258,Europa_Occidental,Italy,0.029216739016667125,0.01819407008086254
B035,0.1097,Europa_Occidental,Netherlands,0.01694013478572014,0.008673679009428264
B036,-0.1953,Europa_Occidental,Portugal,0.03898779426256292,0.016212440976803726
B037,0.1647,Europa_Occidental,Netherlands,0.006433837099817806,0.002227833061042626
B038,0.0051,Europa_Occidental,Netherlands,0.007403528571654541,0.0066093167598266995
B039,0.058,Europa_Occidental,Belgium,0.02091107638014109,0.014933877266424013
B040,0.108,Europa_Occidental,Belgium,0.008017412150664757,0.0007897399168594493
B041,-0.1788,Europa_Occidental,Italy,0.029835401777773603,0.024474850645596454
B042,-0.1627,Europa_Occidental,Spain,0.0329625109978314,0.045406608858682924
B043,-0.2483,Europa_Occidental,Portugal,0.04176770091699489,0.025331939026255818
B044,0.1844,Europa_Occidental,Belgium,0.00431379525699685,0.004001493094438224
B045,0.0004,Europa_Occidental,Belgium,0.02199455160130103,0.02137649995200096
B046,-0.05,Europa_Occidental,Austria,0.06885208150175921,0.0
B047,-0.1208,Europa_Occidental,Italy,0.0708570295444186,0.18775293890923106
B048,-0.1047,Europa_Occidental,Spain,0.022754776337381682,0.0024021560815561285
B049,-0.1903,Europa_Occidental,Portugal,0.017143721993038163,4.9572071480480015e-05
B050,0.1278,Europa_Occidental,Switzerland,0.005116157015719443,0.19096961740435106
B051,0.0029,Europa_Occidental,Switzerland,0.0019400895166208055,0.0037554626215295837
B052,-0.0708,Europa_Occidental,Italy,0.029820590676305138,0.0
B053,-0.0547,Europa_Occidental,Spain,0.006344892703548363,0.0
B054,-0.1403,Europa_Occidental,Portugal,0.01168656083863672,6.080868005535136e-05
B055,0.0275,Europa_Occidental,Austria,0.0015208228343248198,0.0
B056,-0.1147,Europa_Occidental,Austria,0.0010918387092266333,0.0007781029664286032
B057,-0.0162,Europa_Occidental,Italy,0.02839192367157894,0.013297359799576025
B058,-0.0694,Europa_Occidental,Portugal,0.04194112501721093,0.014945844025490932
B059,0.0005,Europa_Occidental,Italy,0.0030109804154733726,0.0009651178822556182
B060,-0.0855,Europa_Occidental,Italy,0.0015821776266245493,0.001144142771460641
B061,-0.0856,Europa_Occidental,Portugal,0.09722329121510304,0.2553495007132668
B062,0.0056,Europa_Occidental,Spain,0.005560502669639816,2.972934405175284e-05
B063,-0.2223,Europa_Occidental,Spain,0.0013261350036197419,0.0015433593137609313
B064,-0.0774,Europa_Occidental,Portugal,0.0067682258640318045,0.01934984520123839
B065,-0.1991,Europa_Occidental,Portugal,0.0016914721500917854,0.0029675733030749213
B066,-0.2421,Europa_Occidental,Ireland,0.0011266966854617492,0.0003879237171684202
B067,0.1347,Europa_Nordica,Sweden,0.08700819000314959,0.06249548964422314
B068,-0.1121,Europa_Nordica,Sweden,0.08587282618431469,0.11584869346361684
B069,0.0767,Europa_Nordica,Sweden,0.048054057501390676,0.025553560434170428
B070,0.0834,Europa_Nordica,Sweden,0.0020841840301910365,0.001106662105877382
B071,0.2468,Europa_Nordica,Denmark,0.05929437209470613,0.03116964076989013
B072,0.058,Europa_Nordica,Finland,0.02535449686641646,0.011428571428571429
B073,-0.1949,Europa_Nordica,Norway,0.005149080451850056,0.0017136002741760436
B074,-0.1888,Europa_Nordica,Finland,0.056379169307558236,0.6594285714285714
B075,0.0556,Europa_Nordica,Denmark,0.005390597631089425,0.005254466296351899
B076,-0.0412,Europa_Nordica,Finland,0.001955603055259776,0.003007217321571772
B077,0.0201,Europa_Este,Poland,0.04836643218366566,0.02426427950872731
B078,-0.0428,Europa_Este,Poland,0.022042262202732994,0.0007771731802198546
B079,0.4294,Europa_Este,Poland,0.03173111337053121,0.10977203115740773
B080,0.0645,Europa_Este,Poland,0.010235610607031978,0.00020556230616815155
B081,-0.0597,Europa_Este,Poland,0.039455397531234795,0.07963567997627405
B082,-0.3648,Europa_Este,Poland,0.01794936525894446,0.013405620113247427
B083,-0.1119,Europa_Este,Poland,0.018568827021683512,0.009248944474793347
B084,0.0815,Europa_Este,Poland,0.003041030564215344,0.0017189191978950525
B086,0.0938,Europa_Este,Poland,0.0033777542584387103,0.0009581409485069726
B087,0.0455,Europa_Este,Hungary,0.027835782580018013,0.021551046776153902
B088,-0.1326,Europa_Este,Romania,0.008783464312925203,0.001864507022634443
B089,0.1785,Europa_Este,Bulgaria,0.007058926353095194,0.005439513329733642
B090,0.1287,Europa_Este,Russia,0.018218614762752577,0.02959699033685625
B091,0.3258,Europa_Este,Ukraine,0.016184448934144537,0.02785367958819185
B092,0.0225,Europa_Este,Slovakia,0.19376965301137383,0.4444714651318275
B093,0.143,Europa_Este,Croatia,0.00929443446201986,0.0
B095,-0.1645,Europa_Este,Czechia,0.0076898882548570805,0.008897978591170981
B096,-0.4798,Europa_Este,Romania,0.0423796458086427,0.018787526631803213
B097,-0.1383,Europa_Este,Bulgaria,0.03061689758642456,0.039454979158133154
B098,-0.0178,Europa_Este,Hungary,0.03470697027412802,0.10840650498741577
B099,0.3036,Europa_Este,Ukraine,0.018600676484196662,0.0
B100,-0.0331,Europa_Este,Hungary,0.02922956578164458,0.010632289536073121
B101,0.1026,Europa_Este,Hungary,0.009054611900516442,0.008939310680456034
B103,0.1149,Europa_Este,Hungary,0.012737940801216626,0.018861753459715483
B104,-0.3366,Europa_Este,Romania,0.04364635793176342,0.008575278696557637
B105,-0.3336,Europa_Este,Romania,0.020186828166833908,0.08975723014817137
B106,-0.4408,Europa_Este,Romania,0.012128444995415114,0.02396653566906457
B107,-0.1618,Europa_Este,Romania,0.006449280756420087,0.0014988373864419753
B108,-0.2735,Europa_Este,Romania,0.00350556255890461,0.0007247025229641064
B110,-0.2611,Europa_Este,Romania,0.004624846808939939,0.0029951192429345506
B111,0.0552,Europa_Este,Bulgaria,0.04361839785762177,0.17595740644263694
B112,-0.1682,Europa_Este,Bulgaria,0.013649103239410345,0.0
B113,0.0858,Europa_Este,Bulgaria,0.004111620604665837,0.004279280615665774
B114,0.1153,Europa_Este,Bulgaria,0.005306635027274233,0.0
B116,0.1276,Europa_Este,Bulgaria,0.007078912881477711,0.008370393335429856
B117,0.2199,Europa_Este,Ukraine,0.22986735604557704,0.0
B118,0.0288,Europa_Este,Russia,0.018076919513366194,0.027227277698138
B119,-0.0257,Europa_Este,Croatia,0.023241776074556228,0.031147810192920077
B121,0.0239,Europa_Este,Russia,0.001878152987372734,0.004051007744316972
B122,0.2701,Europa_Este,Ukraine,0.013944710442359648,0.03692058606317065
B123,0.1611,Europa_Este,Ukraine,0.0015161031556378754,0.0
B125,0.1311,Europa_Este,Ukraine,0.0007139181520654448,0.0010516605939092775
B126,0.1029,Europa_Este,Croatia,0.006682827696131772,0.00447790677195638
B128,-0.1454,Europa_Este,Slovakia,0.008043104739800713,0.0048615588667523715
B130,0.0124,Europa_Este,Croatia,0.11888238249978295,0.17713197389652857
B132,0.0004,Europa_Sur,Italy,0.015514978086668097,0.005347851223742533
B133,0.073,Europa_Sur,Italy,0.015904812173245225,0.04352371921122377
B134,0.1828,Europa_Sur,Italy,0.0018822339772536312,0.0033727973336123537
B135,0.391,Europa_Sur,Italy,0.0030347525583643052,0.0022833191966711163
B136,0.0166,Europa_Sur,Spain,0.005141631791481843,6.711634618611363e-05
B137,-0.0684,Europa_Sur,Turkey,0.02110369557772456,0.020261675449754678
B138,0.046,Europa_Sur,Spain,0.001097892893043862,0.0009546826337609928
B139,0.2542,Europa_Sur,Spain,0.0006929829766475076,0.0005188239551770137
B140,-0.069,Europa_Sur,Portugal,0.004544530735929844,0.009331972939055995
B141,-0.0126,Europa_Sur,Portugal,0.003548402512359295,0.001290950388975358
B142,0.0693,Europa_Sur,Portugal,0.0015492287085409405,0.005600896860412464
B143,0.2775,Europa_Sur,Portugal,0.0002819785712386736,5.315049802960075e-05
B144,-0.0854,Europa_Sur,Turkey,0.026478512422384505,0.006360167181537342
B145,0.09,Europa_Sur,Greece,0.02934407105579637,0.017319198068647
B146,0.2982,Europa_Sur,Greece,0.0024070734197103308,0.0010857527523832273
B147,0.109,Europa_Sur,Turkey,0.0007198545029879124,0.0021989298541376526
B148,0.3172,Europa_Sur,Turkey,0.0008743377418719603,0.0008161266628580754
B149,-0.2082,Europa_Sur,Malta,0.003313987017318141,0.0
B150,0.1064,Norteamerica,United States,0.20562725044528818,0.09152952420775962
B151,-0.0933,Norteamerica,Mexico,0.6825417385507677,0.8147415984185258
B152,0.0132,Norteamerica,Mexico,0.03558547567686205,0.002821409020086748
B153,-0.2729,Centroamerica,Mexico,0.00445860092210916,0.0009264328125657977
B154,0.3827,Centroamerica,Honduras,0.007391794198740435,0.00038159734102972774
B155,-0.1045,Centroamerica,Mexico,0.0024863286051755996,0.0013014902062861977
B156,-0.1223,Centroamerica,Mexico,0.0015921075173528393,0.0021474588403722263
B157,-0.3085,Centroamerica,Mexico,0.008220557432150903,0.059435926556880556
B158,-0.1363,Centroamerica,Mexico,0.0023099717394303673,0.0019522353094292967
B159,-0.4135,Centroamerica,Mexico,0.0015331800673595074,0.0021474588403722263
B160,0.1205,Centroamerica,Mexico,0.002253899134475689,0.0011483453387618752
B161,0.1098,Centroamerica,Honduras,0.02001758254686502,0.0020746887966804984
B162,0.1684,Centroamerica,Guatemala,0.03481828399791298,0.0
B163,0.2214,Centroamerica,Guatemala,0.00893342461400763,0.0017335665768363985
B164,0.0322,Centroamerica,Cuba,0.0003192079775527918,1.112704132527513e-05
B165,-0.1366,Centroamerica,El Salvador,0.10600007964861757,0.001813516135759818
B166,0.1406,Centroamerica,Nicaragua,0.019321325187095388,0.0
B167,0.3464,Centroamerica,Guatemala,0.004825778780268056,0.0
B168,0.2782,Centroamerica,Honduras,0.010954411838293227,0.0034352456200618347
B169,0.3313,Centroamerica,Honduras,0.0032619601199693044,9.32753160867274e-05
B170,0.0776,Centroamerica,Honduras,0.012500286810279076,0.5109197484416947
B171,0.2464,Centroamerica,Honduras,0.040638696286158946,8.334722453742292e-05
B172,-0.0307,Centroamerica,Honduras,0.012157744870397462,0.006442770625651599
B173,0.3454,Centroamerica,Honduras,0.006671314636397764,0.0
B174,-0.053,Centroamerica,Panama,0.03265047932750252,0.06660874601795541
B175,0.2006,Centroamerica,Cuba,0.0006575445444169279,1.112704132527513e-05
B176,0.0318,Centroamerica,El Salvador,0.03638838684965928,0.0030243459851807047
B177,0.309,Centroamerica,Nicaragua,0.04201189511723666,0.04366518876796991
B178,-0.1744,Centroamerica,Dominican Republic,0.0010352212272561605,0.0
B179,0.1925,Centroamerica,Cuba,0.0008814532901521925,0.0001453389026193134
B180,0.0849,Centroamerica,El Salvador,0.008037362593505407,0.013105499269116389
B181,0.362,Centroamerica,Nicaragua,0.0053560823616207775,0.001451898796679162
B182,0.0006,Centroamerica,Dominican Republic,0.001008883902168214,0.0
B183,0.1688,Centroamerica,Cuba,0.0001119695661684438,5.563520662637565e-07
B184,0.1084,Centroamerica,Nicaragua,0.05319709500158685,0.0066844919786096255
B185,0.3336,Centroamerica,Cuba,0.005693694214435651,0.00016516516516516518
B186,0.2771,Centroamerica,Nicaragua,0.03881744318035154,0.005038291011688835
B187,0.2657,Centroamerica,El Salvador,0.004228334426712798,0.0
B188,0.5657,Centroamerica,Nicaragua,0.002366391904874975,0.0
B189,-0.4744,Sudamerica,Brazil,0.06407827932964758,0.030051884450076196
B190,-0.3934,Sudamerica,Brazil,0.01221295831522191,0.004708984742889433
B191,-0.4215,Sudamerica,Brazil,0.011978055516029582,0.01078785595643761
B192,-0.348,Sudamerica,Brazil,0.005558762916199517,0.0
B193,0.4917,Sudamerica,Bolivia,0.08975358600219809,0.00015576885652926066
B194,0.2576,Sudamerica,Peru,0.02780213529899365,0.04814440884963303
B195,-0.1301,Sudamerica,Brazil,0.005178754156716136,0.0006646701943421796
B196,-0.0188,Sudamerica,Brazil,0.01014350214966711,0.006625821773999244
B197,-0.2022,Sudamerica,Brazil,0.002349166608855787,0.0005679275806285066
B198,-0.081,Sudamerica,Chile,0.03575129568157544,0.0028845995351673894
B199,-0.0528,Sudamerica,Uruguay,0.07188106494409473,0.0964102564102564
B200,-0.0598,Sudamerica,Paraguay,0.19222474257163108,0.19736158720265917
B201,0.0173,Sudamerica,Bolivia,0.12595284914256602,0.009950198922718497
B202,-0.2167,Sudamerica,Peru,0.03948824172647101,0.0002505980439576572
B203,-0.3442,Sudamerica,Colombia,0.007137003213415177,0.004287718933527364
B204,-0.4555,Sudamerica,Venezuela,0.011888849074641347,0.00021716988548631938
B205,-0.2721,Sudamerica,Ecuador,0.015009667697313362,0.002801041987619395
B206,-0.0282,Sudamerica,Chile,0.0036497284660705646,0.0037087708309295002
B207,0.0475,Sudamerica,Paraguay,0.0373245457932652,9.089020463280356e-06
B208,0.0983,Sudamerica,Bolivia,0.014737157903682187,0.003046716316858497
B209,-0.1357,Sudamerica,Peru,0.06331273887546829,0.14143775569842199
B210,-0.2632,Sudamerica,Colombia,0.012349197921635502,0.000681454223312549
B211,0.3746,Sudamerica,Chile,0.007810368004308837,0.00015307744541219047
B212,-0.1912,Sudamerica,Ecuador,0.04139263221918581,0.04690990320178704
B213,-0.0145,Sudamerica,Paraguay,0.04692152994637168,0.031162355874104077
B214,0.0702,Sudamerica,Bolivia,0.0008943636379790247,0.0
B215,-0.1639,Sudamerica,Peru,0.005067220817538338,0.040566360480792506
B216,-0.2914,Sudamerica,Colombia,0.00048142920627762233,0.0
B217,-0.4027,Sudamerica,Venezuela,0.005225626909123757,0.021496130696474634
B218,-0.2193,Sudamerica,Ecuador,0.006879662952885988,0.01003936866713039
B219,0.1585,Sudamerica,Bolivia,0.00209136077449282,0.0
B220,0.0248,Sudamerica,Peru,0.00014526552239586967,0.0
B221,-0.0899,Sudamerica,Colombia,0.0001128793953310364,0.0
B222,0.0163,Sudamerica,Paraguay,0.006130907070078885,0.0
B223,-0.1335,Sudamerica,Ecuador,0.00012620676222204494,0.0
B224,-0.2341,Sudamerica,Peru,0.014611303675239915,0.027469316189362946
B225,0.3616,Sudamerica,Bolivia,0.030863385301133205,0.0
B226,0.4729,Sudamerica,Bolivia,0.008236142582993891,0.0
B227,0.2895,Sudamerica,Bolivia,0.002955022857444224,0.0
B228,0.1275,Sudamerica,Peru,0.019967127612707716,0.05516510631876125
B229,0.2388,Sudamerica,Peru,0.013797045685515449,0.001149273048307526
B230,0.0554,Sudamerica,Peru,0.008706103271366056,0.012273524254821741
B231,0.1113,Sudamerica,Colombia,0.036615832123998444,0.00034638032559750607
B232,-0.0721,Sudamerica,Colombia,0.017238900749260516,0.002183406113537118
B233,0.1834,Sudamerica,Ecuador,0.010480649380306706,0.032673457620603495
B234,0.2344,Asia_Oriental,China,0.28515744657497644,0.2651751329543371
B235,-0.0593,Asia_Oriental,South Korea,0.2456865329376987,0.4987654320987654
B236,-0.0796,Asia_Oriental,Taiwan,0.1841046307619011,0.7599036934074662
B237,0.0575,Asia_Oriental,Mongolia,0.07006462566452654,0.0
B238,0.3968,Asia_Oriental,China,0.017050505235463996,0.015891422926598807
B239,0.3717,Asia_Oriental,China,0.020433326495377185,0.005436065660530531
B240,-0.0047,Asia_Oriental,China,0.0004549637926068195,0.0
B241,0.0238,Asia_Oriental,South Korea,0.021862010861418514,0.0022222222222222222
B242,0.4545,Asia_Oriental,Mongolia,0.00821857074875287,0.0
B243,0.3709,Asia_Oriental,Mongolia,0.001236519052124702,0.0
B244,0.104,Asia_Sudeste,Malaysia,0.2079309633879912,0.20279504927264194
B245,0.2535,Asia_Sudeste,Thailand,0.07705260235432834,0.0
B246,0.4364,Asia_Sudeste,Indonesia,0.08956291144318573,0.007538077386440882
B247,0.5528,Asia_Sudeste,Philippines,0.041359998000947605,0.0
B248,0.6638,Asia_Sudeste,Vietnam,0.08237216035214397,0.24488297029320244
B249,0.7069,Asia_Sudeste,Cambodia,0.0995174185843415,0.0
B250,0.7403,Asia_Sudeste,Myanmar,0.089349877851148,0.0
B251,0.4874,Asia_Sudeste,Laos,0.035840802445312674,0.0
B252,0.0663,Asia_Sudeste,Malaysia,0.023950654179929056,0.0
B253,0.3271,Asia_Sudeste,Indonesia,0.025867554122919006,0.0
B254,0.412,Asia_Sudeste,Philippines,0.020090930883915895,0.0
B255,0.3562,Asia_Sudeste,Vietnam,0.02452532432036854,0.010243723303504128
B256,0.3972,Asia_Sudeste,Cambodia,0.03354606851743298,0.0
B257,0.4957,Asia_Sudeste,Myanmar,0.03825988904086827,0.0
B258,0.1778,Asia_Sudeste,Laos,0.07386953967461561,0.0
B259,0.2186,Asia_Sudeste,Indonesia,0.01613083603688082,0.007908459580357364
B260,0.4763,Asia_Sudeste,Philippines,0.011925999347272058,0.0024627508927471983
B261,0.3931,Asia_Sudeste,Vietnam,0.01602692036240615,0.0035756392663174783
B262,0.4639,Asia_Sudeste,Cambodia,0.05882543327797173,0.0
B263,0.3577,Asia_Sudeste,Myanmar,0.10470139167444796,0.002355712603062426
B264,0.2445,Asia_Sudeste,Laos,0.3144009006853538,0.7
B265,-0.1027,Asia_Sudeste,Indonesia,0.017666230584369454,0.043496527691965506
B266,-0.1999,Asia_Sudeste,Indonesia,0.0041048149717712885,0.0
B267,0.2737,Asia_Sudeste,Cambodia,0.005245458877742343,0.0
B268,0.2514,Asia_Sudeste,Myanmar,0.07426918733560908,0.11398539348849908
B269,0.0543,Asia_Sudeste,Laos,0.0007718651819237084,0.0
B270,-0.0664,Asia_Sudeste,Vietnam,0.011860670362909461,0.002126055779972555
B271,-0.0063,Asia_Sudeste,Cambodia,0.005290851729970423,0.0
B272,0.0208,Asia_Sudeste,Myanmar,0.007843913661081699,0.003533568904593639
B273,-0.2257,Asia_Sudeste,Laos,0.010505798519672508,0.0
B274,0.0788,Asia_Sudeste,Cambodia,0.07856660445148927,0.0
B275,-0.0616,Asia_Sudeste,Myanmar,0.006889627836675347,0.08087334103722378
B276,-0.1406,Asia_Sudeste,Laos,0.15793614954538682,0.0
B277,0.161,Asia_Sudeste,Cambodia,0.000660108873088215,0.0
B278,0.2194,Asia_Sudeste,Cambodia,0.0012730350953487795,0.014285714285714287
B279,0.0584,Asia_Sudeste,Myanmar,0.0,0.0
B280,0.0446,Asia_Sur,India,0.003654329977908664,1.864154581663206e-05
B281,0.1545,Asia_Sur,Bangladesh,0.014949042946159813,0.01019467916168369
B282,0.0173,Asia_Sur,India,0.016997688967931534,0.026565003143187396
B283,0.1811,Asia_Sur,Nepal,0.47094883677995525,0.948051948051948
B284,0.5213,Asia_Sur,Afghanistan,0.1278243097839166,0.0
B285,0.1991,Asia_Sur,Bangladesh,0.023636061318460196,0.0
B286,-0.0387,Asia_Sur,Pakistan,0.01289384307732482,0.02004287008596115
B287,0.228,Asia_Sur,Nepal,0.010715418615317173,0.013882461823229986
B288,0.5659,Asia_Sur,Afghanistan,0.16371859478536807,0.13347493133864838
B289,0.1604,Asia_Sur,Bangladesh,0.0016086985160205618,0.001862489462230674
B290,0.0288,Asia_Sur,Nepal,0.02524571604405192,0.09882600315402136
B291,0.3668,Asia_Sur,Afghanistan,0.004450455798584886,0.0
B292,0.1898,Asia_Sur,Nepal,0.005449551662503617,0.0
B293,0.5272,Asia_Sur,Afghanistan,0.00040100454336718854,0.0
B294,0.3379,Asia_Sur,Afghanistan,0.0,0.0
B295,-0.0515,Medio_Oriente,Turkey,0.012390498374475551,0.011232114079210822
B296,0.0483,Medio_Oriente,Iran,0.0005215861662941564,0.0016404498478027087
B297,0.3498,Medio_Oriente,Iraq,0.00011311565145085611,0.0
B298,0.1447,Medio_Oriente,Israel,0.0,0.0
B299,-0.059,Medio_Oriente,Egypt,0.0030036148865915367,0.0004689551678859501
B300,0.165,Medio_Oriente,Jordan,0.014658471667538465,0.0
B302,0.4812,Medio_Oriente,Syria,0.0001332001332001332,0.0
B304,-0.0834,Medio_Oriente,Turkey,0.022897097035057885,0.02098225065701405
B305,0.3799,Medio_Oriente,Iraq,0.029369193166529937,0.01203346265294531
B306,0.1534,Medio_Oriente,Turkey,0.015538580027352557,0.0
B307,0.0333,Medio_Oriente,Egypt,0.01219352315927999,0.009232755988741946
B308,-0.2112,Medio_Oriente,Turkey,0.005466335918004424,0.0005671828030174125
B309,-0.4608,Medio_Oriente,Turkey,0.015970449053108775,0.0
B310,-0.515,Medio_Oriente,Turkey,0.013661242495455377,0.02552322613578356
B311,0.2704,Medio_Oriente,Yemen,0.0004520846196823924,0.00011337884106899007
B312,0.2965,Medio_Oriente,Iraq,0.004000830071969429,0.0938174312787316
B313,0.2368,Medio_Oriente,Iran,0.003822661775866427,0.018233271922660537
B314,-0.0501,Medio_Oriente,Egypt,0.0005439713862546761,4.734746660893306e-05
B315,0.1278,Medio_Oriente,Jordan,0.009425715735738548,0.0
B316,0.3775,Medio_Oriente,Lebanon,0.012842888257484182,0.0
B317,0.4316,Medio_Oriente,Syria,0.0058204781207536905,0.002844610316832697
B318,0.1706,Medio_Oriente,Yemen,0.00012111714512700597,0.0005340501761981827
B319,0.5333,Medio_Oriente,Iraq,0.0021581265350304503,0.06377735206061015
B320,-0.3466,Medio_Oriente,Egypt,0.006011470448904517,1.677047267288409e-05
B321,0.1688,Medio_Oriente,Iraq,0.08471024741408019,0.03664876843092133
B322,-0.0809,Medio_Oriente,Iraq,0.0078107124555515,0.0
B323,-0.135,Medio_Oriente,Iraq,0.014400225283062435,0.06903605216057274
B324,-0.1309,Medio_Oriente,Yemen,0.002365593268360392,0.0
B325,0.1867,Medio_Oriente,Egypt,0.022650639877819297,0.0
B326,0.3646,Medio_Oriente,Jordan,0.14435406294251804,0.0
B327,0.6142,Medio_Oriente,Lebanon,0.1562471629403292,0.0
B328,0.6684,Medio_Oriente,Syria,0.06221822369767841,0.04980340760157274
B329,0.3636,Medio_Oriente,Yemen,0.024806649892959373,0.014952260570945994
B330,-0.1779,Medio_Oriente,Egypt,0.00937870844608498,0.006183773777607557
B331,-0.4276,Medio_Oriente,Egypt,0.009367485989676773,0.0
B332,-0.4817,Medio_Oriente,Egypt,0.009372830944418428,0.011170688114387844
B333,0.2779,Medio_Oriente,Yemen,0.0034558084873118886,0.00013276486052638217
B334,-0.2497,Medio_Oriente,Jordan,0.0595177147251077,0.0
B335,-0.3038,Medio_Oriente,Jordan,0.08599329257977925,1.0
B336,0.0539,Medio_Oriente,Yemen,0.002879799441116232,1.1850673694303782e-05
B337,0.0541,Medio_Oriente,Syria,0.08678987353432174,0.0
B338,-0.2053,Medio_Oriente,Yemen,0.0003539741487916814,0.0
B339,-0.2622,Medio_Oriente,Yemen,0.0009320091468326491,0.0010320353067439952
B340,0.2342,Africa_Norte,Morocco,0.0012352171605403738,0.0009790962941205268
B341,-0.1119,Africa_Norte,Egypt,0.00537221926415135,0.0
B342,-0.0477,Africa_Norte,Egypt,0.003333501659573335,0.002013738169288256
B343,0.4554,Africa_Norte,Sudan,0.04341350462676636,0.07415605976757056
B344,0.3334,Africa_Norte,Egypt,0.009500356457266679,0.0
B345,0.1223,Africa_Norte,Morocco,0.009510872825214164,0.04110770217971084
B346,0.1865,Africa_Norte,Morocco,0.005570260305257144,0.012483477750036715
B347,0.1728,Africa_Norte,Sudan,0.00031806119757698485,0.0
B348,0.616,Africa_Norte,Morocco,0.007636883396897726,0.0002447740735301317
B349,-0.0643,Africa_Norte,Tunisia,0.02460276059474964,0.014832236807255083
B350,0.3214,Africa_Norte,Sudan,0.0009765278130175425,0.0
B351,0.4674,Africa_Norte,Algeria,0.0004145160724280946,0.0
B352,0.3805,Africa_Norte,Sudan,0.0032436837450695215,0.0005534034311012729
B353,0.4083,Africa_Norte,Tunisia,0.038854106794085325,0.004714016341923318
B354,0.7888,Africa_Norte,Sudan,0.0023235869207928073,0.0
B355,-0.0819,Africa_Sub,Nigeria,0.00807020563048482,0.0007468259895444361
B356,-0.0048,Africa_Sub,Kenya,0.004379839770133374,0.047885075818036714
B357,0.1791,Africa_Sub,Ghana,0.005117905679039496,0.01384382435647848
B358,0.1596,Africa_Sub,Zimbabwe,0.1504171819630258,0.1263734801926198
B359,0.0833,Africa_Sub,Zambia,0.03569459449444113,0.10045285231801743
B360,-0.0223,Africa_Sub,Tanzania,0.00853658505543024,0.02010968921389397
B361,0.1837,Africa_Sub,Uganda,0.0034517494183828067,0.025264124942581536
B362,0.4959,Africa_Sub,Mozambique,0.08546736618579177,0.03808145341949857
B363,0.9003,Africa_Sub,South Africa,0.00857733713443105,0.0
B364,0.1164,Africa_Sub,Ethiopia,0.0019007932766470462,0.0
B365,0.0202,Africa_Sub,Cameroon,0.0007381410156632303,0.0
B366,0.2956,Africa_Sub,Senegal,0.0008589034198314124,0.0
B367,0.0309,Africa_Sub,Angola,0.011450896578820263,0.0
B368,0.0771,Africa_Sub,Kenya,0.0025616575458910556,0.0007255314517884352
B369,0.261,Africa_Sub,Ghana,0.010919646486625963,0.007044182679137479
B370,0.2415,Africa_Sub,Zimbabwe,0.0005200353650071641,0.002660494319844627
B371,0.1652,Africa_Sub,Zambia,8.669023087130055e-05,0.0
B372,0.0595,Africa_Sub,Tanzania,0.0014338260446735867,0.0
B373,0.2656,Africa_Sub,Uganda,0.0001281264851071023,0.0
B374,0.5777,Africa_Sub,Mozambique,0.0006866991497951945,0.0
B375,0.8184,Africa_Sub,Nigeria,1.3970047356047485e-07,0.0
B376,0.1983,Africa_Sub,Ethiopia,0.00016742736678719187,0.0
B377,0.102,Africa_Sub,Cameroon,0.0028530745551668558,0.006269592476489029
B378,0.3774,Africa_Sub,Senegal,0.008606428333829191,0.0
B379,-0.1127,Africa_Sub,Nigeria,0.00016301567508238097,0.0
B380,-0.1838,Africa_Sub,Kenya,0.000440722990998712,0.0
B381,-0.1644,Africa_Sub,Kenya,0.002098803485745842,0.005460218408736349
B382,0.0881,Africa_Sub,Zambia,0.00402779337421936,0.0010859767818164046
B383,-0.0176,Africa_Sub,Tanzania,0.028180145913306847,0.0
B384,0.1885,Africa_Sub,Uganda,0.031390772801727626,0.0
B385,0.5006,Africa_Sub,Mozambique,0.006805506072004318,0.0005413633470833025
B386,0.8955,Africa_Sub,Kenya,9.0452467338311e-05,0.0
B387,0.1212,Africa_Sub,Ethiopia,0.004828407199747309,0.003393665158371041
B388,-0.0249,Africa_Sub,Kenya,0.0001786415960438612,0.0
B389,-0.3003,Africa_Sub,Kenya,0.000145871304549526,0.0
B390,-0.0356,Africa_Sub,Kenya,0.0005592802327021119,0.0
B391,-0.0195,Africa_Sub,Zimbabwe,0.000639355413104135,0.0007981482959533881
B392,-0.0957,Africa_Sub,Zambia,0.00023432456739427474,0.0005429883909082023
B393,-0.2014,Africa_Sub,Tanzania,9.010374232841955e-05,0.0
B394,0.0046,Africa_Sub,Uganda,5.392097556763248e-05,0.0
B395,0.3168,Africa_Sub,Mozambique,0.0005114081941476461,0.0
B396,1.0793,Africa_Sub,Ghana,1.6402220232853651e-06,0.0
B397,-0.0626,Africa_Sub,Ethiopia,0.00016457100098095956,0.0
B398,-0.1589,Africa_Sub,Cameroon,0.004100287514841713,0.0
B399,0.1165,Africa_Sub,Senegal,0.0027808195105632656,0.0
B400,0.1482,Africa_Sub,Ghana,0.0063070234434689535,2.3531568218016265e-05
B401,-0.0763,Africa_Sub,Zambia,0.02848905515234958,0.02818064406851432
B402,-0.182,Africa_Sub,Tanzania,0.0024215734297898623,0.0035662829346229013
B403,0.0241,Africa_Sub,Uganda,0.00012276954819566925,0.0007232084155161078
B404,0.3362,Africa_Sub,Mozambique,0.033212062135956476,0.012673149014980923
B405,1.0599,Africa_Sub,Zimbabwe,0.050753397591355415,0.0
B406,-0.0432,Africa_Sub,Ethiopia,0.00013368975932544582,0.0
B407,0.1395,Africa_Sub,Zimbabwe,0.000644806144403978,0.0005320988639689254
B408,-0.1359,Africa_Sub,Zimbabwe,0.00016562062541668174,0.0
B409,0.1288,Africa_Sub,Zimbabwe,0.002606951491131182,0.003092641030154092
B410,-0.1057,Africa_Sub,Tanzania,0.017232108101583356,0.003821656050955414
B411,0.1004,Africa_Sub,Uganda,0.0005964938868060124,0.0
B412,0.4125,Africa_Sub,Mozambique,0.004186364280035218,0.0008412047106900972
B413,0.9836,Africa_Sub,Zambia,0.0023327345033764854,0.0
B414,0.0331,Africa_Sub,Ethiopia,6.960597898681537e-05,0.0
B415,0.0632,Africa_Sub,Zambia,0.0004106488014050626,0.0
B416,-0.2122,Africa_Sub,Zambia,1.0539526052951596e-05,0.0
B417,0.0525,Africa_Sub,Zambia,0.0008097498686331798,0.0005226480836236935
B418,-0.206,Africa_Sub,Tanzania,0.010365986910941637,0.0
B419,-0.5182,Africa_Sub,Tanzania,0.006987893936376886,0.0004979086686895036
B420,0.8779,Africa_Sub,Tanzania,0.00028320728146782713,0.0
B421,0.1388,Africa_Sub,Ethiopia,0.00042079068656694776,0.0
B422,-0.0425,Africa_Sub,Tanzania,4.522945857354464e-05,0.0
B423,-0.3179,Africa_Sub,Tanzania,0.0002502516268470173,0.0
B424,-0.0532,Africa_Sub,Tanzania,0.0008663596900704498,0.0
B425,-0.3122,Africa_Sub,Uganda,5.395533203600899e-05,0.0
B426,1.084,Africa_Sub,Uganda,5.1946140379683464e-05,4.6918208526012254e-05
B427,-0.0673,Africa_Sub,Ethiopia,0.0003656320841091356,0.0
B428,0.1635,Africa_Sub,Uganda,3.099504942486146e-05,0.0
B429,-0.1119,Africa_Sub,Uganda,5.9433267463660565e-05,0.0
B430,0.1528,Africa_Sub,Uganda,0.0010578248148574167,0.0
B431,1.3961,Africa_Sub,Mozambique,0.0002093091448731665,0.0
B432,-0.3794,Africa_Sub,Ethiopia,1.0037972746925482e-07,0.0
B433,0.4757,Africa_Sub,Mozambique,0.00010016867013451971,0.0
B434,0.2003,Africa_Sub,Mozambique,0.00013730043156104653,0.0
B435,0.465,Africa_Sub,Mozambique,0.0011644825528311735,0.00807513785561261
B436,1.0167,Africa_Sub,Ethiopia,2.3794146926374825e-06,0.0
B437,0.9204,Africa_Sub,Cameroon,1.8205506338471028e-06,0.0
B438,1.1958,Africa_Sub,Senegal,1.7090726673105685e-05,0.0
B440,0.0963,Africa_Sub,Ethiopia,4.778217550354744e-06,0.0
B441,-0.1791,Africa_Sub,Ethiopia,2.2470633635610584e-05,0.0
B443,-0.2754,Africa_Sub,Cameroon,0.0035266099199307865,0.0
B444,-0.0107,Africa_Sub,Cameroon,0.000983112906003109,0.0
B445,0.2647,Africa_Sub,Senegal,0.0010075925413260717,0.0
B446,-0.1096,Oceania,Australia,0.046548749417882625,0.07524682310876322
