id,b,region,brecha_log,pib_hub_0,n
B001,-0.192,Europa_Occidental,0.504786482397172,7594.0,119
B002,0.1947,Europa_Occidental,-0.4675310499288447,4758.0,119
B003,0.1472,Europa_Occidental,-0.35852020609406265,5306.0,119
B004,0.0942,Europa_Occidental,-0.2444715710851539,5947.0,119
B005,0.1522,Europa_Occidental,-0.13850581235852757,6611.7783,119
B006,0.2022,Europa_Occidental,-0.5026073575427041,4594.0,119
B007,0.273,Europa_Occidental,-0.84440502470775,3264.0,119
B008,0.2569,Europa_Occidental,-1.0443850341841208,2672.3906,119
B009,-0.3425,Europa_Occidental,1.297397308126949,7594.0,119
B010,0.2628,Europa_Occidental,-0.6328951102960577,4361.0,99
B011,0.1071,Europa_Occidental,0.19018615877609907,13378.0,69
B012,0.0027,Europa_Occidental,0.03725543246832741,4758.0,119
B013,-0.0447,Europa_Occidental,0.14626627630310945,5306.0,119
B014,-0.0978,Europa_Occidental,0.26031491131201817,5947.0,119
B015,-0.0397,Europa_Occidental,0.3662806700386446,6611.7783,119
B016,0.0102,Europa_Occidental,0.0021791248544679918,4594.0,119
B017,0.0811,Europa_Occidental,-0.3396185423105779,3264.0,119
B018,0.0649,Europa_Occidental,-0.5395985517869487,2672.3906,119
B019,-0.1505,Europa_Occidental,0.7926108257297768,4584.0,119
B020,0.1149,Europa_Occidental,-0.241997034230964,4361.0,99
B021,0.0092,Europa_Occidental,0.48146085060667565,13378.0,69
B022,0.0475,Europa_Occidental,-0.10901084383478203,4758.0,119
B023,-0.1005,Europa_Occidental,0.22305947884369068,5947.0,119
B024,-0.0425,Europa_Occidental,0.32902523757031704,6611.7783,119
B025,0.0075,Europa_Occidental,-0.03507630761385947,4594.0,119
B026,-0.0783,Europa_Occidental,0.3768739747789054,4758.0,119
B027,-0.0622,Europa_Occidental,0.5768539842552761,4758.0,119
B028,-0.1478,Europa_Occidental,0.8298662581981043,4758.0,119
B029,0.0814,Europa_Occidental,-0.2877393971099983,4361.0,99
B030,-0.0651,Europa_Occidental,0.7713228924333384,13378.0,69
B031,-0.053,Europa_Occidental,0.11404863500890876,5947.0,119
B032,0.005,Europa_Occidental,0.2200143937355352,6611.7783,119
B033,0.055,Europa_Occidental,-0.14408715144864137,4594.0,119
B034,-0.1258,Europa_Occidental,0.4858848186136874,5306.0,119
B035,0.1097,Europa_Occidental,-0.6858648280900582,2672.3906,119
B036,-0.1953,Europa_Occidental,0.9388771020328863,5306.0,119
B037,0.1647,Europa_Occidental,-0.3919987047691407,4361.0,99
B038,0.0051,Europa_Occidental,0.3362330665402499,13378.0,69
B039,0.058,Europa_Occidental,0.10596575872662635,6611.7783,119
B040,0.108,Europa_Occidental,-0.25813578645755014,4594.0,119
B041,-0.1788,Europa_Occidental,0.5999334536225961,5947.0,119
B042,-0.1627,Europa_Occidental,0.7999134630989668,5947.0,119
B043,-0.2483,Europa_Occidental,1.052925737041795,5947.0,119
B044,0.1844,Europa_Occidental,-0.43342789018283934,4361.0,99
B045,0.0004,Europa_Occidental,0.4295991235661106,13378.0,69
B046,-0.05,Europa_Occidental,0.36410154518417653,6611.7783,119
B047,-0.1208,Europa_Occidental,0.7058992123492225,6611.7783,119
B048,-0.1047,Europa_Occidental,0.9058792218255932,6611.7783,119
B049,-0.1903,Europa_Occidental,1.1588914957684213,6611.7783,119
B050,0.1278,Europa_Occidental,-0.6280196302116989,4361.0,99
B051,0.0029,Europa_Occidental,0.14770244830173246,13378.0,69
B052,-0.0708,Europa_Occidental,0.34179766716504595,4594.0,119
B053,-0.0547,Europa_Occidental,0.5417776766414168,4594.0,119
B054,-0.1403,Europa_Occidental,0.794789950584245,4594.0,119
B055,0.0275,Europa_Occidental,-0.23621980205842102,4361.0,99
B056,-0.1147,Europa_Occidental,0.8174734783711182,13378.0,69
B057,-0.0162,Europa_Occidental,-0.19998000947637085,2672.3906,119
B058,-0.0694,Europa_Occidental,0.452992283419199,3264.0,119
B059,0.0005,Europa_Occidental,0.07225760463631918,4361.0,99
B060,-0.0855,Europa_Occidental,0.8740644315820859,13378.0,69
B061,-0.0856,Europa_Occidental,0.25301227394282805,2672.3906,119
B062,0.0056,Europa_Occidental,0.35320548874284247,4361.0,99
B063,-0.2223,Europa_Occidental,1.3525047826238203,13378.0,69
B064,-0.0774,Europa_Occidental,0.7835622296982229,4361.0,99
B065,-0.1991,Europa_Occidental,1.3921418925883988,13378.0,69
B066,-0.2421,Europa_Occidental,0.8881364660651737,13378.0,69
B067,0.1347,Europa_Nordica,-0.021617526241433947,3249.0,119
B068,-0.1121,Europa_Nordica,0.3705243793671284,4809.0,119
B069,0.0767,Europa_Nordica,-0.22201467066751443,2659.0,119
B070,0.0834,Europa_Nordica,-0.23433044979064777,8498.0,69
B071,0.2468,Europa_Nordica,-0.3921419056085624,3249.0,119
B072,0.058,Europa_Nordica,0.20039714442608042,3249.0,119
B073,-0.1949,Europa_Nordica,-0.0183063469355527,8498.0,69
B074,-0.1888,Europa_Nordica,0.5925390500346428,4809.0,119
B075,0.0556,Europa_Nordica,-0.2641368655900285,8498.0,69
B076,-0.0412,Europa_Nordica,0.22600124324379134,8498.0,69
B077,0.0201,Europa_Este,0.21466337756144302,8748.0,49
B078,-0.0428,Europa_Este,-0.0070619137564611745,2681.0,85
B079,0.4294,Europa_Este,-0.6519194372557512,1406.8207,85
B080,0.0645,Europa_Este,-0.3965958703673846,1812.0,83
B081,-0.0597,Europa_Este,0.0809278692733124,5557.0,59
B082,-0.3648,Europa_Este,-0.08109079745461191,7849.0,40
B083,-0.1119,Europa_Este,0.26970387165266696,11815.0,34
B084,0.0815,Europa_Este,-0.38355653952648555,2738.0,67
B085,-0.0155,Europa_Este,-0.6817637366765072,2032.0,67
B086,0.0938,Europa_Este,-0.021127546425875394,3934.0,67
B087,0.0455,Europa_Este,0.0875103167530051,8748.0,49
B088,-0.1326,Europa_Este,0.6542689559672233,8748.0,49
B089,0.1785,Europa_Este,0.13962477757143218,8748.0,49
B090,0.1287,Europa_Este,-0.05406722127027582,8748.0,49
B091,0.3258,Europa_Este,0.24479558369663496,10026.0,40
B092,0.0225,Europa_Este,0.08436293007898174,12855.0,34
B093,0.143,Europa_Este,-0.0003428767391726684,8748.0,49
B094,0.2658,Europa_Este,0.29471789223771305,8748.0,49
B095,-0.1645,Europa_Este,0.38085441564952055,12803.0,49
B096,-0.4798,Europa_Este,0.64485752349929,2681.0,96
B097,-0.1383,Europa_Este,0.564962553307181,3188.0,92
B098,-0.0178,Europa_Este,-0.04555434593343407,5557.0,59
B099,0.3036,Europa_Este,0.12790981144724134,8920.0,40
B100,-0.0331,Europa_Este,0.12257656298050512,11815.0,34
B101,0.1026,Europa_Este,-0.4750583999073596,2738.0,67
B102,-0.0056,Europa_Este,0.7732655970573812,4403.0,67
B103,0.1149,Europa_Este,-0.11262940680674945,3934.0,67
B104,-0.3366,Europa_Este,0.10758327063696548,1722.0,98
B105,-0.3336,Europa_Este,0.6370562088468054,5557.0,59
B106,-0.4408,Europa_Este,0.34808240422372005,7849.0,40
B107,-0.1618,Europa_Este,0.5779753246138233,11815.0,34
B108,-0.2735,Europa_Este,0.2535235032438577,2738.0,67
B109,-0.3705,Europa_Este,-0.044683693906163995,2032.0,67
B110,-0.2611,Europa_Este,0.6159524963444679,3934.0,67
B111,0.0552,Europa_Este,0.17991308644553888,5557.0,59
B112,-0.1682,Europa_Este,-0.07057992418855005,7849.0,40
B113,0.0858,Europa_Este,0.17441384480931665,11815.0,34
B114,0.1153,Europa_Este,-0.09703523331066688,2738.0,67
B115,0.0183,Europa_Este,-0.3952424304606886,2032.0,67
B116,0.1276,Europa_Este,0.26539375978994334,3934.0,67
B117,0.2199,Europa_Este,0.2902269268599505,10492.0,40
B118,0.0288,Europa_Este,-0.05435673099871119,11815.0,34
B119,-0.0257,Europa_Este,0.0923094678040115,5557.0,59
B120,0.0924,Europa_Este,0.3418492727265491,5557.0,59
B121,0.0239,Europa_Este,0.2541496669823509,7165.0,59
B122,0.2701,Europa_Este,0.23004415728401637,11815.0,34
B123,0.1611,Europa_Este,0.23909414289589034,9969.0,40
B124,-0.0359,Europa_Este,0.017090040101193957,7849.0,40
B125,0.1311,Europa_Este,0.652916912238982,15079.0,40
B126,0.1029,Europa_Este,-0.17446171813668773,11815.0,34
B127,0.2054,Europa_Este,0.08621916980525828,11815.0,34
B128,-0.1454,Europa_Este,0.5589747506425964,20663.0,34
B129,0.097,Europa_Este,0.2982071971500217,2738.0,67
B130,0.0124,Europa_Este,0.3624289931006102,3934.0,67
B131,0.1094,Europa_Este,0.6606361902506318,3934.0,67
B132,0.0004,Europa_Sur,-0.503905180921417,1972.0,119
B133,0.073,Europa_Sur,-1.013142646743817,1473.0,98
B134,0.1828,Europa_Sur,-0.6600222351540675,2885.0,69
B135,0.391,Europa_Sur,-1.2665625110379897,1573.0,69
B136,0.0166,Europa_Sur,-0.3039251714450461,1972.0,119
B137,-0.0684,Europa_Sur,0.7321947626372938,3063.3096,98
B138,0.046,Europa_Sur,-0.18158188411233298,2885.0,69
B139,0.2542,Europa_Sur,-0.7881221599962551,1573.0,69
B140,-0.069,Europa_Sur,-0.050912897502217946,1972.0,119
B141,-0.0126,Europa_Sur,-0.3018380216819133,1473.0,98
B142,0.0693,Europa_Sur,-0.14194477414775458,2885.0,69
B143,0.2775,Europa_Sur,-0.7484850500316768,1573.0,69
B144,-0.0854,Europa_Sur,0.24184071310353966,1876.0,98
B145,0.09,Europa_Sur,-0.05627221346214768,2885.0,69
B146,0.2982,Europa_Sur,-0.66281248934607,1573.0,69
B147,0.109,Europa_Sur,0.32763789108418695,2885.0,69
B148,0.3172,Europa_Sur,-0.27890238479973506,1573.0,69
B149,-0.2082,Europa_Sur,0.6065402758839221,2885.0,69
B150,0.1064,Norteamerica,-0.5494125942038014,4640.0,119
B151,-0.0933,Norteamerica,1.4841921616041986,8037.5713,119
B152,0.0132,Norteamerica,0.9347795674003972,4640.0,119
B153,-0.2729,Centroamerica,-0.22982727975360673,2028.0,99
B154,0.3827,Centroamerica,0.26546467706860427,2552.0,99
B155,-0.1045,Centroamerica,0.014394335286857143,2589.0,99
B156,-0.1223,Centroamerica,0.06629753654275079,2276.0,113
B157,-0.3085,Centroamerica,-0.06676817646484026,1680.0,117
B158,-0.1363,Centroamerica,-0.5401166980045256,1487.0,99
B159,-0.4135,Centroamerica,-0.24023629566834234,2007.0,99
B160,0.1205,Centroamerica,-0.7627507390887767,1637.0,69
B161,0.1098,Centroamerica,0.03563739731499764,2028.0,99
B162,0.1684,Centroamerica,0.24422161504046389,2589.0,99
B163,0.2214,Centroamerica,0.1869950371978987,2445.0,99
B164,0.0322,Centroamerica,-0.15920971253965335,2028.0,99
B165,-0.1366,Centroamerica,0.3102894182509187,2028.0,99
B166,0.1406,Centroamerica,0.010409015914735744,2028.0,99
B167,0.3464,Centroamerica,-0.7080026909834594,1637.0,69
B168,0.2782,Centroamerica,0.2798590123554614,2589.0,99
B169,0.3313,Centroamerica,0.22263243451289613,2445.0,99
B170,0.0776,Centroamerica,0.1948471098546509,2378.0,99
B171,0.2464,Centroamerica,-0.27465202093592117,1487.0,99
B172,-0.0307,Centroamerica,0.025228381400261957,2007.0,99
B173,0.3454,Centroamerica,-0.20924162354241937,1637.0,69
B174,-0.053,Centroamerica,0.05722657784256534,2589.0,99
B175,0.2006,Centroamerica,0.08501190250081052,2589.0,99
B176,0.0318,Centroamerica,0.5545110332913825,2589.0,99
B177,0.309,Centroamerica,0.25463063095519956,2589.0,99
B178,-0.1744,Centroamerica,0.6478481662977472,3129.0,69
B179,0.1925,Centroamerica,0.17374682580596873,2276.0,113
B180,0.0849,Centroamerica,0.4972844554488174,2445.0,99
B181,0.362,Centroamerica,0.19740405311263418,2445.0,99
B182,0.0006,Centroamerica,0.4537606332812302,2577.0,69
B183,0.1688,Centroamerica,-0.469499130790572,1487.0,99
B184,0.1084,Centroamerica,0.16961872845438894,2378.0,99
B185,0.3336,Centroamerica,-0.4771557559061251,1637.0,69
B186,0.2771,Centroamerica,-0.2998804023361831,1487.0,99
B187,0.2657,Centroamerica,-0.37213213909760673,1637.0,69
B188,0.5657,Centroamerica,-0.449093180233735,1637.0,69
B189,-0.4744,Sudamerica,1.6570287088535887,4583.0,119
B190,-0.3934,Sudamerica,1.354324187037545,3386.0,119
B191,-0.4215,Sudamerica,1.3546194771622362,3387.0,119
B192,-0.348,Sudamerica,0.563384251270775,2858.0,80
B193,0.4917,Sudamerica,-0.5144802646541884,874.0,119
B194,0.2576,Sudamerica,-0.2153328063440561,874.0,119
B195,-0.1301,Sudamerica,0.21993474727742504,1089.0,119
B196,-0.0188,Sudamerica,0.7476960394072621,1846.0,119
B197,-0.2022,Sudamerica,0.22816524641394054,1098.0,119
B198,-0.081,Sudamerica,0.30270452181604335,4583.0,119
B199,-0.0528,Sudamerica,0.3024092316913524,4583.0,119
B200,-0.0598,Sudamerica,0.838764100451102,6612.0,80
B201,0.0173,Sudamerica,1.1425484441994003,4583.0,119
B202,-0.2167,Sudamerica,1.4416959025095326,4583.0,119
B203,-0.3442,Sudamerica,1.4370939615761635,4583.0,119
B204,-0.4555,Sudamerica,0.9093326694463265,4583.0,119
B205,-0.2721,Sudamerica,1.4288634624396481,4583.0,119
B206,-0.0282,Sudamerica,0.0002952901246911049,3387.0,119
B207,0.0475,Sudamerica,0.5802942393116165,5106.0,80
B208,0.0983,Sudamerica,0.8398439223833568,3386.0,119
B209,-0.1357,Sudamerica,1.1389913806934893,3386.0,119
B210,-0.2632,Sudamerica,1.1343894397601202,3386.0,119
B211,0.3746,Sudamerica,-0.606628147630283,1846.0,119
B212,-0.1912,Sudamerica,1.1261589406236046,3386.0,119
B213,-0.0145,Sudamerica,0.6217270930478218,5322.0,80
B214,0.0702,Sudamerica,0.840139212508048,3387.0,119
B215,-0.1639,Sudamerica,1.1392866708181801,3387.0,119
B216,-0.2914,Sudamerica,1.134684729884811,3387.0,119
B217,-0.4027,Sudamerica,0.6069234377549743,3387.0,119
B218,-0.2193,Sudamerica,1.1264542307482959,3387.0,119
B219,0.1585,Sudamerica,0.13864290463074266,2858.0,80
B220,0.0248,Sudamerica,-0.06074810655593609,2858.0,80
B221,-0.0899,Sudamerica,-0.06074810655593609,2858.0,80
B222,0.0163,Sudamerica,0.4623643068499743,4538.0,80
B223,-0.1335,Sudamerica,0.37361254010075357,2858.0,80
B224,-0.2341,Sudamerica,0.29914745831013234,1462.0,119
B225,0.3616,Sudamerica,-0.2945455173767633,1089.0,119
B226,0.4729,Sudamerica,0.23321577475307365,1846.0,119
B227,0.2895,Sudamerica,-0.2863150182402479,1098.0,119
B228,0.1275,Sudamerica,0.004601940933369055,1089.0,119
B229,0.2388,Sudamerica,0.5323632330632059,1846.0,119
B230,0.0554,Sudamerica,0.01283244006988436,1098.0,119
B231,0.1113,Sudamerica,0.527761292129837,1846.0,119
B232,-0.0721,Sudamerica,0.008230499136515444,1098.0,119
B233,0.1834,Sudamerica,0.5195307929933215,1846.0,119
B234,0.2344,Asia_Oriental,0.7813476436877008,2123.2505,82
B235,-0.0593,Asia_Oriental,0.7732166341574463,2399.7747,106
B236,-0.0796,Asia_Oriental,0.694774678450733,2161.515,109
B237,0.0575,Asia_Oriental,1.509152303305354,3062.0,69
B238,0.3968,Asia_Oriental,0.201978559072131,1107.5587,81
B239,0.3717,Asia_Oriental,0.32934349356045967,1258.0,81
B240,-0.0047,Asia_Oriental,-0.16568967285399971,677.0,69
B241,0.0238,Asia_Oriental,0.1273649344883287,1258.0,99
B242,0.4545,Asia_Oriental,0.38817092730105307,998.08875,69
B243,0.3709,Asia_Oriental,0.768520441790107,1460.0,69
B244,0.104,Asia_Sudeste,0.9923880445898416,2206.0,109
B245,0.2535,Asia_Sudeste,0.3010156033212461,1812.0,72
B246,0.4364,Asia_Sudeste,0.6505497910915651,2206.0,109
B247,0.5528,Asia_Sudeste,0.7611454600583999,2297.0,107
B248,0.6638,Asia_Sudeste,0.44687364326317297,1812.0,70
B249,0.7069,Asia_Sudeste,1.5370912088487176,3572.0,69
B250,0.7403,Asia_Sudeste,0.7795225085149432,2429.0,79
B251,0.4874,Asia_Sudeste,1.6340955312358658,3572.0,69
B252,0.0663,Asia_Sudeste,0.03977427424450361,1341.0,72
B253,0.3271,Asia_Sudeste,-0.3418382534982765,817.74304,112
B254,0.412,Asia_Sudeste,-0.05226738910820461,1018.35754,111
B255,0.3562,Asia_Sudeste,0.10608376569742317,1288.7095,70
B256,0.3972,Asia_Sudeste,1.174238205383057,2485.0,69
B257,0.4957,Asia_Sudeste,-0.15869196029022964,950.5307,79
B258,0.1778,Asia_Sudeste,1.2712425277702053,2485.0,69
B259,0.2186,Asia_Sudeste,-0.014804119369787594,1341.0,72
B260,0.4763,Asia_Sudeste,-0.1608396679780549,1341.0,72
B261,0.3931,Asia_Sudeste,0.14585803994192678,1341.0,70
B262,0.4639,Asia_Sudeste,0.5278670896208424,1302.0,69
B263,0.3577,Asia_Sudeste,0.20540472697682824,1341.0,71
B264,0.2445,Asia_Sudeste,0.6248714120079907,1302.0,69
B265,-0.1027,Asia_Sudeste,-0.012963144490510985,1073.0,109
B266,-0.1999,Asia_Sudeste,-0.16066215931171438,1159.0,70
B267,0.2737,Asia_Sudeste,0.5108256237659907,1280.0,69
B268,0.2514,Asia_Sudeste,0.0062640025849306355,1121.0,79
B269,0.0543,Asia_Sudeste,0.607829946153139,1280.0,69
B270,-0.0664,Asia_Sudeste,0.30669770791998174,1575.0,70
B271,-0.0063,Asia_Sudeste,0.7981169949039522,1706.0,69
B272,0.0208,Asia_Sudeste,0.24377188865925903,1151.0,78
B273,-0.2257,Asia_Sudeste,0.8951213172911006,1706.0,69
B274,0.0788,Asia_Sudeste,0.31180287524862504,1049.0,69
B275,-0.0616,Asia_Sudeste,0.05954668703490136,1159.0,70
B276,-0.1406,Asia_Sudeste,0.40880719763577333,1049.0,69
B277,0.161,Asia_Sudeste,-0.19648387060645897,631.0,69
B278,0.2194,Asia_Sudeste,-0.09700432238714825,697.0,69
B279,0.0584,Asia_Sudeste,0.09947954821931065,697.0,69
B280,0.0446,Asia_Sur,0.03777785213902699,1025.0,69
B281,0.1545,Asia_Sur,0.1365755350057507,987.0,69
B282,0.0173,Asia_Sur,0.7668062860943254,2056.0,119
B283,0.1811,Asia_Sur,0.2097205309820691,1073.0,70
B284,0.5213,Asia_Sur,-0.15805100979884115,987.0,69
B285,0.1991,Asia_Sur,0.17435338714477774,1025.0,69
B286,-0.0387,Asia_Sur,0.6669534418433066,1997.0,69
B287,0.228,Asia_Sur,0.245339283705994,1025.0,69
B288,0.5659,Asia_Sur,-0.12027315765981425,1025.0,69
B289,0.1604,Asia_Sur,0.8413068289880843,1997.0,69
B290,0.0288,Asia_Sur,0.07098589656121633,861.0,69
B291,0.3668,Asia_Sur,-0.29462654480459194,861.0,69
B292,0.1898,Asia_Sur,0.8157716067404297,1967.0,70
B293,0.5272,Asia_Sur,0.5466802841834925,1997.0,69
B294,0.3379,Asia_Sur,-0.36561244136580834,802.0,69
B295,-0.0515,Medio_Oriente,0.7699656928782871,4490.0,69
B296,0.0483,Medio_Oriente,0.4931651206140403,4490.0,69
B297,0.3498,Medio_Oriente,0.7252839130551453,4490.0,69
B298,0.1447,Medio_Oriente,-0.23321638410250473,3556.0,69
B299,-0.059,Medio_Oriente,1.1296187493975967,4490.0,69
B300,0.165,Medio_Oriente,0.5269157744472744,4490.0,69
B301,0.4242,Medio_Oriente,0.1480815323398323,4490.0,69
B302,0.4812,Medio_Oriente,0.15690130416865475,4490.0,69
B303,0.2189,Medio_Oriente,1.1289107853515585,4490.0,69
B304,-0.0834,Medio_Oriente,-0.14435495887010377,1275.0,70
B305,0.3799,Medio_Oriente,0.14435495887010374,1473.0,70
B306,0.1534,Medio_Oriente,-0.4322985034112289,956.0,70
B307,0.0333,Medio_Oriente,-0.12791483458679032,1473.0,70
B308,-0.2112,Medio_Oriente,0.07894544288753008,1594.0,70
B309,-0.4608,Medio_Oriente,0.4503791938117505,2311.0,70
B310,-0.515,Medio_Oriente,0.3412131869167434,2072.0,70
B311,0.2704,Medio_Oriente,0.35894509247327155,2079.0,69
B312,0.2965,Medio_Oriente,0.0,1275.0,70
B313,0.2368,Medio_Oriente,-0.2879435445411253,956.0,70
B314,-0.0501,Medio_Oriente,-0.27226979345689406,1275.0,70
B315,0.1278,Medio_Oriente,-0.2233004017576338,1275.0,70
B316,0.3775,Medio_Oriente,-0.5947341526818541,1275.0,70
B317,0.4316,Medio_Oriente,-0.48556814578684715,1275.0,70
B318,0.1706,Medio_Oriente,0.6357456647375184,2742.0,69
B319,0.5333,Medio_Oriente,-0.2879435445411253,956.0,70
B320,-0.3466,Medio_Oriente,-0.27226979345689406,1275.0,70
B321,0.1688,Medio_Oriente,0.22330040175763385,1594.0,70
B322,-0.0809,Medio_Oriente,0.5947341526818541,2311.0,70
B323,-0.135,Medio_Oriente,0.4855681457868471,2072.0,70
B324,-0.1309,Medio_Oriente,0.4036268722964134,2174.0,69
B325,0.1867,Medio_Oriente,-0.5602133379980194,956.0,70
B326,0.3646,Medio_Oriente,-0.511243946298759,956.0,70
B327,0.6142,Medio_Oriente,-0.8826776972229794,956.0,70
B328,0.6684,Medio_Oriente,-0.7735116903279723,956.0,70
B329,0.3636,Medio_Oriente,0.8956944012490539,3556.0,69
B330,-0.1779,Medio_Oriente,-0.048969391699260324,1594.0,70
B331,-0.4276,Medio_Oriente,0.32246435922496014,2311.0,70
B332,-0.4817,Medio_Oriente,0.2132983523299531,2072.0,70
B333,0.2779,Medio_Oriente,-0.0007079640460380967,1450.9724,69
B334,-0.2497,Medio_Oriente,0.37143375092422043,2311.0,70
B335,-0.3038,Medio_Oriente,0.2622677440292133,2072.0,70
B336,0.0539,Medio_Oriente,0.6019950109042841,2651.0,69
B337,0.0541,Medio_Oriente,0.10916600689500697,2311.0,70
B338,-0.2053,Medio_Oriente,0.9808292530117262,3872.0,69
B339,-0.2622,Medio_Oriente,0.9720094811829039,3838.0,69
B340,0.2342,Africa_Norte,0.39122999228629246,1674.0,70
B341,-0.1119,Africa_Norte,0.10212949507637975,1854.0,70
B342,-0.0477,Africa_Norte,-0.17375619393503158,1407.0,70
B344,0.3334,Africa_Norte,-0.8502697532995661,620.0,69
B345,0.1223,Africa_Norte,0.49335948736267227,1854.0,70
B346,0.1865,Africa_Norte,0.21747379835126077,1407.0,70
B348,0.616,Africa_Norte,-1.3191718592163943,620.0,69
B349,-0.0643,Africa_Norte,0.2758856890114113,1854.0,70
B351,0.4674,Africa_Norte,-1.2555241299366962,620.0,69
B353,0.4083,Africa_Norte,-1.052962350115514,620.0,69
B355,-0.0819,Africa_Sub,1.214170629302382,4041.0,69
B356,-0.0048,Africa_Sub,1.3591964013526396,4041.0,69
B357,0.1791,Africa_Sub,0.8153945093450143,4041.0,69
B358,0.1596,Africa_Sub,1.285845666009273,4041.0,69
B359,0.0833,Africa_Sub,1.343899735977166,4041.0,69
B360,-0.0223,Africa_Sub,1.7880543890355096,4041.0,69
B361,0.1837,Africa_Sub,1.3057378228278724,4041.0,69
B362,0.4959,Africa_Sub,0.805377731101543,4041.0,69
B363,0.9003,Africa_Sub,-2.1118849756036018,489.0,69
B364,0.1164,Africa_Sub,1.8713073723392943,4041.0,69
B365,0.0202,Africa_Sub,1.3288335376225218,4041.0,69
B366,0.2956,Africa_Sub,0.6998511162821355,4041.0,69
B367,0.0309,Africa_Sub,0.8794857032552648,4041.0,69
B368,0.0771,Africa_Sub,0.1450257720502578,1200.0,69
B369,0.261,Africa_Sub,-0.3987761199573677,1200.0,69
B370,0.2415,Africa_Sub,0.07167503670689107,1200.0,69
B371,0.1652,Africa_Sub,0.12972910667478396,1200.0,69
B372,0.0595,Africa_Sub,0.5738837597331276,1200.0,69
B373,0.2656,Africa_Sub,0.09156719352549043,1200.0,69
B374,0.5777,Africa_Sub,-0.408792898200839,1200.0,69
B375,0.8184,Africa_Sub,-0.8977143463012197,489.0,69
B376,0.1983,Africa_Sub,0.6571367430369123,1200.0,69
B377,0.102,Africa_Sub,0.11466290832013973,1200.0,69
B378,0.3774,Africa_Sub,-0.5143195130202465,1200.0,69
B379,-0.1127,Africa_Sub,0.33468492604711714,1677.0,69
B380,-0.1838,Africa_Sub,0.5438018920076254,1788.0,69
B381,-0.1644,Africa_Sub,0.07335073534336668,1117.0,69
B382,0.0881,Africa_Sub,-0.015296665375473648,1038.0,69
B383,-0.0176,Africa_Sub,0.4288579876828698,1038.0,69
B384,0.1885,Africa_Sub,-0.05345857852476726,1038.0,69
B385,0.5006,Africa_Sub,-0.5538186702510968,1038.0,69
B386,0.8955,Africa_Sub,-0.7526885742509619,489.0,69
B387,0.1212,Africa_Sub,0.5121109709866545,1038.0,69
B388,-0.0249,Africa_Sub,0.030362863730117966,1070.0,69
B389,-0.3003,Africa_Sub,0.6593452850705042,2007.0,69
B390,-0.0356,Africa_Sub,0.4797106980973749,1677.0,69
B391,-0.0195,Africa_Sub,0.4704511566642588,1788.0,69
B392,-0.0957,Africa_Sub,0.5285052266321517,1788.0,69
B393,-0.2014,Africa_Sub,0.9726598796904954,1788.0,69
B394,0.0046,Africa_Sub,0.4903433134828582,1788.0,69
B395,0.3168,Africa_Sub,-0.010016778243471232,1788.0,69
B396,1.0793,Africa_Sub,-1.2964904662585874,489.0,69
B397,-0.0626,Africa_Sub,1.05591286299428,1788.0,69
B398,-0.1589,Africa_Sub,0.5134390282775076,1788.0,69
B399,0.1165,Africa_Sub,-0.11554339306287863,1788.0,69
B400,0.1482,Africa_Sub,-0.06409119391025066,1677.0,69
B401,-0.0763,Africa_Sub,0.05805406996789311,1117.0,69
B402,-0.182,Africa_Sub,0.5022087230262366,1117.0,69
B403,0.0241,Africa_Sub,0.019892156818599578,1117.0,69
B404,0.3362,Africa_Sub,-0.48046793490773,1117.0,69
B405,1.0599,Africa_Sub,-0.8260393095943287,489.0,69
B406,-0.0432,Africa_Sub,0.5854617063300213,1117.0,69
B407,0.1395,Africa_Sub,-0.042987871613248824,1070.0,69
B408,-0.1359,Africa_Sub,0.5859945497271375,2007.0,69
B409,0.1288,Africa_Sub,0.4063599627540081,1677.0,69
B410,-0.1057,Africa_Sub,0.4441546530583436,1054.0,69
B411,0.1004,Africa_Sub,-0.03816191314929359,1054.0,69
B412,0.4125,Africa_Sub,-0.5385220048756232,1054.0,69
B413,0.9836,Africa_Sub,-0.7679852396264356,489.0,69
B414,0.0331,Africa_Sub,0.5274076363621282,1054.0,69
B415,0.0632,Africa_Sub,0.015066198354644183,1070.0,69
B416,-0.2122,Africa_Sub,0.6440486196950305,2007.0,69
B417,0.0525,Africa_Sub,0.4644140327219012,1677.0,69
B418,-0.206,Africa_Sub,0.48231656620763713,1095.0,69
B419,-0.5182,Africa_Sub,0.9826766579339667,1806.0,69
B420,0.8779,Africa_Sub,-0.3238305865680921,489.0,69
B421,0.1388,Africa_Sub,0.08325298330378467,676.0,69
B422,-0.0425,Africa_Sub,0.45922085141298774,1070.0,69
B423,-0.3179,Africa_Sub,1.0882032727533741,2007.0,69
B424,-0.0532,Africa_Sub,0.9085686857802447,1677.0,69
B425,-0.3122,Africa_Sub,0.5003600917263296,1806.0,69
B426,1.084,Africa_Sub,-0.8061471527757291,489.0,69
B427,-0.0673,Africa_Sub,0.5655695495114218,1095.0,69
B428,0.1635,Africa_Sub,-0.023095714794649395,1070.0,69
B429,-0.1119,Africa_Sub,0.6058867065457368,2007.0,69
B430,0.1528,Africa_Sub,0.42625211957260767,1677.0,69
B431,1.3961,Africa_Sub,-1.3065072445020587,489.0,69
B432,-0.3794,Africa_Sub,1.0659296412377512,1806.0,69
B433,0.4757,Africa_Sub,-0.5234558065209789,1070.0,69
B434,0.2003,Africa_Sub,0.10552661481940742,2007.0,69
B435,0.465,Africa_Sub,-0.07410797215372185,1677.0,69
B436,1.0167,Africa_Sub,-0.24057760326430738,489.0,69
B437,0.9204,Africa_Sub,-0.7830514379810799,489.0,69
B438,1.1958,Africa_Sub,-1.412033859321466,489.0,69
B439,0.9311,Africa_Sub,-1.2323992723483368,489.0,69
B440,0.0963,Africa_Sub,0.5424738347167724,1070.0,69
B441,-0.1791,Africa_Sub,1.1714562560571586,2007.0,69
B442,0.0856,Africa_Sub,0.9918216690840295,1677.0,69
B443,-0.2754,Africa_Sub,0.6289824213403863,2007.0,69
B444,-0.0107,Africa_Sub,0.44934783436725695,1677.0,69
B445,0.2647,Africa_Sub,-0.17963458697312923,1677.0,69
B446,-0.1096,Oceania,0.06856549655276135,6851.0,119
