id,region,brecha_1a_mitad,b_2a_mitad,b_completo
B001,Europa_Occidental,0.43746553631612123,-0.041902216924731964,-0.192
B002,Europa_Occidental,-0.4063963954825932,0.07463029432829052,0.1947
B003,Europa_Occidental,-0.1965029575190881,0.07136628497596564,0.1472
B004,Europa_Occidental,-0.2282213050065265,0.07784299202908264,0.0942
B005,Europa_Occidental,-0.007073460409647283,0.06555021328799793,0.1522
B006,Europa_Occidental,-0.5433258038801128,0.1327418393720485,0.2022
B007,Europa_Occidental,-0.7067888945938142,0.09654819759219777,0.273
B008,Europa_Occidental,-0.9875459335672677,0.2572484714679662,0.2569
B009,Europa_Occidental,1.2954487626833022,-0.23258777654959598,-0.3425
B010,Europa_Occidental,-0.6924560756578378,0.343831412105863,0.2628
B011,Europa_Occidental,0.16342911388871517,0.06918240623796187,0.1071
B012,Europa_Occidental,0.0289499615597828,0.032728077403558535,0.0027
B013,Europa_Occidental,0.19446854720602083,0.029464068051233656,-0.0447
B014,Europa_Occidental,0.1778494156401191,0.035940775104350675,-0.0978
B015,Europa_Occidental,0.40358062286163127,0.023647996363265977,-0.0397
B016,Europa_Occidental,-0.12627840453208186,0.09083962244731648,0.0102
B017,Europa_Occidental,-0.30611062573431524,0.054645980667465774,0.0811
B018,Europa_Occidental,-0.5739125544410791,0.2153462545432342,0.0649
B019,Europa_Occidental,0.8907339565884423,-0.19068555962486403,-0.1505
B020,Europa_Occidental,-0.3652110493270761,0.36896580125523637,0.1149
B021,Europa_Occidental,0.211847896774735,0.09869605111486572,0.0092
B022,Europa_Occidental,-0.16288255859902515,0.0032640093523248577,0.0475
B023,Europa_Occidental,0.20507474793794941,0.0032126977007921314,-0.1005
B024,Europa_Occidental,0.43137660508533965,-0.009080081040292594,-0.0425
B025,Europa_Occidental,-0.1294523953064338,0.058111545043757935,0.0075
B026,Europa_Occidental,0.32593526559098285,-0.021917903263907225,-0.0783
B027,Europa_Occidental,0.6077689968915121,-0.18261817713967565,-0.0622
B028,Europa_Occidental,0.887570614225246,-0.15795748222130548,-0.1478
B029,Europa_Occidental,-0.33636841045200244,0.30353063987770074,0.0814
B030,Europa_Occidental,0.27957484808041205,0.023578391502541006,-0.0651
B031,Europa_Occidental,-0.013011776815398127,0.006476707053117012,-0.053
B032,Europa_Occidental,0.2139012878824116,-0.005816071687967702,0.005
B033,Europa_Occidental,-0.3193262214647133,0.061375554396082804,0.055
B034,Europa_Occidental,0.5073242643608699,-0.025181912616232094,-0.1258
B035,Europa_Occidental,-0.7675868869895123,0.18588218649200053,0.1097
B036,Europa_Occidental,1.0839431910940296,-0.16122149157363042,-0.1953
B037,Europa_Occidental,-0.530250158202318,0.312820330719644,0.1647
B038,Europa_Occidental,0.14830539529921888,0.006050157456657249,0.0051
B039,Europa_Occidental,0.22905432443890741,-0.012292778741084701,0.058
B040,Europa_Occidental,-0.30697420859258967,0.054898847342965795,0.108
B041,Europa_Occidental,0.4895937100987876,-0.01870520556311508,-0.1788
B042,Europa_Occidental,0.7688122501384096,-0.17940547943888352,-0.1627
B043,Europa_Occidental,1.057201765825825,-0.1547447845205132,-0.2483
B044,Europa_Occidental,-0.4774946145905125,0.33168403018529613,0.1844
B045,Europa_Occidental,0.2503222780741403,0.06853176425478653,0.0004
B046,Europa_Occidental,0.5715861869288877,-0.0671916260840505,-0.05
B047,Europa_Occidental,0.7130743287284212,-0.0309979843041998,-0.1208
B048,Europa_Occidental,0.9961709818129353,-0.19169825817996825,-0.1047
B049,Europa_Occidental,1.2778504507300021,-0.16703756326159824,-0.1903
B050,Europa_Occidental,-0.7446428406884709,0.29746200904182607,0.1278
B051,Europa_Occidental,-0.051233108621590855,-0.012908808843251308,0.0029
B052,Europa_Occidental,0.17330480607171458,0.0361936417798507,-0.0708
B053,Europa_Occidental,0.4585711792599769,-0.12450663209591775,-0.0547
B054,Europa_Occidental,0.7487442275523241,-0.0998459371775476,-0.1403
B055,Europa_Occidental,-0.15396739644625332,0.27698222040787207,0.0275
B056,Europa_Occidental,0.38240842852066453,0.030532023509093738,-0.1147
B057,Europa_Occidental,-0.2667276388966501,0.16070027387576846,-0.0162
B058,Europa_Occidental,0.5772654645926342,-0.1360395789573983,-0.0694
B059,Europa_Occidental,-0.060158753525249846,0.32143028212686847,0.0005
B060,Europa_Occidental,0.42472460930836836,0.08784464567370627,-0.0855
B061,Europa_Occidental,0.2994809337489916,0.024660694918370134,-0.0856
B062,Europa_Occidental,0.277023865941578,0.1970963364327937,0.0056
B063,Europa_Occidental,0.8976870056246498,-0.039936006111940044,-0.2223
B064,Europa_Occidental,0.49291060278271237,0.23518744499213112,-0.0774
B065,Europa_Occidental,1.019070209514644,0.010942194875190376,-0.1991
B066,Europa_Occidental,0.7567045895457573,-0.2781186742751923,-0.2421
B067,Europa_Nordica,-0.13168691302893798,0.29965276701076404,0.1347
B068,Europa_Nordica,0.20593478198175622,0.0223031027943604,-0.1121
B069,Europa_Nordica,-0.3807612316553007,0.09805795713364089,0.0767
B070,Europa_Nordica,-0.1683930664311166,-0.044989003902311996,0.0834
B071,Europa_Nordica,-0.32413509229764115,0.2773496642164037,0.2468
B072,Europa_Nordica,0.2563952560994399,0.20159480987712325,0.058
B073,Europa_Nordica,-0.02286740754988252,-0.28688230502848605,-0.1949
B074,Europa_Nordica,0.5904175012239536,-0.07575485433928049,-0.1888
B075,Europa_Nordica,-0.18186251831465014,-0.0333608835125464,0.0556
B076,Europa_Nordica,0.12410418986369354,-0.03859857709265073,-0.0412
B077,Europa_Este,0.323616784371233,-0.09915176799099304,0.0201
B078,Europa_Este,0.14908688772215142,-0.03265760063451131,-0.0428
B079,Europa_Este,-1.1514602113889962,0.09666838888062326,0.4294
B080,Europa_Este,-0.1681223909557572,-0.18310004920895387,0.0645
B081,Europa_Este,0.23301768609858547,-0.11098494178551037,-0.0597
B082,Europa_Este,-0.1037780835070071,-0.023896679311095362,-0.3648
B083,Europa_Este,0.24762916032894908,-0.05223400652763228,-0.1119
B084,Europa_Este,0.14281558873692257,-0.21482973766502497,0.0815
B085,Europa_Este,-0.12756110520385291,-0.317320678669646,-0.0155
B086,Europa_Este,0.5171640129015215,-0.2572847153373423,0.0938
B087,Europa_Este,0.2010068793265404,-0.05322367880757707,0.0455
B088,Europa_Este,0.8460443011028176,-0.212004104452401,-0.1326
B089,Europa_Este,0.2642576660463247,-0.02141786660317337,0.1785
B090,Europa_Este,0.03708919299282461,-0.1642312809024568,0.1287
B091,Europa_Este,0.6103741866566148,-0.04537437772643267,0.3258
B092,Europa_Este,0.15938420934782568,-0.037212759652223606,0.0225
B093,Europa_Este,-0.0019794407621487324,-0.0027424824059419186,0.143
B094,Europa_Este,0.29058188710806965,-0.09755958900080187,0.2658
B095,Europa_Este,0.42391093338596564,-0.11371039068583873,-0.1645
B096,Europa_Este,1.5340558511694602,-0.16720752038299158,-0.4798
B097,Europa_Este,0.4241073803804159,0.13989536668368746,-0.1383
B098,Europa_Este,0.11265090847866606,-0.028374996559300116,-0.0178
B099,Europa_Este,0.33528671001014715,-0.032186787249726366,0.3036
B100,Europa_Este,0.13140637154638746,0.04179890826063131,-0.0331
B101,Europa_Este,0.03708736563918802,-0.1360590460695286,0.1026
B102,Europa_Este,0.2933805148097016,0.23854998707414962,-0.0056
B103,Europa_Este,0.41228872180642084,-0.17851402374184588,0.1149
B104,Europa_Este,1.0855470951246444,-0.3110750945540939,-0.3366
B105,Europa_Este,0.9511929917017399,-0.19228185926561775,-0.3336
B106,Europa_Este,0.3332948060685801,-0.15590916169663788,-0.4408
B107,Europa_Este,0.7039993135442412,-0.10942807262817027,-0.1618
B108,Europa_Este,1.0014838123540744,-0.2647830542183198,-0.2735
B109,Europa_Este,0.7279454039018922,-0.36727399522294096,-0.3705
B110,Europa_Este,1.3683223412787315,-0.3072380318906372,-0.2611
B111,Europa_Este,0.1919726584205566,0.05996444191508159,0.0552
B112,Europa_Este,-0.14529004814378385,-0.03141217295023806,-0.1682
B113,Europa_Este,0.3478623540404964,-0.021946086644735043,0.0858
B114,Europa_Este,0.16043136855652104,-0.01713461908732162,0.1153
B115,Europa_Este,-0.11217478454773191,-0.1196255600919426,0.0183
B116,Europa_Este,0.5321755823663391,-0.05958959675963891,0.1276
B117,Europa_Este,0.36937590530088515,0.10398221997101029,0.2199
B118,Europa_Este,0.16721727781550863,-0.06006260246407924,0.0288
B119,Europa_Este,-0.019332200310439987,0.06339302613821336,-0.0257
B120,Europa_Este,0.2448335193005385,0.1206837389176396,0.0924
B121,Europa_Este,0.4105164263179618,-0.13295527469947277,0.0239
B122,Europa_Este,0.6505505815604701,0.06884099925619001,0.2701
B123,Europa_Este,0.4934613281053854,-0.08612893269266898,0.1611
B124,Europa_Este,-0.0704257428838473,-0.07279015163046901,-0.0359
B125,Europa_Este,0.9353858719298889,-0.1788070086737121,0.1311
B126,Europa_Este,0.028361053755811976,0.09405218900597799,0.1029
B127,Europa_Este,0.5591902587606805,-0.036508404264803306,0.2054
B128,Europa_Este,0.4374418614642975,-0.15419171657571606,-0.1454
B129,Europa_Este,0.2749874944396177,0.10249094100462101,0.097
B130,Europa_Este,0.3690177951288145,-0.04245497767231728,0.0124
B131,Europa_Este,0.6436109154315917,0.06003596333230368,0.1094
B132,Europa_Sur,-0.41000410537898563,0.07833274602363141,0.0004
B133,Europa_Sur,-1.026389039078181,0.1744679714043675,0.073
B134,Europa_Sur,-0.8425274942897305,0.1523401308339543,0.1828
B135,Europa_Sur,-1.2347590408792273,0.20379364260951097,0.391
B136,Europa_Sur,-0.11780808257754043,-0.08236752785213702,0.0166
B137,Europa_Sur,0.7198158134517862,-0.05499128426391198,-0.0684
B138,Europa_Sur,-0.3771849927629682,0.02455947904830786,0.046
B139,Europa_Sur,-0.7830008652981996,0.07601299082386453,0.2542
B140,Europa_Sur,0.16862270608689334,-0.0577068329337669,-0.069
B141,Europa_Sur,-0.46165461929840995,0.09879021992528303,-0.0126
B142,Europa_Sur,-0.2583508256298726,0.07543768003543833,0.0693
B143,Europa_Sur,-0.6645439129305158,0.12689119181099498,0.2775
B144,Europa_Sur,0.6280569401479345,-0.1701076461706871,-0.0854
B145,Europa_Sur,-0.3335700214779275,0.10599226347166123,0.09
B146,Europa_Sur,-0.7464269373478849,0.157445775247218,0.2982
B147,Europa_Sur,0.29666798891875407,-0.043355010236323634,0.109
B148,Europa_Sur,-0.09266647611441596,0.008098501539233093,0.3172
B149,Europa_Sur,0.4462666316061251,-0.05145351177555671,-0.2082
B150,Norteamerica,-0.38291916670553483,0.017918262245883453,0.1064
B151,Norteamerica,1.4992420954632286,-0.02869785631502876,-0.0933
B152,Norteamerica,1.1179133650040918,-0.010779594069145287,0.0132
B153,Centroamerica,-0.013247153533770558,-0.1712862636765825,-0.2729
B154,Centroamerica,0.5204683949669164,0.08044001035383068,0.3827
B155,Centroamerica,-0.009791813995398278,-0.02993039267909876,-0.1045
B156,Centroamerica,0.011958103595328659,0.1231095024053178,-0.1223
B157,Centroamerica,-0.16186630914015634,-0.13940968087600905,-0.3085
B158,Centroamerica,-0.4457916427107535,-0.009976101984896377,-0.1363
B159,Centroamerica,-0.2263917972332346,-0.35545085535283955,-0.4135
B160,Centroamerica,-0.864976348714809,0.2857419469657565,0.1205
B161,Centroamerica,0.4652860908840857,-0.09084625332275188,0.1098
B162,Centroamerica,0.04855699260303169,0.14135587099748373,0.1684
B163,Centroamerica,-0.06332140209589554,0.30847058663936106,0.2214
B164,Centroamerica,0.26303037923075206,-0.11356925404823054,0.0322
B165,Centroamerica,0.43000173565709504,-0.16131016169168613,-0.1366
B166,Centroamerica,0.22080900183125873,0.18416459167625693,0.1406
B167,Centroamerica,-0.542165740347287,0.3766209694491746,0.3464
B168,Centroamerica,0.48729650522393386,0.05050961767473183,0.2782
B169,Centroamerica,0.37305636135456827,0.21762433331660916,0.3313
B170,Centroamerica,0.20594940786818267,0.022723000725478688,0.0776
B171,Centroamerica,0.0645581146746527,0.07046390836893428,0.2464
B172,Centroamerica,0.2705503583394468,-0.27501084499900885,-0.0307
B173,Centroamerica,0.03352297422820036,0.31575154021386387,0.3454
B174,Centroamerica,0.11801752861933265,-0.16711471564187735,-0.053
B175,Centroamerica,0.2800617698106221,0.027786616949253218,0.2006
B176,Centroamerica,0.43889611685026736,-0.01995429069420236,0.0318
B177,Centroamerica,0.22610840654220643,0.32552046267374074,0.309
B178,Centroamerica,0.7406575454932215,-0.24765074605646356,-0.1744
B179,Centroamerica,0.18373585053051708,0.2422936958087801,0.1925
B180,Centroamerica,0.3425073161696465,0.1471604249476749,0.0849
B181,Centroamerica,0.1241099041536962,0.4926351783156181,0.362
B182,Centroamerica,0.5430937921625397,-0.12569414651964528,0.0006
B183,Centroamerica,-0.14929072381179365,0.047740907643455587,0.1688
B184,Centroamerica,-0.039953464106636256,0.2977338457244875,0.1084
B185,Centroamerica,-0.25882717191138616,0.33884652817107697,0.3336
B186,Centroamerica,-0.2077032018853393,0.3454747533679431,0.2771
B187,Centroamerica,-0.2424518372351998,0.13461451902454802,0.2657
B188,Centroamerica,-0.38132056503643497,0.30922659329279,0.5657
B189,Sudamerica,1.5022683140286863,-0.25988830226237075,-0.4744
B190,Sudamerica,1.2077180977002147,-0.11041491550273533,-0.3934
B191,Sudamerica,1.24508869666295,-0.194986586723298,-0.4215
B192,Sudamerica,-0.08152790598726266,-0.07443939996170262,-0.348
B193,Sudamerica,-0.4050573836987161,0.2561257246542899,0.4917
B194,Sudamerica,-0.5106563677582227,0.30255532663103973,0.2576
B195,Sudamerica,0.39925580167860714,-0.10527332842693515,-0.1301
B196,Sudamerica,0.8873311666292559,-0.4162101475728439,-0.0188
B197,Sudamerica,0.27946424730330544,-0.14634528427813115,-0.2022
B198,Sudamerica,0.3007719907400622,-0.1494733867596353,-0.081
B199,Sudamerica,0.2594551072774252,-0.06490171553907277,-0.0528
B200,Sudamerica,1.2359479191694938,0.010964320895683789,-0.0598
B201,Sudamerica,1.0740424392398924,-0.0037625776080807026,0.0173
B202,Sudamerica,0.9968989007180649,0.04266702436866912,-0.2167
B203,Sudamerica,1.141387287074757,-0.15461497383543552,-0.3442
B204,Sudamerica,0.7574099717916659,0.15632184531047325,-0.4555
B205,Sudamerica,1.2227608045316074,-0.11354301798423953,-0.2721
B206,Sudamerica,0.05218215876369381,-0.08457167122056254,-0.0282
B207,Sudamerica,0.9192614578870044,0.20173572153639902,0.0475
B208,Sudamerica,0.7779881355010955,0.1457108091515545,0.0983
B209,Sudamerica,0.700566488620579,0.19214041112830438,-0.1357
B210,Sudamerica,0.8461641248258105,-0.005141587075800252,-0.2632
B211,Sudamerica,-0.23258865453832497,-0.3057952320701086,0.3746
B212,Sudamerica,0.9272846272233654,0.035930368775395766,-0.1912
B213,Sudamerica,0.9965068849580581,0.06317572486812076,-0.0145
B214,Sudamerica,0.8265352484353622,0.06113913793099193,0.0702
B215,Sudamerica,0.740527053214496,0.10756873990774184,-0.1639
B216,Sudamerica,0.8830645410531752,-0.08971325829636274,-0.2914
B217,Sudamerica,0.483392183998466,0.22122356084954592,-0.4027
B218,Sudamerica,0.9664683446691356,-0.04864130244516674,-0.2193
B219,Sudamerica,-0.13041298034635077,0.011129271743781123,0.1585
B220,Sudamerica,-0.49881185097342867,-0.008694672373803882,0.0248
B221,Sudamerica,-0.39043939053344945,-0.06725292152877205,-0.0899
B222,Sudamerica,1.4152339716111737,-0.13586524037530048,0.0163
B223,Sudamerica,-0.22075335981873576,-0.010468323929118025,-0.1335
B224,Sudamerica,-0.08266851659326371,0.0464296019767499,-0.2341
B225,Sudamerica,-0.006326839388464112,0.15085239622735475,0.3616
B226,Sudamerica,0.5265956898030026,-0.1600844229185539,0.4729
B227,Sudamerica,-0.13115325709203754,0.10978044037615878,0.2895
B228,Sudamerica,-0.12498985938311828,0.19728199820410464,0.1275
B229,Sudamerica,0.37544982800399107,-0.11365482094180399,0.2388
B230,Sudamerica,-0.23300224583582135,0.15621004235290864,0.0554
B231,Sudamerica,0.4950023858117027,-0.31093681914590876,0.1113
B232,Sudamerica,-0.09649201172254329,-0.041071955851196,-0.0721
B233,Sudamerica,0.6218012268458568,-0.2698648632947128,0.1834
B234,Asia_Oriental,1.8596708979631122,-0.43071151837119087,0.2344
B235,Asia_Oriental,1.0169190686562726,-0.5748714743478549,-0.0593
B236,Asia_Oriental,0.7334543812692752,-0.4877444643959854,-0.0796
B237,Asia_Oriental,2.2686759836072126,-0.49690648671863014,0.0575
B238,Asia_Oriental,0.5652993492987286,0.011249360876208448,0.3968
B239,Asia_Oriental,0.8556543285041551,-0.03256581818874052,0.3717
B240,Asia_Oriental,-0.16476151583465756,0.08409671009074117,-0.0047
B241,Asia_Oriental,0.2390899094055656,-0.06644352446020527,0.0238
B242,Asia_Oriental,0.8869213771755456,-0.14252581139451664,0.4545
B243,Asia_Oriental,1.197261144875257,-0.1583210713765303,0.3709
B244,Asia_Sudeste,0.4374525701239983,0.21888136415564025,0.104
B245,Asia_Sudeste,0.8889905247669649,0.10026933754546756,0.2535
B246,Asia_Sudeste,0.6520935328842518,0.30401267168536206,0.4364
B247,Asia_Sudeste,0.39200366510393553,0.6289792561447703,0.5528
B248,Asia_Sudeste,1.6558130839452325,-0.016559393228396398,0.6638
B249,Asia_Sudeste,1.7936591130281627,0.24061936201091663,0.7069
B250,Asia_Sudeste,1.5546449169227485,0.12595926041829364,0.7403
B251,Asia_Sudeste,1.9674085761653866,-0.009318299915566479,0.4874
B252,Asia_Sudeste,-0.35900840665121625,-0.039330683365867224,0.0663
B253,Asia_Sudeste,0.30502819426001687,0.089718939219264,0.3271
B254,Asia_Sudeste,0.045505025686293096,0.43694181753251243,0.412
B255,Asia_Sudeste,1.0206892912887435,-0.0709347964297335,0.3562
B256,Asia_Sudeste,1.1795087927985224,0.1862439588095795,0.3972
B257,Asia_Sudeste,1.0503762472610956,0.04130482121997628,0.4957
B258,Asia_Sudeste,1.3632049006944709,-0.06369370311690381,0.1778
B259,Asia_Sudeste,0.1815009832169967,-0.01082244493643229,0.2186
B260,Asia_Sudeste,-0.17442487920331634,0.16556560731745826,0.4763
B261,Asia_Sudeste,0.6816747425703695,-0.12246026917659239,0.3931
B262,Asia_Sudeste,0.8296797539514856,0.13471848606272074,0.4639
B263,Asia_Sudeste,0.8579156846567103,-0.051824725313107375,0.3577
B264,Asia_Sudeste,1.0159502253850803,-0.11521917586376255,0.2445
B265,Asia_Sudeste,0.27522712007805045,-0.34594514135182264,-0.1027
B266,Asia_Sudeste,-0.38016199729473454,0.10303236822861639,-0.1999
B267,Asia_Sudeste,0.608566007428779,0.15414638701069688,0.2737
B268,Asia_Sudeste,0.5612763055103238,-0.003153778903416094,0.2514
B269,Asia_Sudeste,0.7941141545736309,-0.09579127491578641,0.0543
B270,Asia_Sudeste,0.7915361545992005,-0.25015480777594673,-0.0664
B271,Asia_Sudeste,0.9585715726242141,0.007023947463366615,-0.0063
B272,Asia_Sudeste,0.9302738404212229,-0.23342016184303432,0.0208
B273,Asia_Sudeste,1.150659332547562,-0.24291371446311683,-0.2257
B274,Asia_Sudeste,0.17925068365132238,0.2571787552393132,0.0788
B275,Asia_Sudeste,0.26670986751406517,0.038929399040934023,-0.0616
B276,Asia_Sudeste,0.3778410948325849,0.007241093312829907,-0.1406
B277,Asia_Sudeste,-0.07995349452094469,0.21824935619837924,0.161
B278,Asia_Sudeste,-0.18942997258629546,0.24993766192648326,0.2194
B279,Asia_Sudeste,-0.10704813183744166,0.0316883057281041,0.0584
B280,Asia_Sur,0.038736672483101635,-0.13053615625064824,0.0446
B281,Asia_Sur,0.3716711499728122,-0.04833954486930601,0.1545
B282,Asia_Sur,0.5865330104691532,0.04755619702248613,0.0173
B283,Asia_Sur,0.2426695110147225,0.16446888017125935,0.1811
B284,Asia_Sur,0.07537891365349951,0.29977407411347434,0.5213
B285,Asia_Sur,0.4227172600639842,-0.17887570111995424,0.1991
B286,Asia_Sur,0.5720024589268855,0.10603174095239852,-0.0387
B287,Asia_Sur,0.28834152417980713,0.03393272392061095,0.228
B288,Asia_Sur,0.13208432597427266,0.1692379178628261,0.5659
B289,Asia_Sur,0.9707427603171209,-0.0728439601675557,0.1604
B290,Asia_Sur,-0.11558646240855437,0.21280842504056532,0.0288
B291,Asia_Sur,-0.3011885184012346,0.34811361898278037,0.3668
B292,Asia_Sur,0.8431317245748053,0.1399644648730096,0.1898
B293,Asia_Sur,0.6737726440065687,0.2752696588152247,0.5272
B294,Asia_Sur,-0.17448750493369206,0.13530519394221502,0.3379
B295,Medio_Oriente,0.9453415283795938,-0.18054013003996042,-0.0515
B296,Medio_Oriente,0.7469006185465938,-0.23196584222453392,0.0483
B297,Medio_Oriente,0.68812437794365,-0.1375725113945449,0.3498
B298,Medio_Oriente,-0.03209422365574525,0.30340014084853756,0.1447
B299,Medio_Oriente,1.6561055480876674,-0.23896012133221775,-0.059
B300,Medio_Oriente,0.9139706566446774,-0.0021996346228239628,0.165
B301,Medio_Oriente,0.7792048119457792,-0.2563301221363779,0.4242
B302,Medio_Oriente,0.49688246137892617,0.4880210086557094,0.4812
B303,Medio_Oriente,1.621199324262821,0.19153813673829517,0.2189
B304,Medio_Oriente,0.2148058883386843,0.05142571218457341,-0.0834
B305,Medio_Oriente,-0.24089216115884143,0.0429676186454154,0.3799
B306,Medio_Oriente,0.9041344964905638,0.12286001080857716,0.1534
B307,Medio_Oriente,0.685983379701009,-0.05841999129225725,0.0333
B308,Medio_Oriente,0.08051689470182734,-0.17834049541713645,-0.2112
B309,Medio_Oriente,0.4609691686462956,0.0757899920964174,-0.4608
B310,Medio_Oriente,0.4729869246598951,-0.6685611386956699,-0.515
B311,Medio_Oriente,0.6696416593295211,0.37207826677825545,0.2704
B312,Medio_Oriente,-0.024461968518742407,0.0943933308299888,0.2965
B313,Medio_Oriente,0.692083743625609,0.07143429862400373,0.2368
B314,Medio_Oriente,0.9259507997354023,-0.006994279107683736,-0.0501
B315,Medio_Oriente,0.20475189581838985,0.22976620760170985,0.1278
B316,Medio_Oriente,0.0415414456288147,-0.024364279911844092,0.3775
B317,Medio_Oriente,-0.22180007047587108,0.7199868508802433,0.4316
B318,Medio_Oriente,0.9020925273498357,0.4235039789628288,0.1706
B319,Medio_Oriente,0.6487463869473582,0.16582762945399251,0.5333
B320,Medio_Oriente,0.9536274817977436,-0.10138760993767261,-0.3466
B321,Medio_Oriente,-0.16867694479223208,-0.13537287677172108,0.1688
B322,Medio_Oriente,0.22237093469066652,0.1187576107418329,-0.0809
B323,Medio_Oriente,0.2283811798748708,-0.6255935200502544,-0.135
B324,Medio_Oriente,0.9458827702611099,0.32911064813284013,-0.1309
B325,Medio_Oriente,1.622941080404483,0.06444001951632,0.1867
B326,Medio_Oriente,0.89369941459401,0.30120050622571365,0.3646
B327,Medio_Oriente,0.8067305269450649,0.04707001871215957,0.6142
B328,Medio_Oriente,0.464969727919511,0.7914211495042471,0.6684
B329,Medio_Oriente,1.598002268088764,0.49493827758683256,0.3636
B330,Medio_Oriente,0.7474504138778549,-0.2367604867093937,-0.1779
B331,Medio_Oriente,1.133890724621923,0.017370000804160304,-0.4276
B332,Medio_Oriente,1.150335788610286,-0.726981129987927,-0.4817
B333,Medio_Oriente,-0.02520172926268303,0.4304982580705127,0.2779
B334,Medio_Oriente,0.3945431618552854,0.25413048751355394,-0.2497
B335,Medio_Oriente,0.4183023868030088,-0.49022064327853343,-0.3038
B336,Medio_Oriente,0.7510157119446506,0.19373777136111903,0.0539
B337,Medio_Oriente,-0.007604734482232964,0.7443511307920875,0.0541
B338,Medio_Oriente,1.1401629516978273,0.44786825887467296,-0.2053
B339,Medio_Oriente,1.1365252200584475,-0.2964828719174143,-0.2622
B340,Africa_Norte,-0.23355116058489936,0.15497720818993097,0.2342
B341,Africa_Norte,0.4909282734973176,-0.029285152120414736,-0.1119
B342,Africa_Norte,0.34443152044093894,-0.0988553803069082,-0.0477
B343,Africa_Norte,0.31777448178214246,0.010586950585760245,0.4554
B344,Africa_Norte,0.6313408593605567,0.038624375663683035,0.3334
B345,Africa_Norte,0.24501089193197678,0.12569205606951622,0.1223
B346,Africa_Norte,0.10302568694487359,0.05612182788302274,0.1865
B347,Africa_Norte,0.5635202855901348,-0.14439025760417087,0.1728
B348,Africa_Norte,0.41770961936737266,0.19360158385361395,0.616
B349,Africa_Norte,0.15465209152529252,0.06957022818649343,-0.0643
B350,Africa_Norte,0.8084989619432339,-0.01869820153465453,0.3214
B351,Africa_Norte,0.1349428415276719,0.06790952778409777,0.4674
B352,Africa_Norte,0.6835468120738131,-0.08826842972114815,0.3805
B353,Africa_Norte,0.24177370464711287,0.13747975597059123,0.4083
B354,Africa_Norte,1.0410521279631373,0.049211326249443466,0.7888
B355,Africa_Sub,1.2919961602287682,-0.20405817827604514,-0.0819
B356,Africa_Sub,1.446999303246788,0.04250697142906906,-0.0048
B357,Africa_Sub,1.0444267723078218,-0.055374609484373574,0.1791
B358,Africa_Sub,1.2116044936163282,0.3897834390094062,0.1596
B359,Africa_Sub,1.3478146820911774,-0.11673423938842173,0.0833
B360,Africa_Sub,1.9138553923127004,-0.1496092664722662,-0.0223
B361,Africa_Sub,1.6038397286051997,-0.0500330551201394,0.1837
B362,Africa_Sub,0.9779363240619722,0.4313573162248478,0.4959
B363,Africa_Sub,-1.6874337809959294,0.2922977569190976,0.9003
B364,Africa_Sub,1.9113304823086772,0.12179879803584284,0.1164
B365,Africa_Sub,1.3399788765159466,0.21494246608815706,0.0202
B366,Africa_Sub,0.9485277711211147,0.2057590518469506,0.2956
B367,Africa_Sub,1.0838761237376706,-0.48530209624216414,0.0309
B368,Africa_Sub,0.16956008707965706,0.2465651497051145,0.0771
B369,Africa_Sub,-0.23025753023521583,0.14868356879167202,0.261
B370,Africa_Sub,-0.06552763336110126,0.5938416172854515,0.2415
B371,Africa_Sub,0.07691366170802696,0.08732393888762366,0.1652
B372,Africa_Sub,0.6364619524615099,0.054448911803779226,0.0595
B373,Africa_Sub,0.3310440402404458,0.15402512315590616,0.2656
B374,Africa_Sub,-0.29522230901412083,0.6354154945008932,0.5777
B375,Africa_Sub,-0.4095019429373295,0.08823957864305206,0.8184
B376,Africa_Sub,0.6372023558757429,0.3258569763118882,0.1983
B377,Africa_Sub,0.06613961479959932,0.41900064436420237,0.102
B378,Africa_Sub,-0.3250045977171092,0.409817230122996,0.3774
B379,Africa_Sub,0.3044378004959455,0.28124391796611836,-0.1127
B380,Africa_Sub,0.4426891970380664,0.09788158091344246,-0.1838
B381,Africa_Sub,0.24134206420234458,-0.34727646758033703,-0.1644
B382,Africa_Sub,-0.09245558077893604,-0.15924121081749085,0.0881
B383,Africa_Sub,0.46823341234521976,-0.19211623790133528,-0.0176
B384,Africa_Sub,0.1602773848209092,-0.0925400265492084,0.1885
B385,Africa_Sub,-0.4650560058691603,0.3888503447957787,0.5006
B386,Africa_Sub,-0.2435627737775014,0.3348047283481666,0.8955
B387,Africa_Sub,0.46892310771059165,0.07929182660677367,0.1212
B388,Africa_Sub,0.11179367293920343,-0.1724354946590879,-0.0249
B389,Africa_Sub,0.5318416305292888,-0.16325208041788153,-0.3003
B390,Africa_Sub,0.4517289310829243,0.5278090676712329,-0.0356
B391,Africa_Sub,0.21469362282209004,0.44515804849377955,-0.0195
B392,Africa_Sub,0.32524861854514486,-0.06135962990404836,-0.0957
B393,Africa_Sub,0.9012749856256601,-0.09423465698789285,-0.2014
B394,Africa_Sub,0.5655188301121783,0.005341554364234191,0.0046
B395,Africa_Sub,-0.05769645608629558,0.4867319257092212,0.3168
B396,Africa_Sub,-0.542914731288639,0.23692314743472406,1.0793
B397,Africa_Sub,0.9072622407241485,0.17717340752021613,-0.0626
B398,Africa_Sub,0.3406072319172368,0.2703170755725303,-0.1589
B399,Africa_Sub,-0.08887912224068399,0.261133661331324,0.1165
B400,Africa_Sub,-0.0005162204194949926,0.4299274867577904,0.1482
B401,Africa_Sub,0.14572747320783444,-0.506517678397828,-0.0763
B402,Africa_Sub,0.711029429844851,-0.5393927054816723,-0.182
B403,Africa_Sub,0.4037451488040198,-0.4398164941295453,0.0241
B404,Africa_Sub,-0.22473025897448257,0.041573877215441715,0.3362
B405,Africa_Sub,-0.4954801173470141,0.6820811959285037,1.0599
B406,Africa_Sub,0.7066747617759267,-0.26798464097356334,-0.0432
B407,Africa_Sub,-0.12276073975823472,0.17484097292124912,0.1395
B408,Africa_Sub,0.3062389481574814,0.18402438716245556,-0.1359
B409,Africa_Sub,0.2200456954452607,0.8750855352515701,0.1288
B410,Africa_Sub,0.5773532687109596,-0.03287502708384443,-0.1057
B411,Africa_Sub,0.25029454604531226,0.06670118426828249,0.1004
B412,Africa_Sub,-0.3732114313681493,0.5480915556132696,0.4125
B413,Africa_Sub,-0.28151997131608647,0.17556351753067564,0.9836
B414,Africa_Sub,0.5774727831443427,0.23853303742426452,0.0331
B415,Africa_Sub,0.02162335647470718,-0.3316767054765787,0.0632
B416,Africa_Sub,0.4195482448474399,-0.32249329123537235,-0.2122
B417,Africa_Sub,0.32199395448594026,0.36856785685374205,0.0525
B418,Africa_Sub,0.3371523913547554,-0.09957621135212694,-0.206
B419,Africa_Sub,0.9617336842329832,-0.580966582697114,-0.5182
B420,Africa_Sub,0.24895862211071762,0.14268849044683146,0.8779
B421,Africa_Sub,0.0026445857598386565,0.27140806450810895,0.1388
B422,Africa_Sub,0.5823221877984988,-0.36455173256042317,-0.0425
B423,Africa_Sub,0.9913215208441325,-0.3553683183192169,-0.3179
B424,Africa_Sub,0.9082614754507656,0.3356928297698976,-0.0532
B425,Africa_Sub,0.6269811178404655,-0.4813903713449872,-0.3122
B426,Africa_Sub,0.011544790299368593,0.2422647017989583,1.084
B427,Africa_Sub,0.34238630539178333,0.171831853155982,-0.0673
B428,Africa_Sub,0.2796439867763221,-0.2649755212082961,0.1635
B429,Africa_Sub,0.659375140828422,-0.2557921069670898,-0.1119
B430,Africa_Sub,0.5595006229234042,0.4352690411220245,0.1528
B431,Africa_Sub,-0.6220765415444566,0.7236550731439454,1.3961
B432,Africa_Sub,0.9651559339857095,-0.3095585181890051,-0.3794
B433,Africa_Sub,-0.34527711800257466,0.21641485013669085,0.4757
B434,Africa_Sub,0.039917617903202716,0.22559826437789723,0.2003
B435,Africa_Sub,-0.06626978278147018,0.9166594124670119,0.465
B436,Africa_Sub,0.22821213802226237,0.4140965549549403,1.0167
B437,Africa_Sub,-0.36697364073955624,0.5072402230072545,0.9204
B438,Africa_Sub,-0.6582770408131031,0.498056808766048,1.1958
B439,Africa_Sub,-0.45600374109494546,-0.1930043393230664,0.9311
B440,Africa_Sub,0.5788589880365194,-0.09314366805231412,0.0963
B441,Africa_Sub,0.998199925574239,-0.08396025381110772,-0.1791
B442,Africa_Sub,0.910321979321656,0.6071008942780065,0.0856
B443,Africa_Sub,0.42787039495914775,0.009183414241206405,-0.2754
B444,Africa_Sub,0.3517971415868008,0.7002445623303207,-0.0107
B445,Africa_Sub,-0.08266067898144196,0.6910611480891145,0.2647
B446,Oceania,0.03565066122225605,-0.15768965329164872,-0.1096
