escenario,b_verdadera,metodo,preregistrado,tasa_total,n_evaluables_total,tasa_estimables,n_evaluables_estimables,admisible
tamano (b = 0),0.0,ols,1,0.679,2000,0.5948,733,0
tamano (b = 0),0.0,ar1_inf,1,0.1063,1919,0.0711,731,1
tamano (b = 0),0.0,ar1_sup,1,0.481,1919,0.4856,731,0
tamano (b = 0),0.0,nw_auto,1,0.5175,2000,0.4079,733,0
tamano (b = 0),0.0,nw_n4,1,0.461,2000,0.3806,733,0
tamano (b = 0),0.0,gls_pw,1,0.1575,2000,0.1132,733,0
tamano (b = 0),0.0,boot_rb3,1,0.427,2000,0.3029,733,0
tamano (b = 0),0.0,boot_ub3,0,0.4765,2000,0.3479,733,0
tamano (b = 0),0.0,boot_rb8,1,0.284,2000,0.1705,733,0
tamano (b = 0),0.0,boot_ub8,0,0.395,2000,0.2729,733,0
tamano (b = 0),0.0,boot_rb17,1,0.2215,2000,0.1555,733,0
tamano (b = 0),0.0,boot_ub17,0,0.386,2000,0.2756,733,0
poder (b = -0.30),-0.3,ols,1,0.973,2000,0.9843,699,0
poder (b = -0.30),-0.3,ar1_inf,1,0.668,1928,0.8407,697,1
poder (b = -0.30),-0.3,ar1_sup,1,0.8703,1928,0.9613,697,0
poder (b = -0.30),-0.3,nw_auto,1,0.953,2000,0.9771,699,0
poder (b = -0.30),-0.3,nw_n4,1,0.9405,2000,0.9728,699,0
poder (b = -0.30),-0.3,gls_pw,1,0.9755,2000,0.9742,699,0
poder (b = -0.30),-0.3,boot_rb3,1,0.951,2000,0.9714,699,0
poder (b = -0.30),-0.3,boot_ub3,0,0.955,2000,0.9742,699,0
poder (b = -0.30),-0.3,boot_rb8,1,0.937,2000,0.9628,699,0
poder (b = -0.30),-0.3,boot_ub8,0,0.9395,2000,0.9628,699,0
poder (b = -0.30),-0.3,boot_rb17,1,0.922,2000,0.9599,699,0
poder (b = -0.30),-0.3,boot_ub17,0,0.9375,2000,0.9657,699,0
poder (b = -0.60),-0.6,ols,1,0.9995,2000,1.0,676,0
poder (b = -0.60),-0.6,ar1_inf,1,0.826,1920,0.9556,675,1
poder (b = -0.60),-0.6,ar1_sup,1,0.9224,1920,0.9941,675,0
poder (b = -0.60),-0.6,nw_auto,1,0.9965,2000,1.0,676,0
poder (b = -0.60),-0.6,nw_n4,1,0.996,2000,1.0,676,0
poder (b = -0.60),-0.6,gls_pw,1,0.9995,2000,1.0,676,0
poder (b = -0.60),-0.6,boot_rb3,1,0.9975,2000,1.0,676,0
poder (b = -0.60),-0.6,boot_ub3,0,0.997,2000,1.0,676,0
poder (b = -0.60),-0.6,boot_rb8,1,0.9965,2000,1.0,676,0
poder (b = -0.60),-0.6,boot_ub8,0,0.997,2000,1.0,676,0
poder (b = -0.60),-0.6,boot_rb17,1,0.994,2000,0.9985,676,0
poder (b = -0.60),-0.6,boot_ub17,0,0.997,2000,1.0,676,0
