nodo,n_socios,rho_parcial,rho_simple,rho_parcial_gravedad,n_socios_gravedad
Afghanistan,69,0.058684,-0.017268,-0.042793,69
Algeria,67,0.271986,0.227402,0.258586,67
Angola,92,0.018166,0.037191,0.012587,92
Austria,14,0.14501,0.243956,0.306525,14
Bangladesh,131,0.006224,0.045409,-0.070193,131
Botswana,58,-0.12098,-0.132042,-0.140472,58
Brazil,12,0.452094,-0.13986,-0.255554,12
Bulgaria,11,-0.55476,-0.218182,-0.470435,11
Cambodia,78,-0.14271,-0.141018,-0.23522,78
Cameroon,91,0.048204,0.053509,-0.005236,91
Canada,8,-0.020921,-0.428571,0.003932,8
Chile,8,0.530352,0.404762,0.232944,8
China,9,0.334068,0.216667,0.137101,9
Costa Rica,13,-0.246993,-0.679568,-0.179118,13
Croatia,50,-0.125544,-0.233613,0.050799,50
Cyprus,49,0.318759,0.331047,0.344238,49
Czechia,37,-0.426659,-0.480085,-0.222674,37
Dominican Republic,63,0.128791,0.139873,0.079791,63
Egypt,66,0.347583,0.327311,0.293242,66
El Salvador,23,-0.026819,0.062253,-0.044314,23
Ethiopia,73,0.188184,0.0585,0.157187,73
Finland,17,-0.22676,-0.323529,-0.103032,17
France,8,-0.215007,-0.309524,-0.009932,8
Ghana,71,0.273529,0.214353,0.23005,71
Greece,9,-0.459023,-0.45,-0.554874,9
Guatemala,14,-0.57806,-0.648352,-0.659881,14
Honduras,18,-0.467049,-0.451537,-0.571267,18
Hungary,17,-0.129938,0.050276,-0.081432,17
Iceland,14,-0.01729,0.022002,0.21508,14
India,70,0.270878,0.248609,0.077637,70
Indonesia,68,0.352509,0.286593,0.264653,68
Iran,13,-0.211886,-0.226079,-0.020222,13
Iraq,43,0.372236,0.35238,0.349253,43
Ireland,16,0.15059,-0.182487,0.339051,16
Israel,24,0.417538,0.33616,0.608921,24
Italy,9,0.637792,0.666667,0.576866,9
Japan,8,-0.087149,-0.166667,0.044739,8
Jordan,50,0.005087,0.017621,-0.015709,50
Kenya,103,0.147458,0.148343,0.099548,103
Laos,64,0.104985,0.105042,0.069036,64
Lebanon,24,0.224819,0.150947,0.427523,24
Libya,96,0.294848,0.335655,0.222133,96
Malaysia,63,0.244056,0.239833,0.263691,63
Malta,69,0.423506,0.297734,0.423605,69
Mexico,8,0.066667,-0.714286,-0.040199,8
Mongolia,48,0.125169,0.097024,0.095267,48
Morocco,67,0.263427,0.232471,0.255198,67
Mozambique,87,0.152336,0.126605,0.185412,87
Myanmar,72,0.381614,0.321946,0.327967,72
Nepal,55,0.098829,0.089343,0.070196,55
Nicaragua,15,-0.542037,-0.440863,-0.65437,15
Nigeria,87,0.042249,0.035062,-0.028845,87
Norway,11,0.373229,0.063636,0.413205,11
Pakistan,106,0.097257,0.112458,0.122212,106
Panama,13,-0.67267,-0.71978,-0.773683,13
Paraguay,30,-0.187842,-0.172419,-0.357576,30
Peru,9,-0.719147,-0.6,-0.879825,9
Philippines,59,0.296259,0.240922,0.175123,59
Poland,25,0.278691,0.149231,0.241463,25
Romania,10,-0.424625,-0.187879,-0.415841,10
Russia,56,-0.201196,-0.282023,0.001461,56
Saudi Arabia,30,-0.105677,-0.085454,-0.097463,30
Senegal,65,0.235791,0.187355,0.225448,65
Singapore,53,-0.041683,-0.051685,-0.027533,53
Slovakia,43,-0.297123,-0.355935,-0.104765,43
Slovenia,31,-0.447387,-0.495565,-0.220259,31
South Africa,22,0.126075,-0.210675,-0.045866,22
South Korea,71,0.232254,0.223881,0.130578,71
Spain,12,0.246668,-0.034965,-0.199818,12
Sri Lanka,59,0.19163,0.158439,0.04844,59
Sudan,76,0.322277,0.265175,0.299035,76
Syria,26,-0.036972,-0.036114,0.145787,26
Taiwan,62,0.061024,0.090746,-0.016021,62
Tanzania,99,0.169176,0.19673,0.081693,99
Thailand,15,0.145404,-0.109914,0.139639,15
Tunisia,74,0.324202,0.279511,0.317144,74
Turkey,17,-0.05242,-0.289216,-0.032832,17
Uganda,81,0.281972,0.212272,0.237437,81
Ukraine,76,-0.009555,-0.033001,0.145869,76
Venezuela,8,-0.518754,-0.52381,-0.569889,8
Vietnam,96,0.289755,0.286199,0.30921,96
Yemen,100,0.209254,0.056756,0.275757,100
Zambia,84,0.221686,0.123735,0.242298,84
Zimbabwe,89,0.204785,0.123456,0.209801,89
