id,pais,b_publicado,b,coincide,n,r2_log,se_b,p_ols,dw,rho_ar1,n_eff,p_newey_west,nw_lag,estimable,sig_ar1_cota_inf,sig_ar1_cota_sup
E3_001,Afghanistan,1.2393,1.2393,True,60,0.8145,0.077665,6.987690977343846e-23,0.1786,0.9107,2.8,1.5370546167402302e-07,3,False,False,False
E3_002,Albania,0.5681,0.5681,True,60,0.9153,0.022687,8.695202043022652e-33,0.4725,0.7638,8.04,1.0418814561702755e-11,3,True,True,True
E3_003,Algeria,1.2758,1.2758,True,60,0.9232,0.048307,5.07980015702291e-34,0.5829,0.7086,10.23,1.3373868147486075e-12,3,True,True,True
E3_004,American Samoa,1.1312,1.1312,True,60,0.8761,0.055852,5.542836035634452e-28,0.3348,0.8326,5.48,1.1131538215471704e-10,3,True,True,True
E3_005,Andorra,0.5883,0.5883,True,60,0.8945,0.026533,5.2428644699219475e-30,0.6247,0.6876,11.11,2.445574608903191e-14,3,True,True,True
E3_006,Angola,0.7762,0.7762,True,60,0.7952,0.051719,1.2374623465705727e-21,0.1581,0.921,2.47,9.06915787687565e-07,3,False,False,False
E3_007,Anguilla,0.0036,0.0036,True,60,0.209,0.00092,0.00024069516942607123,0.1449,0.9275,2.26,0.03815089140180179,3,False,False,False
E3_008,Antigua and Barbuda,0.0953,0.0953,True,60,0.8208,0.005847,2.5470365934220586e-23,0.2009,0.8996,3.17,1.1853422830307809e-07,3,True,False,True
E3_009,Argentina,1.3649,1.3649,True,60,0.9277,0.050041,8.981862147858327e-35,0.6253,0.6874,11.12,4.970133982306613e-13,3,True,True,True
E3_010,Armenia,0.9725,0.9725,True,60,0.8913,0.044591,1.2344471189760384e-29,0.3791,0.8105,6.28,1.7116776105929503e-10,3,True,True,True
E3_011,Aruba,0.0039,0.0039,True,60,0.6894,0.000345,2.3371730502684713e-16,0.3282,0.8359,5.36,1.0202987902595529e-08,3,True,True,True
E3_012,Australia,1.1501,1.1501,True,60,0.8652,0.059613,6.47173677244749e-27,0.4534,0.7733,7.67,1.4242616078648994e-13,3,True,True,True
E3_013,Austria,1.1413,1.1413,True,60,0.8603,0.060381,1.8072461767423826e-26,0.3661,0.817,6.04,2.4332681682144187e-11,3,True,True,True
E3_014,Azerbaijan,1.0212,1.0212,True,60,0.9227,0.038806,6.155746360228561e-34,0.645,0.6775,11.54,1.6323412767584329e-13,3,True,True,True
E3_015,Bahamas,0.1254,0.1254,True,60,0.1599,0.037737,0.001550800061329216,0.2138,0.8931,3.39,0.06796084093146941,3,True,False,False
E3_016,Bahrain,0.9974,0.9974,True,60,0.799,0.065692,7.227878568331101e-22,0.1604,0.9198,2.51,4.7488409308716165e-07,3,False,False,False
E3_017,Bangladesh,1.4945,1.4945,True,60,0.9115,0.061153,3.174469632040118e-32,0.4619,0.7691,7.83,1.8983047210035168e-11,3,True,True,True
E3_018,Barbados,0.1984,0.1984,True,60,0.7644,0.014461,7.340268744702887e-20,0.1688,0.9156,2.64,1.9797306970551344e-06,3,False,False,False
E3_019,Belarus,1.5232,1.5232,True,60,0.9283,0.055573,6.901648949057111e-35,0.6321,0.684,11.26,3.0049283153138407e-13,3,True,True,True
E3_020,Belgium,1.8094,1.8094,True,60,0.9124,0.073631,2.3691403138421512e-32,0.4615,0.7693,7.82,8.497487555056586e-12,3,True,True,True
E3_021,Belize,0.8709,0.8709,True,60,0.93,0.031366,3.4255305166179955e-35,0.6786,0.6607,12.26,1.194552319445313e-13,3,True,True,True
E3_022,Benin,0.7914,0.7914,True,60,0.6805,0.071192,5.324528502690934e-16,0.1087,0.9457,1.68,2.595919077849672e-05,3,False,False,False
E3_023,Bermuda,0.0912,0.0912,True,60,0.8225,0.005561,1.9331795151276403e-23,0.2206,0.8897,3.5,5.446797047403091e-08,3,True,False,True
E3_024,Bhutan,0.3573,0.3573,True,60,0.8039,0.023177,3.535948822097621e-22,0.2042,0.8979,3.23,3.028449144952032e-07,3,True,False,True
E3_025,Bolivia,1.2984,1.2984,True,60,0.8267,0.07806,9.630900818669928e-24,0.1933,0.9033,3.05,8.858578113095989e-08,3,True,False,True
E3_026,Bonaire Sint Eustatius and Saba,0.0799,0.0799,True,60,0.8142,0.005015,7.334914725255476e-23,0.6209,0.6895,11.03,1.281430757546025e-10,3,True,True,True
E3_027,Bosnia and Herzegovina,0.9852,0.9852,True,60,0.9249,0.036864,2.691024285973909e-34,0.5784,0.7108,10.14,1.0045825607220048e-12,3,True,True,True
E3_028,Botswana,0.7912,0.7912,True,60,0.8977,0.035077,2.1498742930324504e-30,0.4211,0.7894,7.06,2.3496400504627367e-11,3,True,True,True
E3_029,Brazil,1.7736,1.7736,True,60,0.8958,0.079445,3.6721787826771256e-30,0.3595,0.8203,5.92,3.37286099389191e-10,3,True,True,True
E3_030,British Virgin Islands,0.1081,0.1081,True,60,0.883,0.005164,1.0414786494842414e-28,0.4263,0.7869,7.16,1.3027734895303636e-10,3,True,True,True
E3_031,Brunei,0.0487,0.0487,True,60,0.8295,0.002899,5.9879605820555554e-24,0.6465,0.6767,11.57,3.025357773250045e-11,3,True,True,True
E3_032,Bulgaria,0.8191,0.8191,True,60,0.8851,0.038753,6.222681130178263e-29,0.3215,0.8392,5.24,5.712384051945784e-10,3,True,True,True
E3_033,Burkina Faso,0.4323,0.4323,True,60,0.928,0.015811,7.850838066421092e-35,0.6942,0.6529,12.6,5.752408873755665e-14,3,True,True,True
E3_034,Burundi,0.3859,0.3859,True,60,0.8351,0.022513,2.256450660215329e-24,0.2124,0.8938,3.36,4.226288055950083e-08,3,True,False,True
E3_035,Cambodia,0.0592,0.0592,True,60,0.7942,0.00396,1.4395208147509457e-21,0.4193,0.7904,7.03,4.999338296330846e-11,3,True,True,True
E3_036,Cameroon,0.7181,0.7181,True,60,0.8193,0.04428,3.231462358016171e-23,0.2036,0.8982,3.22,1.1808880585550383e-07,3,True,False,True
E3_037,Canada,2.0542,2.0542,True,60,0.9176,0.080845,4.01071716244358e-33,0.5123,0.7438,8.81,3.3086209334732095e-12,3,True,True,True
E3_038,Cape Verde,0.5935,0.5935,True,60,0.8469,0.033129,2.597265392335131e-25,0.253,0.8735,4.05,6.067084131098787e-09,3,True,True,True
E3_039,Cayman Islands,0.1688,0.1688,True,60,0.873,0.008456,1.1422060101647372e-27,0.3398,0.8301,5.57,1.3302336402457455e-10,3,True,True,True
E3_040,Central African Republic,1.1269,1.1269,True,60,0.8844,0.053499,7.420482198166434e-29,0.3051,0.8475,4.95,1.0863852114937467e-09,3,True,True,True
E3_041,Chad,0.6811,0.6811,True,60,0.8988,0.030017,1.568209451690103e-30,0.6102,0.6949,10.8,1.991000949870408e-14,3,True,True,True
E3_042,Chile,1.3473,1.3473,True,60,0.9118,0.055029,2.874773126810859e-32,0.4862,0.7569,8.3,1.2489700111606199e-11,3,True,True,True
E3_043,China,2.2811,2.2811,True,60,0.8938,0.103244,6.2944599712730934e-30,0.5147,0.7426,8.86,5.516986672871011e-14,3,True,True,True
E3_044,Colombia,1.352,1.352,True,60,0.9088,0.056222,7.438878159547303e-32,0.4622,0.7689,7.84,1.79697146716102e-11,3,True,True,True
E3_045,Comoros,0.3499,0.3499,True,60,0.9164,0.013877,6.021046994913953e-33,0.7416,0.6292,13.66,6.005404379636426e-15,3,True,True,True
E3_046,Congo,0.5581,0.5581,True,60,0.8264,0.033589,1.0173454265343605e-23,0.196,0.902,3.09,4.7807253420490704e-08,3,True,False,True
E3_047,Cook Islands,1.276,1.276,True,60,0.9084,0.053189,8.445908335777147e-32,0.4226,0.7887,7.09,4.543344137525147e-11,3,True,True,True
E3_048,Costa Rica,0.665,0.665,True,60,0.9189,0.025947,2.529000216997509e-33,0.6689,0.6655,12.05,1.1544488011488373e-14,3,True,True,True
E3_049,Cote d'Ivoire,0.8581,0.8581,True,60,0.91,0.035446,5.220869050753507e-32,0.4382,0.7809,7.38,5.745039296709858e-11,3,True,True,True
E3_050,Croatia,0.8025,0.8025,True,60,0.9078,0.033571,1.0209874804737533e-31,0.6534,0.6733,11.71,1.0956276579412456e-14,3,True,True,True
E3_051,Cuba,0.9881,0.9881,True,60,0.9154,0.039431,8.385207112968452e-33,0.5194,0.7403,8.95,1.024971721500027e-12,3,True,True,True
E3_052,Curacao,0.686,0.686,True,60,0.8849,0.032485,6.50248385962944e-29,0.3074,0.8463,5.0,1.400704710328833e-09,3,True,True,True
E3_053,Cyprus,0.5461,0.5461,True,60,0.8944,0.024632,5.275020017760286e-30,0.6279,0.6861,11.17,2.361739688340553e-14,3,True,True,True
E3_054,Czechia,1.2775,1.2775,True,60,0.9098,0.052807,5.417815332609514e-32,0.6331,0.6835,11.28,1.2542796164913732e-14,3,True,True,True
E3_055,Democratic Republic of Congo,0.919,0.919,True,60,0.7863,0.062901,4.27462954668811e-21,0.1526,0.9237,2.38,6.260438475958349e-07,3,False,False,False
E3_056,Denmark,0.9051,0.9051,True,60,0.8783,0.044231,3.2763856042276473e-28,0.2941,0.8529,4.76,1.92860359609455e-09,3,True,True,True
E3_057,Djibouti,0.8701,0.8701,True,60,0.8637,0.04538,8.871147770181436e-27,0.4855,0.7573,8.29,7.760021328552119e-13,3,True,True,True
E3_058,Dominica,0.0931,0.0931,True,60,0.6927,0.008145,1.717803462672303e-16,0.1316,0.9342,2.04,9.630017787452983e-06,3,False,False,False
E3_059,Dominican Republic,1.0606,1.0606,True,60,0.9157,0.042257,7.698689908564724e-33,0.4787,0.7606,8.16,1.3665181307510508e-11,3,True,True,True
E3_060,East Timor,0.6875,0.111,False,60,0.3202,0.021238,2.4531897047252965e-06,0.198,0.901,3.12,0.010328103552039569,3,True,False,False
E3_061,Ecuador,1.4428,1.4428,True,60,0.8999,0.0632,1.1427803667169196e-30,0.4246,0.7877,7.12,2.6444053729388304e-11,3,True,True,True
E3_062,Egypt,1.4308,1.4308,True,60,0.881,0.069053,1.7273162694911082e-28,0.2994,0.8503,4.85,1.6291857418108757e-09,3,True,True,True
E3_063,El Salvador,1.0826,1.0826,True,60,0.8141,0.067931,7.426198638382886e-23,0.1692,0.9154,2.65,2.0400671210996967e-07,3,False,False,False
E3_064,Equatorial Guinea,0.7653,0.7653,True,60,0.8799,0.037132,2.270582577444237e-28,0.2977,0.8512,4.82,9.9242023912603e-10,3,True,True,True
E3_065,Eritrea,0.2332,0.2332,True,60,0.93,0.008403,3.5173572438225703e-35,0.7236,0.6382,13.25,3.599986946435877e-14,3,True,True,True
E3_066,Estonia,1.295,1.295,True,60,0.7581,0.09606,1.5950188498534512e-19,0.3409,0.8296,5.59,1.6228854451312306e-10,3,True,True,True
E3_067,Eswatini,0.5811,0.5811,True,60,0.8065,0.037368,2.3714440571951134e-22,0.1905,0.9048,3.0,6.810558943270656e-08,3,True,False,True
E3_068,Ethiopia,0.9955,0.9955,True,60,0.6284,0.100524,4.447527896878102e-14,0.09,0.955,1.38,9.998791144389566e-05,3,False,False,False
E3_069,European Union (27),3.0186,3.0186,True,60,0.9084,0.125875,8.619849713794605e-32,0.4266,0.7867,7.16,2.3395302942168492e-11,3,True,True,True
E3_070,Falkland Islands,0.0665,0.0665,True,60,0.8403,0.003807,8.853366926237158e-25,0.2712,0.8644,4.36,7.1376325497051435e-09,3,True,True,True
E3_071,Faroe Islands,0.197,0.197,True,60,0.7846,0.013556,5.403170310719702e-21,0.45,0.775,7.6,1.0644450514547944e-09,3,True,True,True
E3_072,Fiji,0.9911,0.9911,True,60,0.6604,0.093311,3.170156415758849e-15,0.0986,0.9507,1.52,5.0111027670334206e-05,3,False,False,False
E3_073,Finland,1.2887,1.2887,True,60,0.9218,0.049299,8.78957167512205e-34,0.7574,0.6213,14.01,4.653828661034407e-15,3,True,True,True
E3_074,France,1.0984,1.0984,True,60,0.9,0.04808,1.100347017002019e-30,0.7511,0.6244,13.87,1.7593332670986747e-14,3,True,True,True
E3_075,French Guiana,0.8174,0.8174,True,60,0.6253,0.083086,5.6579758133683925e-14,0.0969,0.9516,1.49,9.527180551711429e-05,3,False,False,False
E3_076,French Polynesia,0.8961,0.8961,True,60,0.8826,0.042908,1.1551602441848686e-28,0.3106,0.8447,5.05,1.739881104440681e-09,3,True,True,True
E3_077,Gabon,1.2451,1.2451,True,60,0.8463,0.069659,2.9060748067217016e-25,0.2137,0.8931,3.39,4.363286744612423e-08,3,True,False,True
E3_078,Gambia,1.2348,1.2348,True,60,0.8928,0.056174,8.199939847324652e-30,0.3758,0.8121,6.22,6.771441899780474e-11,3,True,True,True
E3_079,Georgia,0.528,0.528,True,60,0.9124,0.021481,2.334802397841919e-32,0.4778,0.7611,8.14,1.1027393799768684e-11,3,True,True,True
E3_080,Germany,2.4692,2.4692,True,60,0.9053,0.104858,2.24953450868774e-31,0.4378,0.7811,7.37,9.685170497500036e-12,3,True,True,True
E3_081,Ghana,1.3155,1.3155,True,60,0.8278,0.078792,8.055534639456876e-24,0.1999,0.9001,3.16,1.734639621721606e-07,3,True,False,True
E3_082,Gibraltar,0.1215,0.1215,True,60,0.8661,0.006274,5.288111828762716e-27,0.4881,0.756,8.34,5.611039239366851e-12,3,True,True,True
E3_083,Greece,0.6612,0.6612,True,60,0.9174,0.026049,4.217038026432429e-33,0.5694,0.7153,9.96,2.0435964630775963e-13,3,True,True,True
E3_084,Greenland,0.4746,0.4746,True,60,0.898,0.021,1.9344617920061e-30,0.418,0.791,7.0,1.1874843501938744e-10,3,True,True,True
E3_085,Grenada,0.0864,0.0864,True,60,0.9073,0.003629,1.2291263630844267e-31,0.573,0.7135,10.03,4.937087561231966e-14,3,True,True,True
E3_086,Guadeloupe,0.0634,0.0634,True,60,0.9125,0.002579,2.3026903437387618e-32,0.7472,0.6264,13.78,2.6055131417433612e-14,3,True,True,True
E3_087,Guam,0.0783,0.0783,True,60,0.6798,0.007056,5.726180801689457e-16,0.1183,0.9409,1.83,4.7506599699082875e-05,3,False,False,False
E3_088,Guatemala,1.2113,1.2113,True,60,0.8028,0.078838,4.1650418874722034e-22,0.1675,0.9162,2.62,3.3118032969776796e-07,3,False,False,False
E3_089,Guernsey,0.2155,0.2155,True,60,0.7903,0.014581,2.492962193005419e-21,0.4719,0.7641,8.03,1.0570261821553204e-09,3,True,True,True
E3_090,Guinea,1.1928,1.1928,True,60,0.8899,0.055091,1.7958929364769874e-29,0.3345,0.8327,5.48,6.386555643313708e-10,3,True,True,True
E3_091,Guinea-Bissau,0.5964,0.5964,True,60,0.9172,0.023534,4.614510597128621e-33,0.753,0.6235,13.92,4.8497014426985784e-15,3,True,True,True
E3_092,Guyana,0.2672,0.2672,True,60,0.7096,0.022444,3.2876582878712587e-17,0.1317,0.9341,2.04,5.50417056022326e-06,3,False,False,False
E3_093,Haiti,1.3519,1.3519,True,60,0.8909,0.06212,1.378332198838589e-29,0.3359,0.832,5.5,6.086761849932864e-10,3,True,True,True
E3_094,High-income countries,2.7157,2.7157,True,60,0.7181,0.223398,1.3754903922515241e-17,0.1113,0.9443,1.72,9.197657553900552e-06,3,False,False,False
E3_095,Honduras,0.9051,0.9051,True,60,0.7296,0.072347,4.080716513042024e-18,0.1223,0.9389,1.89,3.0924594108853476e-06,3,False,False,False
E3_096,Hungary,1.1372,1.1372,True,60,0.9222,0.043374,7.485404496690554e-34,0.5647,0.7176,9.86,7.357617357617971e-13,3,True,True,True
E3_097,Iceland,0.7585,0.7585,True,60,0.8685,0.038749,3.1220926466717223e-27,0.5173,0.7414,8.91,1.8383880143586038e-13,3,True,True,True
E3_098,India,2.1582,2.1582,True,60,0.8717,0.108696,1.5180333079803392e-27,0.2671,0.8664,4.29,5.4033434457292424e-09,3,True,True,True
E3_099,Indonesia,1.602,1.602,True,60,0.9192,0.062347,2.205264572248289e-33,0.511,0.7445,8.79,5.254399000316173e-12,3,True,True,True
E3_100,Iran,1.6599,1.6599,True,60,0.929,0.060239,5.174772468939939e-35,0.7826,0.6087,14.59,8.411843518405021e-15,3,True,True,True
E3_101,Iraq,1.0864,1.0864,True,60,0.8991,0.047796,1.437813399228942e-30,0.3872,0.8064,6.43,1.9932876233486202e-10,3,True,True,True
E3_102,Ireland,1.2588,1.2588,True,60,0.9143,0.050604,1.2375483908172003e-32,0.484,0.758,8.26,3.3917839717302473e-12,3,True,True,True
E3_103,Isle of Man,0.3471,0.3471,True,60,0.8622,0.018218,1.2224685365663588e-26,0.5066,0.7467,8.7,2.2760137424603113e-13,3,True,True,True
E3_104,Israel,1.564,1.564,True,60,0.9086,0.065125,7.978114351993701e-32,0.5504,0.7248,9.57,7.670698376199048e-14,3,True,True,True
E3_105,Italy,1.8064,1.8064,True,60,0.918,0.070872,3.4001948786953214e-33,0.5318,0.7341,9.2,9.363454345433046e-13,3,True,True,True
E3_106,Jamaica,0.4408,0.4408,True,60,0.9062,0.018618,1.6971428525161174e-31,0.6232,0.6884,11.07,1.2908503600691809e-14,3,True,True,True
E3_107,Japan,1.3289,1.3289,True,60,0.7919,0.089463,1.9945269749688872e-21,0.1644,0.9178,2.57,5.198994787601038e-07,3,False,False,False
E3_108,Jersey,0.2307,0.2307,True,60,0.8988,0.010169,1.5732666062191538e-30,0.5773,0.7114,10.12,1.8934240222266468e-14,3,True,True,True
E3_109,Jordan,0.2676,0.2676,True,60,0.8818,0.012862,1.4077774304051382e-28,0.4177,0.7911,7.0,4.1733717116219504e-11,3,True,True,True
E3_110,Kazakhstan,1.127,1.127,True,60,0.8671,0.05794,4.283413515804844e-27,0.2565,0.8718,4.11,7.902433123394265e-09,3,True,True,True
E3_111,Kenya,0.7876,0.7876,True,60,0.7929,0.052851,1.7211807131080556e-21,0.1747,0.9127,2.74,3.408164393296618e-07,3,False,False,False
E3_112,Kiribati,0.6765,0.6765,True,60,0.807,0.043437,2.2047639942317106e-22,0.472,0.764,8.03,1.4903471110831166e-10,3,True,True,True
E3_113,Kosovo,0.6991,0.6991,True,60,0.9127,0.028397,2.1528285535207003e-32,0.5572,0.7214,9.71,1.2698240417590066e-13,3,True,True,True
E3_114,Kuwait,1.3755,1.3755,True,60,0.7799,0.095956,1.0186453247025032e-20,0.1492,0.9254,2.32,9.922522843019155e-07,3,False,False,False
E3_115,Kyrgyzstan,0.7538,0.7538,True,60,0.9273,0.027704,1.0256964008759604e-34,0.7207,0.6396,13.19,1.440463450340685e-14,3,True,True,True
E3_116,Laos,0.6085,0.6085,True,60,0.893,0.027658,7.837527168424603e-30,0.6576,0.6712,11.8,3.5161359895000865e-14,3,True,True,True
E3_117,Latvia,0.649,0.649,True,60,0.9197,0.025187,1.8950717429958936e-33,0.7492,0.6254,13.83,4.694944541674921e-15,3,True,True,True
E3_118,Lebanon,0.4227,0.4227,True,60,0.9244,0.015875,3.2595929094247107e-34,0.7635,0.6183,14.15,7.312959026558428e-15,3,True,True,True
E3_119,Lesotho,0.6161,0.6161,True,60,0.9188,0.024047,2.5773050904585636e-33,0.5963,0.7018,10.51,4.49473082915417e-13,3,True,True,True
E3_120,Liberia,0.4311,0.4311,True,60,0.7902,0.029172,2.5288929871050562e-21,0.1992,0.9004,3.15,1.7625620329345711e-07,3,True,False,True
E3_121,Libya,0.9284,0.9284,True,60,0.8775,0.045551,4.0004021354504727e-28,0.317,0.8415,5.16,1.0505118161296082e-09,3,True,True,True
E3_122,Liechtenstein,0.1431,0.1431,True,60,0.4062,0.022721,4.3712136473336786e-08,0.1552,0.9224,2.42,0.0021438745280737354,3,False,False,False
E3_123,Lithuania,0.5837,0.5837,True,60,0.915,0.023353,9.649203518903105e-33,0.7141,0.6429,13.04,5.7026505479809495e-15,3,True,True,True
E3_124,Low-income countries,1.4308,1.4308,True,60,0.9031,0.061526,4.33795520077942e-31,0.4149,0.7925,6.94,7.65439415777401e-11,3,True,True,True
E3_125,Lower-middle-income countries,1.8158,1.8158,True,60,0.9279,0.066458,8.191142305968638e-35,0.6898,0.6551,12.5,8.395849290589338e-14,3,True,True,True
E3_126,Luxembourg,0.4424,0.4424,True,60,0.8459,0.024791,3.139716975992925e-25,0.5382,0.7309,9.33,4.292584881836925e-12,3,True,True,True
E3_127,Madagascar,0.6457,0.6457,True,60,0.5712,0.073453,2.943432764759088e-12,0.0814,0.9593,1.25,0.0002167171205692197,3,False,False,False
E3_128,Malawi,0.8265,0.8265,True,60,0.7936,0.055349,1.5603311802264508e-21,0.153,0.9235,2.39,4.2055698710525123e-07,3,False,False,False
E3_129,Malaysia,1.1041,1.1041,True,60,0.9164,0.043786,6.010194875778796e-33,0.7164,0.6418,13.09,6.3273796976494335e-15,3,True,True,True
E3_130,Maldives,0.8148,0.8148,True,60,0.931,0.02913,2.309150271403316e-35,0.7532,0.6234,13.92,1.703178866812047e-14,3,True,True,True
E3_131,Mali,0.8665,0.8665,True,60,0.9134,0.035036,1.6839771984539927e-32,0.4652,0.7674,7.9,2.4601115848779227e-11,3,True,True,True
E3_132,Malta,0.573,0.573,True,60,0.8884,0.026664,2.636381000576499e-29,0.3855,0.8072,6.4,3.719321951124074e-11,3,True,True,True
E3_133,Marshall Islands,0.8703,0.8703,True,60,0.7054,0.073842,4.979297478334644e-17,0.425,0.7875,7.13,4.33351431174581e-07,3,True,True,True
E3_134,Martinique,0.1087,0.1087,True,60,0.8676,0.005577,3.855935666350078e-27,0.2576,0.8712,4.13,5.4681429612888645e-09,3,True,True,True
E3_135,Mauritania,1.1544,1.1544,True,60,0.8941,0.052175,5.841192840436312e-30,0.3429,0.8286,5.63,3.183498814920066e-10,3,True,True,True
E3_136,Mauritius,0.3923,0.3923,True,60,0.8055,0.025308,2.758188522384835e-22,0.4027,0.7986,6.72,1.272311409948827e-11,3,True,True,True
E3_137,Mayotte,0.8506,0.8506,True,60,0.7745,0.060266,2.059978914127726e-20,0.1363,0.9318,2.12,1.3668109062670027e-06,3,False,False,False
E3_138,Mexico,1.74,1.74,True,60,0.8916,0.079659,1.1389796321963464e-29,0.3417,0.8291,5.6,4.002244254911115e-10,3,True,True,True
E3_139,Micronesia (country),1.202,1.202,True,60,0.7244,0.097356,7.15329560458015e-18,0.4931,0.7535,8.44,1.7230968076551838e-07,3,True,True,True
E3_140,Moldova,1.1221,1.1221,True,60,0.9289,0.040761,5.460842918840845e-35,0.6473,0.6764,11.58,2.478586639281061e-13,3,True,True,True
E3_141,Monaco,0.2505,0.2505,True,60,0.9047,0.010673,2.7060963821174422e-31,0.4401,0.78,7.42,6.558549246543089e-11,3,True,True,True
E3_142,Mongolia,0.1836,0.1836,True,60,0.8539,0.009973,6.716038992983123e-26,0.3415,0.8293,5.6,1.0338896842115745e-08,3,True,True,True
E3_143,Montenegro,0.8603,0.8603,True,60,0.8288,0.051342,6.740129995314754e-24,0.2097,0.8951,3.32,2.647615595362452e-08,3,True,False,True
E3_144,Montserrat,0.1399,0.1399,True,60,0.8515,0.007672,1.0778426477574017e-25,0.399,0.8005,6.65,3.2150796121434e-13,3,True,True,True
E3_145,Morocco,1.0127,1.0127,True,60,0.913,0.04105,1.9314942754781936e-32,0.456,0.772,7.72,1.5888651124748633e-11,3,True,True,True
E3_146,Mozambique,0.7523,0.7523,True,60,0.8441,0.042455,4.455218176970144e-25,0.2151,0.8925,3.41,6.865959191301891e-08,3,True,False,True
E3_147,Myanmar,0.2721,0.2721,True,60,0.8853,0.012862,5.969484519830783e-29,0.425,0.7875,7.13,2.615381012241848e-11,3,True,True,True
E3_148,Namibia,1.1794,1.1794,True,60,0.9146,0.047334,1.1338303202826018e-32,0.5003,0.7498,8.58,9.386338057634813e-12,3,True,True,True
E3_149,Nauru,0.7872,0.7872,True,60,0.7621,0.057761,9.8350973608517e-20,0.4429,0.7785,7.47,8.08100302520747e-09,3,True,True,True
E3_150,Nepal,1.7131,1.7131,True,60,0.8677,0.087839,3.751016800703384e-27,0.2557,0.8721,4.1,6.306096617289624e-09,3,True,True,True
E3_151,Netherlands,1.6906,1.6906,True,60,0.9206,0.065194,1.3527840301042713e-33,0.5534,0.7233,9.63,7.131500364158423e-13,3,True,True,True
E3_152,New Caledonia,0.0222,0.0222,True,60,0.8511,0.001219,1.1756225068328025e-25,0.6221,0.689,11.05,2.572848355811462e-14,3,True,True,True
E3_153,New Zealand,0.2798,0.2798,True,60,0.8149,0.017506,6.49695522890669e-23,0.4985,0.7507,8.54,1.0305740200350734e-10,3,True,True,True
E3_154,Nicaragua,0.7154,0.7154,True,60,0.9092,0.029685,6.656450151851311e-32,0.7388,0.6306,13.59,6.24887012094583e-15,3,True,True,True
E3_155,Niger,0.5771,0.5771,True,60,0.8481,0.032061,2.061514082305338e-25,0.6496,0.6752,11.63,6.408071226006986e-12,3,True,True,True
E3_156,Nigeria,1.3288,1.3288,True,60,0.813,0.083693,8.865526056218066e-23,0.17,0.915,2.66,3.565155854980181e-07,3,False,False,False
E3_157,Niue,0.6349,0.6349,True,60,0.7606,0.046773,1.1771644985669093e-19,0.1418,0.9291,2.2,3.7273457966522734e-06,3,False,False,False
E3_158,North Macedonia,0.9058,0.9058,True,60,0.9136,0.036567,1.5482292915592086e-32,0.4886,0.7557,8.35,3.9448458530228044e-12,3,True,True,True
E3_159,Northern Mariana Islands,0.0692,0.0692,True,60,0.7292,0.005535,4.260823597214582e-18,0.119,0.9405,1.84,6.142683505341777e-06,3,False,False,False
E3_160,Norway,1.2447,1.2447,True,60,0.9021,0.053854,5.99537661525924e-31,0.6785,0.6607,12.26,1.3891791915991068e-14,3,True,True,True
E3_161,Oman,1.2628,1.2628,True,60,0.862,0.066334,1.2677129183609418e-26,0.2553,0.8724,4.09,1.654406907244359e-08,3,True,True,True
E3_162,Pakistan,1.4182,1.4182,True,60,0.8797,0.068847,2.332972902274806e-28,0.2986,0.8507,4.84,1.7696111443802822e-09,3,True,True,True
E3_163,Palau,1.2169,1.2169,True,60,0.8972,0.054081,2.4315055245762063e-30,0.5309,0.7345,9.18,4.4605273713117956e-14,3,True,True,True
E3_164,Palestine,0.3592,0.3592,True,60,0.791,0.02424,2.2430494753361088e-21,0.2201,0.89,3.49,5.905174174146957e-08,3,True,False,True
E3_165,Panama,1.3874,1.3874,True,60,0.931,0.049608,2.320292530030868e-35,0.7514,0.6243,13.88,1.663878668943152e-14,3,True,True,True
E3_166,Papua New Guinea,0.3703,0.3703,True,60,0.9069,0.015577,1.3723651890421823e-31,0.522,0.739,9.01,1.3714193312962488e-13,3,True,True,True
E3_167,Paraguay,0.7415,0.7415,True,60,0.8136,0.046606,8.064441217848631e-23,0.2125,0.8937,3.37,2.926830238320403e-08,3,True,False,True
E3_168,Peru,1.9399,1.9399,True,60,0.8409,0.110817,8.060903042463639e-25,0.2085,0.8957,3.3,8.376277023420035e-08,3,True,False,True
E3_169,Philippines,1.6119,1.6119,True,60,0.8991,0.070889,1.4074588520280179e-30,0.3992,0.8004,6.65,6.712523814522461e-11,3,True,True,True
E3_170,Poland,1.7237,1.7237,True,60,0.9235,0.065125,4.524518153382358e-34,0.5683,0.7159,9.94,8.091512711065264e-13,3,True,True,True
E3_171,Portugal,1.5254,1.5254,True,60,0.9211,0.05861,1.1127843683758335e-33,0.6258,0.6871,11.13,5.1447530192515036e-14,3,True,True,True
E3_172,Puerto Rico,0.4911,0.4911,True,60,0.9244,0.018441,3.2596072784991932e-34,0.8278,0.5861,15.66,3.2068511257154805e-15,3,True,True,True
E3_173,Qatar,1.366,1.366,True,60,0.7414,0.105931,1.1127792815867443e-18,0.121,0.9395,1.87,5.19628904525691e-06,3,False,False,False
E3_174,Reunion,0.3451,0.3451,True,60,0.7952,0.022996,1.2472562274277292e-21,0.5261,0.7369,9.09,9.89408635562679e-10,3,True,True,True
E3_175,Romania,1.6656,1.6656,True,60,0.8981,0.073677,1.907207344653202e-30,0.3846,0.8077,6.38,1.524930122659373e-10,3,True,True,True
E3_176,Russia,2.3362,2.3362,True,60,0.8917,0.106926,1.1232502463033592e-29,0.3309,0.8345,5.41,5.432699474294075e-10,3,True,True,True
E3_177,Rwanda,0.4359,0.4359,True,60,0.8287,0.026021,6.826616332723472e-24,0.206,0.897,3.26,7.878754038348141e-08,3,True,False,True
E3_178,Saint Barthelemy,0.2041,0.2041,True,60,0.8421,0.011603,6.363105363016427e-25,0.2656,0.8672,4.27,2.858075234599055e-09,3,True,True,True
E3_179,Saint Helena,0.851,0.851,True,60,0.7059,0.072128,4.753496526924966e-17,0.4421,0.779,7.45,5.055926227924381e-07,3,True,True,True
E3_180,Saint Kitts and Nevis,0.4479,0.4479,True,60,0.9046,0.0191,2.8088470620168476e-31,0.6695,0.6652,12.06,1.0055570338305857e-14,3,True,True,True
E3_181,Saint Lucia,0.3604,0.3604,True,60,0.9175,0.014192,4.134658164082161e-33,0.5975,0.7013,10.54,3.2541973537062485e-13,3,True,True,True
E3_182,Saint Martin (French part),0.4518,0.4518,True,60,0.8913,0.020719,1.248104423831132e-29,0.4174,0.7913,6.99,1.8345069843560976e-11,3,True,True,True
E3_183,Saint Pierre and Miquelon,0.7739,0.7739,True,60,0.916,0.030774,6.965826712160423e-33,0.5615,0.7192,9.8,1.455712583344946e-13,3,True,True,True
E3_184,Saint Vincent and the Grenadines,0.9326,0.9326,True,60,0.7085,0.078541,3.666045318043409e-17,0.1133,0.9433,1.75,1.4692784459481752e-05,3,False,False,False
E3_185,Samoa,1.2938,1.2938,True,60,0.9256,0.048164,2.043415279721589e-34,0.7527,0.6237,13.91,1.1251924081947335e-14,3,True,True,True
E3_186,San Marino,0.4649,0.4649,True,60,0.8535,0.025289,7.203342245818598e-26,0.2367,0.8816,3.77,1.1090169432423868e-08,3,True,False,True
E3_187,Sao Tome and Principe,0.47,0.47,True,60,0.8177,0.029137,4.183983390639522e-23,0.2222,0.8889,3.53,1.0623331846055712e-07,3,True,False,True
E3_188,Saudi Arabia,1.9204,1.9204,True,60,0.8814,0.092501,1.5615654174141597e-28,0.3058,0.8471,4.97,1.3109500674510721e-09,3,True,True,True
E3_189,Senegal,0.9664,0.9664,True,60,0.7351,0.07618,2.2510995238321017e-18,0.1253,0.9373,1.94,2.0813950676611195e-06,3,False,False,False
E3_190,Serbia,1.4613,1.4613,True,60,0.9169,0.057747,4.98950786628202e-33,0.5132,0.7434,8.83,1.4932806099883283e-12,3,True,True,True
E3_191,Seychelles,0.0897,0.0897,True,60,0.8546,0.004856,5.800553273580854e-26,0.3554,0.8223,5.85,3.391986536616609e-10,3,True,True,True
E3_192,Sierra Leone,0.7468,0.7468,True,60,0.9158,0.029741,7.547124683629473e-33,0.4788,0.7606,8.16,1.3757516504367711e-11,3,True,True,True
E3_193,Singapore,1.4124,1.4124,True,60,0.7141,0.117343,2.0784234327398528e-17,0.1212,0.9394,1.87,1.4400652114618589e-05,3,False,False,False
E3_194,Sint Maarten (Dutch part),0.5529,0.5529,True,60,0.8938,0.025029,6.353274974770755e-30,0.3542,0.8229,5.83,3.420552491683328e-10,3,True,True,True
E3_195,Slovakia,0.7816,0.7816,True,60,0.8913,0.035839,1.2360144168615254e-29,0.3589,0.8205,5.91,6.37855704721566e-11,3,True,True,True
E3_196,Slovenia,0.6303,0.6303,True,60,0.91,0.026029,5.159282515010629e-32,0.507,0.7465,8.71,6.450914163612973e-13,3,True,True,True
E3_197,Solomon Islands,1.184,1.184,True,60,0.9198,0.045916,1.8289862278339703e-33,0.6639,0.668,11.94,1.8529927575303e-14,3,True,True,True
E3_198,Somalia,0.9719,0.9719,True,60,0.9293,0.035202,4.660300350252807e-35,0.6543,0.6729,11.73,2.1690452665438985e-13,3,True,True,True
E3_199,South Africa,1.1976,1.1976,True,60,0.8911,0.054977,1.3147204213803344e-29,0.4936,0.7532,8.45,2.054208770776596e-12,3,True,True,True
E3_200,South Korea,0.9453,0.9453,True,60,0.8457,0.053018,3.2815219525416313e-25,0.5405,0.7297,9.37,3.764345650486131e-12,3,True,True,True
E3_201,South Sudan,1.0135,1.0135,True,60,0.9087,0.042174,7.707861326352147e-32,0.4862,0.7569,8.3,1.3655352407413857e-12,3,True,True,True
E3_202,Spain,2.6125,2.6125,True,60,0.9092,0.108376,6.551213429348351e-32,0.4976,0.7512,8.52,7.182414462051544e-13,3,True,True,True
E3_203,Sri Lanka,0.7847,0.7847,True,60,0.7879,0.053453,3.429278265432732e-21,0.1576,0.9212,2.46,2.953541240291369e-07,3,False,False,False
E3_204,Sudan,1.2579,1.2579,True,60,0.9112,0.051575,3.5334058001124733e-32,0.4409,0.7795,7.43,2.4992278070133554e-11,3,True,True,True
E3_205,Suriname,0.7717,0.7717,True,60,0.8342,0.045178,2.6760583657099066e-24,0.2055,0.8973,3.25,5.142410260247337e-08,3,True,False,True
E3_206,Sweden,1.6018,1.6018,True,60,0.9207,0.061729,1.3045721910326858e-33,0.557,0.7215,9.71,1.320118229052272e-12,3,True,True,True
E3_207,Switzerland,1.5298,1.5298,True,60,0.9029,0.06587,4.650086276324325e-31,0.5625,0.7187,9.82,3.1192129522136676e-14,3,True,True,True
E3_208,Syria,0.5148,0.5148,True,60,0.7401,0.04006,1.2958635108209777e-18,0.1313,0.9344,2.04,1.0368643368420703e-05,3,False,False,False
E3_209,Tajikistan,0.8202,0.8202,True,60,0.9149,0.032846,1.0102592717471614e-32,0.5859,0.707,10.3,7.947726071136107e-14,3,True,True,True
E3_210,Tanzania,0.409,0.409,True,60,0.8052,0.02642,2.9104410827258437e-22,0.4016,0.7992,6.7,1.8271562693298437e-11,3,True,True,True
E3_211,Thailand,1.109,1.109,True,60,0.8894,0.051354,2.0545133546338414e-29,0.5719,0.7141,10.01,3.4396728858961035e-14,3,True,True,True
E3_212,Togo,0.5559,0.5559,True,60,0.9026,0.023973,5.033009552392166e-31,0.4356,0.7822,7.33,5.350912137856385e-11,3,True,True,True
E3_213,Tonga,1.446,1.446,True,60,0.8112,0.09159,1.1596017760570816e-22,0.1716,0.9142,2.69,2.9784455368339484e-07,3,False,False,False
E3_214,Trinidad and Tobago,0.0493,0.0493,True,60,0.8422,0.002802,6.289506216633312e-25,0.4776,0.7612,8.14,2.3064516860671777e-12,3,True,True,True
E3_215,Tunisia,0.4479,0.4479,True,60,0.9073,0.018802,1.2270779788901856e-31,0.6809,0.6595,12.31,9.586255843530964e-15,3,True,True,True
E3_216,Turkey,1.7368,1.7368,True,60,0.9212,0.066687,1.071231729030791e-33,0.6446,0.6777,11.53,2.791536471151963e-14,3,True,True,True
E3_217,Turks and Caicos Islands,0.6508,0.6508,True,60,0.893,0.029572,7.733831747640013e-30,0.354,0.823,5.83,2.6997673060565435e-10,3,True,True,True
E3_218,Tuvalu,0.8946,0.8946,True,60,0.7847,0.061525,5.319060665183776e-21,0.4515,0.7743,7.63,1.2399573602046424e-09,3,True,True,True
E3_219,Uganda,0.5476,0.5476,True,60,0.9258,0.020349,1.857050410364369e-34,0.7594,0.6203,14.06,6.8711688364967076e-15,3,True,True,True
E3_220,Ukraine,1.6867,1.6867,True,60,0.9134,0.068198,1.681885224420643e-32,0.4538,0.7731,7.68,1.777361633374862e-11,3,True,True,True
E3_221,United Arab Emirates,1.718,1.718,True,60,0.9024,0.074203,5.481709931736518e-31,0.3847,0.8077,6.38,1.8489546777712417e-10,3,True,True,True
E3_222,United Kingdom,2.1415,2.1415,True,60,0.9142,0.086125,1.2673006823643294e-32,0.4653,0.7674,7.9,1.0721902670129764e-11,3,True,True,True
E3_223,United States,2.7497,2.7497,True,60,0.9122,0.112009,2.497224154564587e-32,0.4677,0.7662,7.94,8.119632633335336e-12,3,True,True,True
E3_224,United States Virgin Islands,0.7359,0.7359,True,60,0.861,0.038818,1.5582056123115167e-26,0.2639,0.8681,4.24,9.984613253810258e-09,3,True,True,True
E3_225,Upper-middle-income countries,2.2696,2.2696,True,60,0.8944,0.102391,5.315213383199937e-30,0.5146,0.7427,8.86,5.6337539388247384e-14,3,True,True,True
E3_226,Uruguay,0.3345,0.3345,True,60,0.9179,0.013141,3.62110546243278e-33,0.5739,0.713,10.05,8.879472146936207e-13,3,True,True,True
E3_227,Uzbekistan,0.9218,0.9218,True,60,0.9029,0.039684,4.6152090764544165e-31,0.389,0.8055,6.46,9.080237673399428e-11,3,True,True,True
E3_228,Vanuatu,1.1874,1.1874,True,60,0.9145,0.047679,1.1664779677312824e-32,0.6054,0.6973,10.7,3.454654913062352e-14,3,True,True,True
E3_229,Venezuela,0.5644,0.5644,True,60,0.7404,0.04388,1.2446874953972048e-18,0.1878,0.9061,2.96,2.344908820494052e-06,3,False,False,False
E3_230,Vietnam,0.1791,0.1791,True,60,0.8745,0.008908,8.136454585718567e-28,0.6178,0.6911,10.96,7.867507772968832e-14,3,True,True,True
E3_231,Wallis and Futuna,0.3114,0.3114,True,60,0.8631,0.016289,1.0201482950966367e-26,0.5561,0.722,9.69,5.854612546842621e-13,3,True,True,True
E3_232,Yemen,0.8417,0.8417,True,60,0.8837,0.040089,8.785229994094561e-29,0.302,0.849,4.9,1.126448498917872e-09,3,True,True,True
E3_233,Zambia,0.8885,0.8885,True,60,0.9014,0.038585,7.305080617208722e-31,0.5101,0.7449,8.77,6.841659616541342e-13,3,True,True,True
E3_234,Zimbabwe,0.7284,0.7284,True,60,0.7841,0.050194,5.8244845402461845e-21,0.1861,0.9069,2.93,2.5801542038628386e-07,3,False,False,False
