nodo,estado,y0,ref_fin,destino1_cow,destino1_sin_entidad,share_destino1_cow,hub,share_hub,hub_aprox,anios_ref_con_export_urss,cmea_dudoso,hub_mas_rico,g,b,r2,p,dw,n,year_min,year_max,n_controles,b_controles,controles,d,hub_ventana_completa,d_ventana_completa,hub_2005_2014,par_en_B,b_en_B,par_invertido_en_B
Afghanistan,ok,1955.0,1964.0,Russia,False,0.271676,Former USSR,0.271676,False,10.0,False,True,1.496818,0.338441,0.729422,0.0,0.360293,64.0,1955.0,2018.0,5.0,0.407596,Slovenia; Russia; Ireland; Syria; Lebanon,-0.069155,Pakistan,-0.006062,India,False,,False
Algeria,ok,1962.0,1971.0,France,False,0.704739,France,0.704739,False,6.0,False,True,1.633542,-0.156999,0.280918,2.2e-05,0.053356,57.0,1962.0,2018.0,5.0,-0.131595,Germany; Venezuela; Norway; Iceland; Netherlands,-0.025404,United States,-0.004778,United States,False,,False
Angola,ok,1975.0,1984.0,United States of America,False,0.520456,United States,0.520456,False,0.0,False,True,2.890666,-0.314345,0.217409,0.001422,0.049623,44.0,1975.0,2018.0,5.0,-0.242208,Kuwait; Switzerland; Canada; Luxembourg; Denmark,-0.072137,China,0.494856,China,False,,False
Argentina,ok,1900.0,1909.0,United Kingdom,False,0.381585,United Kingdom,0.381585,False,0.0,False,True,0.479528,0.10566,0.261156,0.0,0.134194,119.0,1900.0,2018.0,3.0,0.175812,New Zealand; Switzerland; Australia,-0.070152,Brazil,0.180951,Brazil,False,,False
Australia,ok,1920.0,1929.0,United Kingdom,False,0.400556,United Kingdom,0.400556,False,6.0,False,False,-0.098503,-0.054321,0.253199,0.0,0.098817,99.0,1920.0,2018.0,5.0,0.018852,Netherlands; Switzerland; Belgium; Denmark; New Zealand,-0.073174,Japan,0.216911,China,False,,False
Austria,ok,1919.0,1928.0,Hungary,False,0.162523,Hungary,0.162523,False,7.0,False,False,-0.428753,-0.178213,0.450972,0.0,0.094985,93.0,1920.0,2018.0,5.0,-0.06066,Greece; Mexico; Panama; Costa Rica; Singapore,-0.117553,Germany,0.078808,Germany,False,,False
Bangladesh,ok,1972.0,1981.0,United States of America,False,0.154032,United States,0.154032,False,10.0,False,True,3.448718,-0.193624,0.315681,4e-05,0.036258,47.0,1972.0,2018.0,5.0,-0.1671,Switzerland; Luxembourg; Canada; Denmark; Sweden,-0.026524,United States,-0.026524,United States,False,,False
Belgium,ok,1900.0,1909.0,United Kingdom,False,0.291375,United Kingdom,0.291375,False,0.0,False,True,0.230028,-0.094196,0.249471,0.0,0.14424,119.0,1900.0,2018.0,3.0,-0.024044,New Zealand; Switzerland; Australia,-0.070152,Germany,0.114435,Germany,False,,True
Bolivia,ok,1900.0,1909.0,Germany,False,0.896303,Germany,0.896303,False,0.0,False,True,1.16791,0.317681,0.386018,0.0,0.064798,119.0,1900.0,2018.0,5.0,0.252208,Argentina; Austria; France; Denmark; Canada,0.065473,Brazil,0.161946,Brazil,False,,False
Botswana,ok,1969.0,1978.0,United Kingdom,False,0.361917,United Kingdom,0.361917,False,0.0,False,True,2.751555,-0.640288,0.924393,0.0,0.200109,50.0,1969.0,2018.0,5.0,-0.589611,Germany; Belgium; New Zealand; Norway; France,-0.050677,United Kingdom,-0.050677,United Kingdom,False,,False
Brazil,ok,1900.0,1909.0,United States of America,False,0.445913,United States,0.445913,False,0.0,False,True,2.242924,-0.304676,0.683399,0.0,0.108582,119.0,1900.0,2018.0,1.0,-0.394355,New Zealand,0.089679,United States,0.089679,China,False,,False
Bulgaria,ok,1910.0,1919.0,Belgium,False,0.242147,Belgium,0.242147,False,0.0,False,True,1.370833,-0.126793,0.275829,0.0,0.11472,97.0,1910.0,2018.0,5.0,-0.140093,Netherlands; Denmark; Canada; Argentina; Switzerland,0.0133,Italy,0.140156,Germany,False,,False
Cambodia,ok,1955.0,1964.0,France,False,0.32705,France,0.32705,False,5.0,False,True,2.426483,0.106282,0.189384,0.000326,0.108168,64.0,1955.0,2018.0,5.0,0.110071,Norway; Iceland; Germany; Belgium; Venezuela,-0.003789,United States,-0.015454,United States,False,,False
Cameroon,ok,1960.0,1969.0,France,False,0.490636,France,0.490636,False,5.0,False,True,2.254139,0.160899,0.526672,0.0,0.098487,59.0,1960.0,2018.0,5.0,0.180178,Venezuela; Germany; Norway; Belgium; Iceland,-0.019279,France,-0.019279,Spain,False,,False
Canada,ok,1920.0,1929.0,United States of America,False,0.487244,United States,0.487244,False,4.0,False,True,0.543497,-0.104081,0.814991,0.0,0.619541,99.0,1920.0,2018.0,1.0,-0.184768,New Zealand,0.080687,United States,0.080687,United States,False,,True
Chile,ok,1900.0,1909.0,United Kingdom,False,0.346747,United Kingdom,0.346747,False,0.0,False,True,0.771256,0.024692,0.02601,0.079731,0.282396,119.0,1900.0,2018.0,3.0,0.094844,New Zealand; Switzerland; Australia,-0.070152,China,-0.007146,China,False,,False
China,ok,1900.0,1909.0,United States of America,False,0.286611,United States,0.286611,False,0.0,False,True,2.330508,-0.131725,0.074253,0.01326,0.055946,82.0,1900.0,2018.0,2.0,-0.162941,Switzerland; New Zealand,0.031216,United States,0.031216,United States,False,,False
Colombia,ok,1900.0,1909.0,United States of America,False,0.738237,United States,0.738237,False,0.0,False,True,2.079031,-0.174531,0.557489,0.0,0.152719,119.0,1900.0,2018.0,1.0,-0.26421,New Zealand,0.089679,United States,0.089679,United States,False,,False
Costa Rica,ok,1920.0,1929.0,United Kingdom,False,0.466868,United Kingdom,0.466868,False,0.0,False,True,1.041996,-0.017021,0.014679,0.232249,0.228765,99.0,1920.0,2018.0,5.0,0.049111,Switzerland; Belgium; Denmark; Australia; New Zealand,-0.066132,United States,0.080687,United States,False,,False
Croatia,ok,1993.0,2002.0,Italy,False,0.193706,Italy,0.193706,False,0.0,False,True,1.026812,-0.2369,0.908663,0.0,0.304759,26.0,1993.0,2018.0,5.0,-0.179346,Sweden; Iceland; United Kingdom; Belgium; France,-0.057554,Italy,-0.057554,Italy,False,,False
Cuba,ok,1902.0,1911.0,United States of America,False,0.871316,United States,0.871316,False,0.0,False,True,1.612627,0.213618,0.468873,0.0,0.110328,117.0,1902.0,2018.0,1.0,0.122093,New Zealand,0.091525,United States,0.091525,China,False,,False
Cyprus,ok,1960.0,1969.0,United Kingdom,False,0.516511,United Kingdom,0.516511,False,10.0,False,True,1.284322,-0.3482,0.853069,0.0,0.268166,59.0,1960.0,2018.0,5.0,-0.304646,Australia; Canada; Netherlands; Sweden; Denmark,-0.043554,United Kingdom,-0.043554,Greece,False,,False
Czechia,ok,1993.0,2002.0,Germany,False,0.385477,Germany,0.385477,False,0.0,False,True,0.694647,-0.118641,0.798238,0.0,0.280535,26.0,1993.0,2018.0,5.0,-0.172987,Italy; Sweden; Belgium; France; Iceland,0.054346,Germany,0.054346,Germany,False,,False
Denmark,ok,1900.0,1909.0,United Kingdom,False,0.618192,United Kingdom,0.618192,False,0.0,False,True,0.398608,-0.187074,0.708634,0.0,0.239645,119.0,1900.0,2018.0,4.0,-0.110911,New Zealand; Switzerland; Australia; Belgium,-0.076163,Germany,0.073444,Germany,False,,False
Dominican Republic,ok,1950.0,1959.0,United States of America,False,0.503062,United States,0.503062,False,0.0,False,True,2.210829,-0.192286,0.342883,0.0,0.052319,69.0,1950.0,2018.0,2.0,-0.199459,Luxembourg; New Zealand,0.007173,United States,0.007173,United States,False,,False
Ecuador,ok,1900.0,1909.0,United Kingdom,False,0.675788,United Kingdom,0.675788,False,0.0,False,True,1.886264,-0.166473,0.645945,0.0,0.141369,119.0,1900.0,2018.0,4.0,-0.09031,New Zealand; Switzerland; Australia; Belgium,-0.076163,United States,0.089679,United States,False,,False
Egypt,ok,1950.0,1959.0,United Kingdom,False,0.101052,United Kingdom,0.101052,False,10.0,False,True,2.0825,-0.274018,0.529674,0.0,0.047418,69.0,1950.0,2018.0,5.0,-0.209959,Denmark; Sweden; Australia; Switzerland; Canada,-0.064058,Italy,0.059086,Italy,False,,False
El Salvador,ok,1920.0,1929.0,United States of America,False,0.268862,United States,0.268862,False,0.0,False,True,1.916814,0.049603,0.078897,0.004859,0.154885,99.0,1920.0,2018.0,1.0,-0.031084,New Zealand,0.080687,United States,0.080687,United States,False,,False
Ethiopia,ok,1950.0,1959.0,United States of America,False,0.409528,United States,0.409528,False,3.0,False,True,3.233868,0.237744,0.455279,0.0,0.050281,69.0,1950.0,2018.0,2.0,0.230571,Luxembourg; New Zealand,0.007173,United States,0.007173,China,False,,False
Finland,ok,1919.0,1928.0,United Kingdom,False,0.367411,United Kingdom,0.367411,False,9.0,False,True,0.866474,-0.312432,0.822238,0.0,0.073133,100.0,1919.0,2018.0,5.0,-0.231399,Switzerland; Australia; Denmark; New Zealand; Canada,-0.081033,Sweden,0.124222,Germany,False,,False
France,ok,1900.0,1909.0,United Kingdom,False,0.326585,United Kingdom,0.326585,False,0.0,False,True,0.512899,-0.191958,0.420577,0.0,0.144594,119.0,1900.0,2018.0,2.0,-0.162841,New Zealand; Australia,-0.029117,Germany,0.074421,Germany,True,-0.192,False
Germany,ok,1900.0,1909.0,Netherlands,False,0.143034,Netherlands,0.143034,False,0.0,False,True,0.150946,-0.04746,0.047677,0.017049,0.46739,119.0,1900.0,2018.0,5.0,-0.108688,Canada; Denmark; Belgium; Australia; Argentina,0.061228,France,0.111714,France,False,,True
Ghana,ok,1957.0,1966.0,United States of America,False,0.243499,United States,0.243499,False,10.0,False,True,2.143945,0.282591,0.590389,0.0,0.070591,62.0,1957.0,2018.0,4.0,0.293402,Switzerland; Luxembourg; New Zealand; Canada,-0.010812,United Kingdom,-0.049691,France,False,,False
Greece,ok,1900.0,1909.0,United Kingdom,False,0.343566,United Kingdom,0.343566,False,0.0,False,True,1.224155,-0.273467,0.380547,0.0,0.134565,119.0,1900.0,2018.0,4.0,-0.197304,New Zealand; Switzerland; Australia; Belgium,-0.076163,Italy,0.090553,Italy,False,,False
Guatemala,ok,1920.0,1929.0,United States of America,False,0.56101,United States,0.56101,False,0.0,False,True,1.56105,0.186157,0.39822,0.0,0.137701,99.0,1920.0,2018.0,1.0,0.10547,New Zealand,0.080687,United States,0.080687,United States,False,,False
Honduras,ok,1920.0,1929.0,United States of America,False,0.81913,United States,0.81913,False,0.0,False,True,1.692774,0.295998,0.73967,0.0,0.190755,99.0,1920.0,2018.0,1.0,0.215312,New Zealand,0.080687,United States,0.080687,United States,False,,False
Hungary,ok,1920.0,1929.0,Austria,False,0.414013,Austria,0.414013,False,7.0,False,True,0.428753,0.178213,0.450972,0.0,0.094985,93.0,1920.0,2018.0,5.0,0.060682,Norway; Chile; Sweden; Italy; Uruguay,0.117532,Germany,0.097919,Germany,False,,False
Iceland,ok,1950.0,1959.0,United States of America,False,0.196014,United States,0.196014,False,7.0,False,True,0.620002,-0.118858,0.691165,0.0,0.356165,69.0,1950.0,2018.0,2.0,-0.126031,Luxembourg; New Zealand,0.007173,Netherlands,0.040583,Netherlands,False,,False
India,ok,1947.0,1956.0,United Kingdom,False,0.294784,United Kingdom,0.294784,False,9.0,False,True,2.405074,-0.072394,0.085647,0.012607,0.031525,72.0,1947.0,2018.0,5.0,-0.031788,Switzerland; Canada; Denmark; Sweden; New Zealand,-0.040607,United States,0.017314,United States,False,,False
Indonesia,ok,1949.0,1958.0,United States of America,False,0.333566,United States,0.333566,False,3.0,False,True,2.475437,-0.225185,0.455384,0.0,0.05231,70.0,1949.0,2018.0,2.0,-0.233332,New Zealand; Luxembourg,0.008147,Japan,0.420266,Japan,False,,False
Iran,ok,1913.0,1922.0,Russia,True,0.44059,United Kingdom,0.398603,False,3.0,False,True,1.541617,-0.192177,0.331449,0.0,0.114686,70.0,1913.0,2018.0,5.0,-0.103333,Canada; Australia; Switzerland; Denmark; Luxembourg,-0.088844,Japan,0.286598,China,False,,False
Iraq,ok,1950.0,1959.0,France,False,0.298038,France,0.298038,False,4.0,False,True,1.159337,0.232725,0.143167,0.001347,0.107873,69.0,1950.0,2018.0,5.0,0.170445,Iceland; Belgium; Venezuela; Norway; Argentina,0.06228,United States,0.007173,United States,False,,False
Ireland,ok,1922.0,1931.0,United Kingdom,False,0.939237,United Kingdom,0.939237,False,0.0,False,True,0.637627,-0.273382,0.3834,0.0,0.02236,97.0,1922.0,2018.0,5.0,-0.208634,Netherlands; New Zealand; Belgium; Denmark; Australia,-0.064748,United States,,United States,False,,True
Israel,ok,1950.0,1959.0,United Kingdom,False,0.272944,United Kingdom,0.272944,False,6.0,False,True,0.861208,-0.215008,0.811025,0.0,0.166898,69.0,1950.0,2018.0,5.0,-0.150949,Denmark; Sweden; Australia; Switzerland; Canada,-0.064058,United States,0.007173,United States,False,,False
Italy,ok,1900.0,1909.0,Germany,False,0.204506,Germany,0.204506,False,0.0,False,True,0.341123,-0.078349,0.146344,1.8e-05,0.387913,119.0,1900.0,2018.0,5.0,-0.142208,Austria; Denmark; Canada; Netherlands; Uruguay,0.063859,France,0.061138,Germany,True,-0.0783,False
Japan,ok,1900.0,1909.0,United States of America,False,0.41128,United States,0.41128,False,0.0,False,True,1.394898,-0.372418,0.521641,0.0,0.04608,119.0,1900.0,2018.0,1.0,-0.462097,New Zealand,0.089679,United States,0.089679,China,False,,False
Jordan,ok,1953.0,1962.0,Syria,False,0.191038,Syria,0.191038,False,0.0,False,True,0.577301,-0.340918,0.319483,1e-06,0.052901,66.0,1953.0,2018.0,5.0,0.106576,Former USSR; Israel; Slovenia; Hungary; Ireland,-0.447494,Iraq,-0.193914,United States,True,-0.3038,False
Kenya,ok,1963.0,1972.0,United Kingdom,False,0.265773,United Kingdom,0.265773,False,8.0,False,True,2.531801,0.060294,0.189998,0.000785,0.075933,56.0,1963.0,2018.0,5.0,0.101962,Netherlands; Australia; France; Germany; Canada,-0.041668,United Kingdom,-0.041668,Uganda,False,,False
Laos,ok,1955.0,1964.0,Myanmar,False,0.761452,Myanmar,0.761452,False,0.0,False,True,0.061279,-0.091009,0.290675,4e-06,0.131773,64.0,1955.0,2018.0,5.0,-0.168713,Mauritania; Mali; Mongolia; Bangladesh; Lesotho,0.077705,Thailand,0.270843,Thailand,False,,True
Lebanon,ok,1950.0,1959.0,Netherlands,False,0.285022,Netherlands,0.285022,False,5.0,False,True,0.637346,0.311252,0.395335,0.0,0.331135,69.0,1950.0,2018.0,5.0,0.268913,Norway; Venezuela; Sweden; Denmark; France,0.042339,Saudi Arabia,0.184587,United Arab Emirates,False,,False
Libya,ok,1955.0,1964.0,United Kingdom,False,0.387936,United Kingdom,0.387936,False,7.0,False,True,2.591595,-0.463806,0.542905,0.0,0.331896,64.0,1955.0,2018.0,5.0,-0.478961,Sweden; Denmark; Australia; Canada; Venezuela,0.015156,Italy,0.121301,Italy,False,,False
Luxembourg,ok,1950.0,1959.0,Netherlands,False,0.233303,Netherlands,0.233303,False,10.0,False,False,-0.263015,-0.005072,0.00317,0.645871,0.141932,69.0,1950.0,2018.0,5.0,-0.045655,Norway; Venezuela; Belgium; Sweden; Denmark,0.040583,Germany,0.110622,Germany,False,,True
Malaysia,ok,1961.0,1970.0,Japan,False,0.230762,Japan,0.230762,False,4.0,False,True,1.118975,-0.208249,0.329762,2e-06,0.045968,58.0,1961.0,2018.0,5.0,-0.308176,Czechoslovakia; Slovenia; Ireland; Israel; Uruguay,0.099928,Singapore,0.701437,China,False,,False
Malta,ok,1964.0,1973.0,United Kingdom,False,0.44189,United Kingdom,0.44189,False,3.0,False,True,1.737135,-0.501451,0.943564,0.0,0.257434,55.0,1964.0,2018.0,5.0,-0.490997,France; Australia; Germany; New Zealand; Canada,-0.010454,China,0.553358,China,False,,False
Mexico,ok,1900.0,1909.0,United States of America,False,0.714632,United States,0.714632,False,0.0,False,True,1.50774,-0.09327,0.368629,0.0,0.183507,119.0,1900.0,2018.0,1.0,-0.182949,New Zealand,0.089679,United States,0.089679,United States,True,-0.0933,False
Mongolia,ok,1958.0,1967.0,United States of America,False,0.431779,United States,0.431779,False,0.0,True,True,2.983078,-0.349048,0.360258,0.0,0.02753,61.0,1958.0,2018.0,5.0,-0.3357,Switzerland; Luxembourg; New Zealand; Denmark; Canada,-0.013347,China,0.55989,China,False,,False
Morocco,ok,1956.0,1965.0,France,False,0.505274,France,0.505274,False,10.0,False,True,1.600488,0.011977,0.005465,0.564756,0.069507,63.0,1956.0,2018.0,5.0,0.015208,Norway; Iceland; Belgium; Venezuela; Netherlands,-0.003231,France,-0.003231,Spain,False,,False
Mozambique,ok,1975.0,1984.0,United States of America,False,0.164074,United States,0.164074,False,0.0,False,True,2.618942,0.497605,0.872106,0.0,0.175023,44.0,1975.0,2018.0,5.0,0.569741,Kuwait; Switzerland; Canada; Luxembourg; Denmark,-0.072137,South Africa,-0.28558,South Africa,False,,False
Myanmar,ok,1950.0,1959.0,India,False,0.249892,India,0.249892,False,4.0,False,True,0.391889,-0.035968,0.06123,0.040374,0.170812,69.0,1950.0,2018.0,5.0,-0.273301,Niger; Gambia; Cape Verde; Romania; Democratic Republic of Congo,0.237333,Thailand,0.53609,Thailand,False,,False
Nepal,ok,1964.0,1973.0,India,False,0.702374,India,0.702374,False,0.0,False,True,0.204174,0.187969,0.65274,0.0,0.158163,55.0,1964.0,2018.0,5.0,-0.029632,Kenya; Uganda; Pakistan; Afghanistan; Vietnam,0.217601,India,0.217601,India,True,0.1811,False
Netherlands,ok,1900.0,1909.0,United Kingdom,False,0.510152,United Kingdom,0.510152,False,0.0,False,True,0.315006,-0.14722,0.353602,0.0,0.19055,119.0,1900.0,2018.0,3.0,-0.077068,New Zealand; Switzerland; Australia,-0.070152,Germany,0.114435,Germany,False,,True
New Zealand,ok,1920.0,1929.0,United Kingdom,False,0.841419,United Kingdom,0.841419,False,0.0,False,False,-0.119593,0.04589,0.140367,0.000133,0.215107,99.0,1920.0,2018.0,5.0,0.096912,Netherlands; Switzerland; Belgium; Denmark; Argentina,-0.051023,Australia,-0.048618,Australia,False,,False
Nicaragua,ok,1920.0,1929.0,United States of America,False,0.634516,United States,0.634516,False,0.0,False,True,1.640955,0.326727,0.42278,0.0,0.07053,99.0,1920.0,2018.0,1.0,0.24604,New Zealand,0.080687,United States,0.080687,United States,False,,False
Nigeria,ok,1960.0,1969.0,United Kingdom,False,0.431852,United Kingdom,0.431852,False,7.0,False,True,2.350421,-0.033115,0.011907,0.410694,0.071223,59.0,1960.0,2018.0,5.0,0.010958,Australia; Canada; Sweden; Denmark; Germany,-0.044073,United States,-0.009124,United States,False,,False
Norway,ok,1905.0,1914.0,United Kingdom,False,0.326184,United Kingdom,0.326184,False,0.0,False,True,0.776282,-0.418899,0.668208,0.0,0.047247,114.0,1905.0,2018.0,5.0,-0.337768,Switzerland; New Zealand; Australia; Belgium; Canada,-0.081131,United Kingdom,-0.081131,United Kingdom,False,,False
Pakistan,ok,1972.0,1981.0,Japan,False,0.106886,Japan,0.106886,False,10.0,False,True,2.459935,-0.138852,0.506028,0.0,0.064188,47.0,1972.0,2018.0,5.0,-0.075598,Finland; Austria; Iceland; Italy; Norway,-0.063254,United States,-0.026524,United States,False,,False
Panama,ok,1920.0,1929.0,United States of America,False,0.811376,United States,0.811376,False,0.0,False,True,1.454973,-0.035264,0.02364,0.12865,0.064466,99.0,1920.0,2018.0,1.0,-0.11595,New Zealand,0.080687,Venezuela,0.373083,Venezuela,False,,False
Paraguay,ok,1939.0,1948.0,United Kingdom,False,0.333792,United Kingdom,0.333792,False,0.0,False,True,1.439821,0.051081,0.105406,0.003301,0.142336,80.0,1939.0,2018.0,5.0,0.150941,Australia; New Zealand; Canada; Switzerland; Germany,-0.09986,Brazil,0.154552,Brazil,False,,False
Peru,ok,1900.0,1909.0,United Kingdom,False,0.507967,United Kingdom,0.507967,False,0.0,False,True,1.83773,-0.111052,0.168998,3e-06,0.052499,119.0,1900.0,2018.0,4.0,-0.034889,New Zealand; Switzerland; Australia; Belgium,-0.076163,United States,0.089679,United States,False,,False
Philippines,ok,1946.0,1955.0,United States of America,False,0.701427,United States,0.701427,False,0.0,False,True,2.315472,0.008338,0.002345,0.684105,0.125739,73.0,1946.0,2018.0,1.0,-0.101018,New Zealand,0.109355,China,0.516308,China,False,,False
Poland,ok,1920.0,1929.0,Germany,False,0.27205,Germany,0.27205,False,9.0,False,True,0.627202,0.074572,0.127841,0.000975,0.197456,82.0,1920.0,2018.0,5.0,0.032237,Norway; Argentina; Sweden; France; Ireland,0.042335,Germany,0.042335,Germany,False,,False
Portugal,ok,1900.0,1909.0,United Kingdom,False,0.482244,United Kingdom,0.482244,False,0.0,False,True,1.308374,-0.342474,0.571036,0.0,0.042672,119.0,1900.0,2018.0,4.0,-0.266311,New Zealand; Switzerland; Australia; Belgium,-0.076163,Spain,-0.016049,Spain,True,-0.3425,False
Romania,ok,1900.0,1909.0,Belgium,False,0.303784,Belgium,0.303784,False,0.0,False,True,2.30833,-0.409027,0.464167,0.0,0.124137,114.0,1900.0,2018.0,5.0,-0.350156,Australia; Netherlands; Switzerland; Canada; Denmark,-0.058871,Germany,0.064975,Germany,False,,False
Russia,ok,1992.0,2001.0,Germany,False,0.11953,Germany,0.11953,False,0.0,False,True,1.121346,-0.222444,0.530027,1.7e-05,0.195318,27.0,1992.0,2018.0,5.0,-0.225464,Sweden; Belgium; Singapore; Austria; France,0.00302,Germany,0.00302,Germany,False,,False
Saudi Arabia,ok,1950.0,1959.0,Italy,False,0.157904,Italy,0.157904,False,0.0,False,True,0.455899,-0.167041,0.244249,1.6e-05,0.05639,69.0,1950.0,2018.0,5.0,-0.226127,Austria; Chile; Trinidad and Tobago; Ireland; Czechoslovakia,0.059086,Japan,0.450733,Japan,False,,False
Senegal,ok,1960.0,1969.0,France,False,0.750624,France,0.750624,False,3.0,False,True,1.693049,0.402426,0.926162,0.0,0.30475,59.0,1960.0,2018.0,5.0,0.416732,Venezuela; Germany; Norway; Belgium; Netherlands,-0.014306,France,-0.014306,Mali,False,,False
Serbia,sin exportaciones válidas del mismo territorio con PIB,,,,,,,,,,,,,,,,,,,,,,,,,,,,,
Singapore,ok,1965.0,1974.0,United States of America,False,0.155855,United States,0.155855,False,7.0,False,True,1.56159,-0.588578,0.918257,0.0,0.179313,54.0,1965.0,2018.0,4.0,-0.54638,Switzerland; Luxembourg; Denmark; Sweden,-0.042197,China,0.603041,China,False,,False
Slovakia,ok,1993.0,2002.0,Germany,False,0.274739,Germany,0.274739,False,0.0,False,True,0.88763,-0.138536,0.810924,0.0,0.258222,26.0,1993.0,2018.0,5.0,-0.184836,Sweden; Belgium; France; Iceland; United Kingdom,0.0463,Germany,0.0463,Germany,False,,False
Slovenia,ok,1993.0,2002.0,Germany,False,0.27767,Germany,0.27767,False,0.0,False,True,0.492942,-0.008814,0.014788,0.554003,0.160259,26.0,1993.0,2018.0,5.0,-0.036255,Sweden; Belgium; Iceland; United Kingdom; Australia,0.027441,Germany,0.027441,Germany,False,,False
South Africa,ok,1924.0,1933.0,United Kingdom,False,0.466824,United Kingdom,0.466824,False,0.0,False,True,1.30127,-0.004479,0.000658,0.805031,0.049256,95.0,1924.0,2018.0,5.0,0.08084,New Zealand; Australia; Switzerland; Denmark; Canada,-0.085319,China,0.261746,China,False,,False
South Korea,ok,1949.0,1958.0,United States of America,False,0.489768,United States,0.489768,False,0.0,False,True,2.662243,-0.793664,0.778765,0.0,0.094939,70.0,1949.0,2018.0,2.0,-0.806487,Luxembourg; New Zealand,0.012823,China,0.516308,China,False,,False
Spain,ok,1900.0,1909.0,United Kingdom,False,0.414162,United Kingdom,0.414162,False,0.0,False,True,1.014067,-0.256878,0.410005,0.0,0.038234,119.0,1900.0,2018.0,3.0,-0.186726,New Zealand; Switzerland; Australia,-0.070152,France,0.111714,France,False,,True
Sri Lanka,ok,1948.0,1957.0,United Kingdom,False,0.318427,United Kingdom,0.318427,False,3.0,False,True,1.724897,-0.084607,0.107561,0.005237,0.030382,71.0,1948.0,2018.0,5.0,-0.033286,Switzerland; Denmark; Sweden; New Zealand; Luxembourg,-0.051321,United States,0.011646,United States,False,,False
Sudan,ok,1956.0,1965.0,United Kingdom,False,0.231426,United Kingdom,0.231426,False,7.0,False,True,2.115873,0.154665,0.254418,2.5e-05,0.083792,63.0,1956.0,2018.0,5.0,0.206955,Denmark; Sweden; Australia; Netherlands; Canada,-0.05229,China,0.682503,China,False,,False
Sweden,ok,1900.0,1909.0,United Kingdom,False,0.364563,United Kingdom,0.364563,False,0.0,False,True,0.783196,-0.299188,0.863367,0.0,0.168197,119.0,1900.0,2018.0,4.0,-0.230569,New Zealand; Switzerland; United States; Australia,-0.068618,Germany,0.122406,Germany,False,,False
Switzerland,ok,1900.0,1909.0,United Kingdom,False,0.271204,United Kingdom,0.271204,False,0.0,False,True,0.13359,-0.15222,0.521864,0.0,0.138686,119.0,1900.0,2018.0,3.0,-0.10141,New Zealand; Australia; Belgium,-0.05081,Germany,0.074421,Germany,False,,True
Syria,ok,1950.0,1959.0,Lebanon,False,0.247523,Lebanon,0.247523,False,3.0,False,True,0.186411,0.056924,0.005587,0.541584,0.098984,69.0,1950.0,2018.0,5.0,0.393221,Czechoslovakia; Ireland; Israel; Former USSR; Trinidad and Tobago,-0.336297,Iraq,-0.147056,Iraq,True,0.0541,False
Taiwan,ok,1952.0,1961.0,Japan,False,0.540128,Japan,0.540128,False,0.0,False,True,0.839478,-0.340479,0.410609,0.0,0.026114,67.0,1952.0,2018.0,5.0,-0.604214,Peru; Hong Kong; Namibia; Puerto Rico; Mauritius,0.263734,China,0.560233,China,True,-0.0796,False
Tanzania,ok,1961.0,1970.0,United Kingdom,False,0.334649,United Kingdom,0.334649,False,7.0,False,True,2.964715,0.024928,0.009041,0.477723,0.025425,58.0,1961.0,2018.0,5.0,0.06522,Australia; Canada; Sweden; Germany; Denmark,-0.040292,India,0.210466,India,False,,False
Thailand,ok,1913.0,1922.0,Japan,False,0.562257,Japan,0.562257,False,0.0,False,True,0.92117,0.030509,0.008444,0.442653,0.066491,72.0,1913.0,2018.0,5.0,-0.301025,Hong Kong; Spain; Former USSR; Djibouti; Bahrain,0.331534,United States,-0.015541,China,False,,False
Tunisia,ok,1956.0,1965.0,France,False,0.453487,France,0.453487,False,9.0,False,True,1.709759,-0.147055,0.478899,0.0,0.119092,63.0,1956.0,2018.0,5.0,-0.127923,Germany; Norway; Iceland; Venezuela; Austria,-0.019132,France,-0.019132,France,False,,False
Turkey,ok,1913.0,1922.0,United Kingdom,False,0.292768,United Kingdom,0.292768,False,2.0,False,True,1.997303,-0.343381,0.700599,0.0,0.292945,98.0,1913.0,2018.0,5.0,-0.255376,New Zealand; Australia; Switzerland; Netherlands; Canada,-0.088006,Germany,0.064482,Germany,False,,False
Uganda,ok,1962.0,1971.0,United States of America,False,0.276168,United States,0.276168,False,5.0,False,True,2.827502,0.247944,0.54411,0.0,0.08066,57.0,1962.0,2018.0,5.0,0.259098,Switzerland; Luxembourg; New Zealand; Denmark; Sweden,-0.011154,United States,-0.011154,United Arab Emirates,False,,False
Ukraine,ok,1992.0,2001.0,Russia,False,0.287041,Russia,0.287041,False,0.0,False,True,0.432975,0.196108,0.865683,0.0,0.353775,27.0,1992.0,2018.0,5.0,0.121413,Gabon; Thailand; Latvia; Poland; Lithuania,0.074695,Russia,0.074695,Russia,True,0.2199,False
United Kingdom,ok,1900.0,1909.0,United States of America,False,0.1588,United States,0.1588,False,0.0,False,True,0.133663,0.064019,0.359298,0.0,0.287914,119.0,1900.0,2018.0,1.0,-0.02566,New Zealand,0.089679,United States,0.089679,Germany,False,,False
United States,ok,1900.0,1909.0,United Kingdom,False,0.425951,United Kingdom,0.425951,False,0.0,False,False,-0.133663,-0.064019,0.359298,0.0,0.287914,119.0,1900.0,2018.0,3.0,0.006133,New Zealand; Switzerland; Australia,-0.070152,Canada,0.078572,Canada,False,,False
Uruguay,ok,1900.0,1909.0,Brazil,False,0.192202,Brazil,0.192202,False,0.0,False,False,-1.419941,0.421546,0.653254,0.0,0.085457,119.0,1900.0,2018.0,5.0,0.240664,Malaysia; India; Colombia; Taiwan; Philippines,0.180882,Brazil,0.180882,Brazil,False,,True
Venezuela,ok,1900.0,1909.0,United States of America,False,0.5859,United States,0.5859,False,0.0,False,True,1.585618,-0.28585,0.365908,0.0,0.06524,119.0,1900.0,2018.0,1.0,-0.375529,New Zealand,0.089679,United States,0.089679,United States,False,,False
Vietnam,ok,1976.0,1985.0,Japan,False,0.265274,Japan,0.265274,False,1.0,True,True,2.757995,-0.303576,0.486419,0.0,0.056102,43.0,1976.0,2018.0,5.0,-0.319113,United Kingdom; Slovenia; Saudi Arabia; New Zealand; Italy,0.015536,United States,-0.082443,United States,False,,False
Yemen,ok,1990.0,1999.0,China,False,0.172252,China,0.172252,False,1.0,False,False,-0.119685,0.549653,0.640766,0.0,0.118358,29.0,1990.0,2018.0,5.0,0.282627,Albania; Cuba; Philippines; Tajikistan; Honduras,0.267027,China,0.267027,China,False,,False
Zambia,ok,1964.0,1973.0,United Kingdom,False,0.287552,United Kingdom,0.287552,False,3.0,False,True,2.219895,0.179769,0.244727,0.000123,0.054071,55.0,1964.0,2018.0,5.0,0.198935,Netherlands; Australia; Germany; New Zealand; Canada,-0.019166,China,0.553358,China,False,,False
Zimbabwe,ok,1965.0,1974.0,Zambia,False,0.310747,Zambia,0.310747,False,0.0,False,True,0.077975,0.151221,0.073021,0.048131,0.034954,54.0,1965.0,2018.0,5.0,0.278459,Madagascar; Yemen; Egypt; Indonesia; Togo,-0.127238,South Africa,-0.087421,South Africa,False,,True
