id,hub,nodo,n,b,dw,rho_ar1,n_eff,estimable,rho_gls,p_ols,p_ar1_inf,p_ar1_sup,p_nw_auto,p_nw_n4,p_gls_pw,p_boot_rb3,p_boot_ub3,p_boot_rb8,p_boot_ub8,p_boot_rb17,p_boot_ub17
B001,United Kingdom,France,119,-0.192,0.1446,0.9277,4.46,1,0.9469,0.0,0.191959,0.005725,0.0,1.2e-05,0.213042,0.002,0.001,0.009,0.001,0.032,0.001
B002,Germany,United Kingdom,119,0.1947,0.1778,0.9111,5.54,1,0.94,0.0,0.113303,0.001129,6e-06,0.000398,0.180203,0.001,0.001,0.003,0.001,0.007,0.001
B003,Netherlands,United Kingdom,119,0.1472,0.1906,0.9047,5.95,1,0.9146,0.0,0.14894,0.001392,0.0,8e-06,0.046045,0.001,0.002,0.012,0.004,0.017,0.001
B004,Belgium,United Kingdom,119,0.0942,0.1442,0.9279,4.45,1,0.9374,0.0,0.331191,0.014697,0.000153,0.005958,0.282287,0.011,0.002,0.06,0.019,0.14,0.067
B005,Switzerland,United Kingdom,119,0.1522,0.1387,0.9307,4.27,1,0.9613,0.0,0.149982,0.0048,0.0,3.3e-05,0.116654,0.001,0.001,0.006,0.001,0.001,0.001
B006,Austria,United Kingdom,119,0.2022,0.1229,0.9386,3.77,1,0.9551,0.0,0.328618,0.024114,0.000586,0.016517,0.337676,0.002,0.002,0.033,0.009,0.145,0.021
B007,Italy,United Kingdom,119,0.273,0.0588,0.9706,1.78,0,0.9834,0.0,,,1e-06,0.000282,0.170975,0.001,0.001,0.005,0.001,0.041,0.001
B008,Spain,United Kingdom,119,0.2569,0.0382,0.9809,1.15,0,0.9908,0.0,,,5.4e-05,0.0063,0.216535,0.001,0.001,0.02,0.001,0.056,0.005
B009,United Kingdom,Portugal,119,-0.3425,0.0427,0.9787,1.28,0,0.9945,0.0,,,3.3e-05,0.001118,0.857007,0.001,0.001,0.002,0.001,0.017,0.001
B010,Ireland,United Kingdom,99,0.2628,0.0185,0.9907,0.46,0,0.995,0.0,,,0.002495,0.044878,0.13502,0.007,0.001,0.034,0.004,0.058,0.002
B011,Luxembourg,United Kingdom,69,0.1071,0.2019,0.8991,3.67,1,0.9771,0.0,0.168453,0.016997,3.3e-05,0.000309,0.356376,0.001,0.001,0.001,0.001,0.01,0.001
B012,Germany,France,119,0.0027,0.4147,0.7927,13.76,1,0.7947,0.88974,0.963108,0.891852,0.864089,0.897293,0.959287,0.926,0.934,0.924,0.938,0.892,0.87
B013,Netherlands,France,119,-0.0447,0.2882,0.8559,9.24,1,0.8818,1e-06,0.183343,0.001031,0.003112,0.035394,0.76155,0.015,0.008,0.086,0.033,0.293,0.1
B014,Belgium,France,119,-0.0978,0.2978,0.8511,9.57,1,0.8759,0.0,0.015786,7e-06,0.0,0.0,0.01715,0.001,0.001,0.001,0.001,0.009,0.001
B015,Switzerland,France,119,-0.0397,0.1856,0.9072,5.79,1,0.9174,0.001769,0.521253,0.035516,0.029828,0.092737,0.871748,0.132,0.112,0.248,0.186,0.358,0.286
B016,Austria,France,119,0.0102,0.3542,0.8229,11.56,1,0.8254,0.573396,0.863966,0.585317,0.733659,0.826381,0.930836,0.768,0.772,0.792,0.786,0.823,0.791
B017,Italy,France,119,0.0811,0.2367,0.8816,7.49,1,0.8871,0.0,0.116576,0.000464,0.000405,0.015955,0.049354,0.002,0.001,0.022,0.004,0.111,0.004
B018,Spain,France,119,0.0649,0.1418,0.9291,4.37,1,0.9352,0.002284,0.60198,0.071613,0.070872,0.287445,0.423016,0.142,0.122,0.264,0.22,0.294,0.265
B019,France,Portugal,119,-0.1505,0.1408,0.9296,4.34,1,0.9591,0.0,0.252695,0.009751,0.002987,0.024075,0.658958,0.003,0.001,0.019,0.001,0.045,0.001
B020,Ireland,France,99,0.1149,0.0459,0.9771,1.15,0,0.9928,0.001556,,,0.066011,0.260709,0.716307,0.135,0.1,0.242,0.238,0.195,0.272
B021,Luxembourg,France,69,0.0092,0.0603,0.9698,1.06,0,0.9873,0.596197,,,0.762552,0.837981,0.001562,0.783,0.809,0.867,0.857,0.862,0.889
B022,Germany,Netherlands,119,0.0475,0.4674,0.7663,15.74,1,0.768,0.017049,0.393811,0.029983,0.027066,0.069046,0.543203,0.174,0.165,0.232,0.184,0.297,0.122
B023,Belgium,Germany,119,-0.1005,0.3525,0.8238,11.5,1,0.8315,0.0,0.087218,0.000137,2e-06,3.1e-05,0.083378,0.006,0.003,0.007,0.004,0.002,0.001
B024,Switzerland,Germany,119,-0.0425,0.4118,0.7941,13.66,1,0.7956,0.011011,0.399157,0.024424,0.018303,0.049531,0.53101,0.139,0.125,0.206,0.125,0.271,0.155
B025,Austria,Germany,119,0.0075,0.5477,0.7262,18.88,1,0.7256,0.570173,0.823309,0.576582,0.686822,0.810871,0.918635,0.734,0.758,0.833,0.824,0.879,0.855
B026,Germany,Italy,119,-0.0783,0.3879,0.806,12.78,1,0.8094,1.8e-05,0.170757,0.000981,1.9e-05,0.001939,0.139303,0.032,0.029,0.085,0.04,0.164,0.06
B027,Germany,Spain,119,-0.0622,0.2018,0.8991,6.32,1,0.8998,0.004399,0.537209,0.039982,0.024264,0.171119,0.421002,0.15,0.154,0.265,0.251,0.329,0.293
B028,Germany,Portugal,119,-0.1478,0.2397,0.8801,7.59,1,0.8989,0.0,0.113191,0.000424,0.000534,0.004343,0.246292,0.002,0.001,0.013,0.003,0.062,0.001
B029,Ireland,Germany,99,0.0814,0.1052,0.9474,2.67,0,0.9637,0.0136,0.77368,0.327072,0.138945,0.367254,0.465553,0.235,0.231,0.335,0.34,0.282,0.288
B030,Luxembourg,Germany,69,-0.0651,0.0735,0.9632,1.29,0,0.9844,7.6e-05,,,0.050831,0.104508,0.0,0.03,0.011,0.063,0.065,0.092,0.197
B031,Belgium,Netherlands,119,-0.053,0.5567,0.7217,19.24,1,0.7228,0.0,0.025285,1.1e-05,0.0,0.0,0.00497,0.003,0.004,0.014,0.001,0.002,0.001
B032,Switzerland,Netherlands,119,0.005,0.4288,0.7856,14.29,1,0.7867,0.631925,0.870537,0.639465,0.675198,0.645223,0.995654,0.783,0.786,0.807,0.785,0.777,0.774
B033,Austria,Netherlands,119,0.055,0.3202,0.8399,10.35,1,0.8445,0.005401,0.426283,0.021046,0.14013,0.310681,0.70681,0.17,0.146,0.308,0.259,0.464,0.374
B034,Netherlands,Italy,119,-0.1258,0.1292,0.9354,3.97,1,0.956,0.0,0.253524,0.013441,0.000144,0.006823,0.492408,0.002,0.001,0.015,0.001,0.119,0.003
B035,Spain,Netherlands,119,0.1097,0.1759,0.912,5.47,1,0.9238,0.0,0.321005,0.008489,0.005977,0.081132,0.474982,0.01,0.005,0.079,0.025,0.176,0.094
B036,Netherlands,Portugal,119,-0.1953,0.145,0.9275,4.48,1,0.9649,0.0,0.18642,0.005422,0.000942,0.009368,0.962871,0.001,0.001,0.006,0.001,0.071,0.001
B037,Ireland,Netherlands,99,0.1647,0.0945,0.9528,2.4,0,0.9862,0.0,0.668256,0.336332,0.004442,0.055676,0.227814,0.011,0.004,0.076,0.023,0.066,0.014
B038,Luxembourg,Netherlands,69,0.0051,0.1419,0.929,2.54,0,0.9558,0.645871,0.951428,0.767292,0.778162,0.82447,0.02265,0.803,0.811,0.879,0.864,0.877,0.893
B039,Switzerland,Belgium,119,0.058,0.2932,0.8534,9.41,1,0.8634,0.0,0.092293,0.000183,4e-06,0.000155,0.030774,0.005,0.001,0.008,0.004,0.007,0.002
B040,Austria,Belgium,119,0.108,0.3106,0.8447,10.02,1,0.8533,0.0,0.121763,0.000334,0.002414,0.034893,0.143774,0.01,0.004,0.036,0.006,0.139,0.014
B041,Belgium,Italy,119,-0.1788,0.1657,0.9171,5.14,1,0.9442,0.0,0.076995,0.000879,0.0,2.4e-05,0.052659,0.001,0.001,0.001,0.001,0.005,0.001
B042,Belgium,Spain,119,-0.1627,0.1044,0.9478,3.19,1,0.9669,0.0,0.353689,0.049269,9.1e-05,0.008339,0.201554,0.002,0.001,0.01,0.001,0.047,0.001
B043,Belgium,Portugal,119,-0.2483,0.0943,0.9528,2.87,0,0.9878,0.0,0.300833,0.061937,3.6e-05,0.00062,0.949532,0.001,0.001,0.002,0.001,0.019,0.001
B044,Ireland,Belgium,99,0.1844,0.0274,0.9863,0.68,0,0.995,0.0,,,0.002848,0.055196,0.393247,0.009,0.002,0.053,0.011,0.045,0.006
B045,Luxembourg,Belgium,69,0.0004,0.1001,0.95,1.77,0,0.9697,0.977554,,,0.983365,0.989635,0.022615,0.994,0.992,0.991,0.995,0.996,0.994
B046,Switzerland,Austria,119,-0.05,0.254,0.873,8.07,1,0.8757,0.011053,0.526065,0.041216,0.143264,0.324426,0.746089,0.192,0.164,0.357,0.308,0.548,0.494
B047,Switzerland,Italy,119,-0.1208,0.0906,0.9547,2.76,0,0.9646,0.0,0.50602,0.136367,0.000272,0.007079,0.342772,0.004,0.001,0.046,0.004,0.19,0.045
B048,Switzerland,Spain,119,-0.1047,0.087,0.9565,2.65,0,0.9625,1e-06,0.629828,0.214142,0.008931,0.084229,0.444947,0.019,0.014,0.126,0.065,0.241,0.166
B049,Switzerland,Portugal,119,-0.1903,0.0723,0.9638,2.19,0,0.9847,0.0,0.713607,0.489279,0.001267,0.008043,0.829226,0.001,0.001,0.008,0.001,0.078,0.001
B050,Ireland,Switzerland,99,0.1278,0.039,0.9805,0.98,0,0.9939,2.1e-05,,,0.041496,0.176803,0.18456,0.041,0.024,0.132,0.082,0.179,0.106
B051,Luxembourg,Switzerland,69,0.0029,0.1188,0.9406,2.11,0,0.9644,0.816934,0.98736,0.932885,0.891338,0.914223,0.006813,0.905,0.909,0.928,0.921,0.94,0.948
B052,Austria,Italy,119,-0.0708,0.5617,0.7192,19.44,1,0.7245,0.0,0.025274,1.2e-05,8e-06,0.000114,0.011787,0.003,0.001,0.013,0.001,0.023,0.001
B053,Austria,Spain,119,-0.0547,0.3467,0.8267,11.29,1,0.8273,0.001073,0.327586,0.008092,0.004818,0.017642,0.231977,0.097,0.058,0.138,0.099,0.116,0.138
B054,Austria,Portugal,119,-0.1403,0.405,0.7975,13.41,1,0.8131,0.0,0.009907,1e-06,7e-06,0.0,0.013663,0.001,0.001,0.003,0.001,0.012,0.001
B055,Ireland,Austria,99,0.0275,0.1396,0.9302,3.58,1,0.9468,0.368825,0.883093,0.482837,0.51256,0.71124,0.301265,0.658,0.634,0.743,0.762,0.762,0.746
B056,Luxembourg,Austria,69,-0.1147,0.1199,0.9401,2.13,0,0.9504,0.0,0.753105,0.599732,0.0,0.000133,1e-06,0.002,0.001,0.004,0.001,0.028,0.001
B057,Spain,Italy,119,-0.0162,0.1445,0.9277,4.46,1,0.9343,0.317485,0.860783,0.403706,0.428193,0.654475,0.894284,0.614,0.632,0.695,0.697,0.744,0.72
B058,Italy,Portugal,119,-0.0694,0.1864,0.9068,5.81,1,0.9418,1e-06,0.322533,0.007735,0.021388,0.04884,0.823733,0.016,0.011,0.055,0.022,0.056,0.011
B059,Ireland,Italy,99,0.0005,0.0381,0.9809,0.95,0,0.9939,0.987074,,,0.991194,0.995182,0.771846,0.989,0.998,0.996,0.998,0.992,0.996
B060,Luxembourg,Italy,69,-0.0855,0.0606,0.9697,1.06,0,0.9889,2e-06,,,0.005213,0.054443,1e-06,0.015,0.003,0.043,0.012,0.068,0.028
B061,Spain,Portugal,119,-0.0856,0.2156,0.8922,6.78,1,0.931,0.0,0.128736,0.000727,0.000941,0.001989,0.939252,0.001,0.001,0.032,0.003,0.142,0.001
B062,Ireland,Spain,99,0.0056,0.0701,0.9649,1.77,0,0.9864,0.803955,,,0.862907,0.915594,0.08369,0.905,0.915,0.924,0.925,0.938,0.944
B063,Luxembourg,Spain,69,-0.2223,0.2118,0.8941,3.86,1,0.9149,0.0,0.041741,0.002995,0.0,0.0,0.0,0.001,0.001,0.001,0.001,0.003,0.001
B064,Ireland,Portugal,99,-0.0774,0.0475,0.9762,1.19,0,0.9914,0.002842,,,0.043773,0.26827,0.025549,0.158,0.141,0.302,0.257,0.394,0.292
B065,Luxembourg,Portugal,69,-0.1991,0.1382,0.9309,2.47,0,0.9523,0.0,0.38938,0.179662,0.0,0.0,8e-06,0.001,0.001,0.004,0.001,0.007,0.001
B066,Luxembourg,Ireland,69,-0.2421,0.0453,0.9773,0.79,0,0.995,0.0,,,0.000267,0.004321,0.024549,0.001,0.001,0.009,0.001,0.02,0.001
B067,Norway,Sweden,119,0.1347,0.0209,0.9896,0.62,0,0.995,1e-06,,,0.020732,0.158071,0.758068,0.019,0.018,0.1,0.058,0.129,0.045
B068,Denmark,Sweden,119,-0.1121,0.1919,0.904,6.0,1,0.943,0.0,0.030517,0.000128,0.0,0.0,0.035117,0.001,0.001,0.001,0.001,0.014,0.001
B069,Finland,Sweden,119,0.0767,0.0934,0.9533,2.84,0,0.974,0.0,0.5483,0.137457,0.03032,0.106893,0.409763,0.012,0.002,0.066,0.029,0.226,0.087
B070,Iceland,Sweden,69,0.0834,0.2515,0.8743,4.63,1,0.914,0.0,0.159815,0.007605,0.0,1.9e-05,0.312702,0.002,0.001,0.013,0.001,0.068,0.001
B071,Norway,Denmark,119,0.2468,0.0443,0.9779,1.33,0,0.995,0.0,,,9.7e-05,0.006496,0.962072,0.001,0.001,0.009,0.001,0.007,0.001
B072,Norway,Finland,119,0.058,0.0512,0.9744,1.54,0,0.9887,0.004014,,,0.10915,0.343625,0.414453,0.152,0.159,0.261,0.28,0.192,0.253
B073,Iceland,Norway,69,-0.1949,0.0401,0.9799,0.7,0,0.992,0.0,,,0.002896,0.029428,0.165951,0.002,0.001,0.031,0.002,0.09,0.007
B074,Denmark,Finland,119,-0.1888,0.1324,0.9338,4.07,1,0.9823,0.0,0.107034,0.003899,1.3e-05,0.00011,0.804292,0.001,0.001,0.001,0.001,0.023,0.001
B075,Iceland,Denmark,69,0.0556,0.2949,0.8525,5.49,1,0.863,2e-06,0.221191,0.008984,1e-06,1.8e-05,0.115143,0.01,0.004,0.039,0.013,0.103,0.037
B076,Iceland,Finland,69,-0.0412,0.4625,0.7688,9.02,1,0.7733,3e-06,0.106571,0.00136,2.8e-05,2.9e-05,0.010919,0.009,0.001,0.027,0.005,0.044,0.005
B077,Czechia,Poland,49,0.0201,0.0863,0.9569,1.08,0,0.9792,0.268389,,,0.452842,0.57421,0.826433,0.566,0.536,0.623,0.633,0.616,0.616
B078,Hungary,Poland,85,-0.0428,0.385,0.8075,9.05,1,0.867,0.001117,0.306655,0.011679,0.133042,0.055448,0.591633,0.078,0.038,0.118,0.052,0.056,0.003
B079,Romania,Poland,85,0.4294,0.3298,0.8351,7.64,1,0.907,0.0,0.003833,7e-06,0.0,1e-06,0.003614,0.001,0.001,0.001,0.001,0.002,0.001
B080,Bulgaria,Poland,83,0.0645,0.1042,0.9479,2.22,0,0.9614,0.006338,0.838019,0.588746,0.080342,0.272613,0.60653,0.146,0.143,0.326,0.295,0.421,0.339
B081,Russia,Poland,59,-0.0597,0.1053,0.9473,1.6,0,0.9676,0.018419,,,0.105936,0.15664,0.772557,0.197,0.182,0.344,0.293,0.418,0.356
B082,Ukraine,Poland,40,-0.3648,0.15,0.925,1.56,0,0.9797,0.0,,,0.00026,0.000142,0.631311,0.001,0.001,0.01,0.001,0.014,0.001
B083,Slovakia,Poland,34,-0.1119,0.4452,0.7774,4.26,1,0.943,0.0,0.079457,0.008958,0.000369,7.9e-05,0.468823,0.002,0.001,0.008,0.001,0.01,0.001
B084,Croatia,Poland,67,0.0815,0.0547,0.9727,0.93,0,0.9899,0.006351,,,0.113804,0.265372,0.024183,0.143,0.128,0.216,0.196,0.297,0.246
B085,Serbia,Poland,67,-0.0155,0.0812,0.9594,1.39,0,0.9754,0.724064,,,0.840535,0.884634,0.216214,0.855,0.866,0.907,0.891,0.901,0.892
B086,Slovenia,Poland,67,0.0938,0.0278,0.9861,0.47,0,0.995,0.006817,,,0.125565,0.298933,0.026193,0.132,0.134,0.266,0.212,0.296,0.228
B087,Czechia,Hungary,49,0.0455,0.2135,0.8932,2.76,0,0.9132,7e-06,0.486415,0.179428,1.4e-05,0.000409,0.060751,0.024,0.003,0.046,0.008,0.079,0.012
B088,Czechia,Romania,49,-0.1326,0.0827,0.9586,1.03,0,0.9771,2e-06,,,0.000455,0.009133,0.047081,0.01,0.002,0.046,0.005,0.045,0.009
B089,Czechia,Bulgaria,49,0.1785,0.1428,0.9286,1.81,0,0.9688,0.0,,,1e-06,3e-06,0.085927,0.001,0.001,0.005,0.001,0.013,0.001
B090,Czechia,Russia,49,0.1287,0.0991,0.9505,1.24,0,0.9612,8e-06,,,0.000156,0.00165,0.250914,0.022,0.009,0.089,0.029,0.153,0.044
B091,Czechia,Ukraine,40,0.3258,0.1499,0.9251,1.56,0,0.9584,0.0,,,3e-06,1e-06,0.025964,0.001,0.001,0.005,0.001,0.016,0.001
B092,Czechia,Slovakia,34,0.0225,0.3638,0.8181,3.4,1,0.8345,0.01846,0.543029,0.182126,0.119968,0.148374,0.248784,0.129,0.079,0.149,0.107,0.103,0.083
B093,Czechia,Croatia,49,0.143,0.1074,0.9463,1.35,0,0.9801,0.0,,,0.000749,0.001334,0.769435,0.003,0.001,0.025,0.001,0.049,0.001
B094,Czechia,Serbia,49,0.2658,0.1331,0.9334,1.69,0,0.9678,0.0,,,0.000311,0.000667,0.708843,0.003,0.001,0.033,0.001,0.11,0.001
B095,Slovenia,Czechia,49,-0.1645,0.0824,0.9588,1.03,0,0.9924,0.0,,,0.003105,0.006904,0.940138,0.003,0.001,0.02,0.001,0.027,0.001
B096,Hungary,Romania,96,-0.4798,0.1446,0.9277,3.6,1,0.9797,0.0,0.159432,0.013073,6.2e-05,0.000369,0.695982,0.001,0.001,0.002,0.001,0.009,0.001
B097,Hungary,Bulgaria,92,-0.1383,0.096,0.952,2.26,0,0.9676,0.0,0.678642,0.4224,1.9e-05,0.002113,0.517452,0.003,0.001,0.025,0.003,0.111,0.002
B098,Russia,Hungary,59,-0.0178,0.1034,0.9483,1.57,0,0.9552,0.396351,,,0.556447,0.625324,0.587197,0.653,0.654,0.712,0.708,0.759,0.765
B099,Hungary,Ukraine,40,0.3036,0.1476,0.9262,1.53,0,0.9707,0.0,,,3.6e-05,1.7e-05,0.173288,0.001,0.001,0.006,0.001,0.018,0.001
B100,Slovakia,Hungary,34,-0.0331,0.3618,0.8191,3.38,1,0.8436,0.004323,0.471472,0.142108,0.002609,0.002486,0.5057,0.076,0.034,0.179,0.079,0.182,0.081
B101,Croatia,Hungary,67,0.1026,0.0502,0.9749,0.85,0,0.9892,1.6e-05,,,0.00427,0.054694,0.000495,0.012,0.01,0.071,0.041,0.105,0.082
B102,Hungary,Serbia,67,-0.0056,0.0846,0.9577,1.45,0,0.971,0.88419,,,0.929343,0.950229,0.101216,0.938,0.943,0.963,0.955,0.965,0.971
B103,Slovenia,Hungary,67,0.1149,0.0283,0.9858,0.48,0,0.995,6.1e-05,,,0.011881,0.100978,0.001394,0.038,0.018,0.099,0.063,0.135,0.077
B104,Bulgaria,Romania,98,-0.3366,0.1639,0.9181,4.19,1,0.9619,0.0,0.190956,0.008971,0.000892,0.01386,0.510179,0.002,0.001,0.011,0.001,0.036,0.001
B105,Russia,Romania,59,-0.3336,0.1914,0.9043,2.96,0,0.9809,0.0,0.179327,0.043314,0.0,0.0,0.038625,0.001,0.001,0.001,0.001,0.006,0.001
B106,Ukraine,Romania,40,-0.4408,0.1442,0.9279,1.5,0,0.9752,0.0,,,1.2e-05,2.2e-05,0.016054,0.001,0.001,0.001,0.001,0.005,0.001
B107,Slovakia,Romania,34,-0.1618,0.1436,0.9282,1.27,0,0.9801,3e-06,,,0.006544,0.00824,0.991742,0.004,0.001,0.047,0.001,0.056,0.001
B108,Croatia,Romania,67,-0.2735,0.0656,0.9672,1.12,0,0.9941,0.0,,,0.001439,0.00602,0.754385,0.003,0.001,0.006,0.001,0.007,0.001
B109,Serbia,Romania,67,-0.3705,0.0793,0.9603,1.36,0,0.9889,0.0,,,0.001042,0.005803,0.760162,0.002,0.001,0.01,0.001,0.039,0.001
B110,Slovenia,Romania,67,-0.2611,0.0548,0.9726,0.93,0,0.9939,0.0,,,0.004631,0.022501,0.533963,0.003,0.001,0.025,0.001,0.021,0.001
B111,Russia,Bulgaria,59,0.0552,0.2577,0.8711,4.06,1,0.8873,8.7e-05,0.379941,0.04895,0.009798,0.02743,0.42692,0.054,0.017,0.097,0.036,0.065,0.014
B112,Ukraine,Bulgaria,40,-0.1682,0.1996,0.9002,2.1,0,0.9404,2e-06,0.812537,0.701952,0.0005,0.000452,0.15454,0.004,0.001,0.011,0.001,0.035,0.001
B113,Slovakia,Bulgaria,34,0.0858,0.3185,0.8408,2.94,0,0.8597,1e-06,0.33839,0.115276,0.0,3e-06,0.017997,0.007,0.001,0.027,0.001,0.043,0.001
B114,Croatia,Bulgaria,67,0.1153,0.2522,0.8739,4.51,1,0.8974,0.0,0.116704,0.005551,0.0,0.0,0.004578,0.001,0.001,0.004,0.001,0.019,0.001
B115,Serbia,Bulgaria,67,0.0183,0.2189,0.8905,3.88,1,0.9006,0.403304,0.859357,0.493612,0.547521,0.648868,0.276372,0.656,0.618,0.73,0.713,0.774,0.775
B116,Slovenia,Bulgaria,67,0.1276,0.1077,0.9461,1.85,0,0.9735,0.0,,,1.1e-05,0.000733,0.148226,0.002,0.001,0.012,0.003,0.055,0.001
B117,Russia,Ukraine,40,0.2199,0.1208,0.9396,1.25,0,0.9828,0.0,,,0.0006,0.000864,0.100918,0.001,0.001,0.007,0.001,0.01,0.001
B118,Slovakia,Russia,34,0.0288,0.1533,0.9234,1.35,0,0.9254,0.372571,,,0.382085,0.489901,0.367497,0.586,0.586,0.659,0.674,0.66,0.715
B119,Russia,Croatia,59,-0.0257,0.1462,0.9269,2.24,0,0.9364,0.214722,0.901683,0.684412,0.389355,0.51751,0.675543,0.516,0.473,0.563,0.532,0.497,0.47
B120,Russia,Serbia,59,0.0924,0.1882,0.9059,2.91,0,0.9226,0.000357,0.564458,0.18236,0.024748,0.086563,0.561379,0.054,0.028,0.151,0.096,0.272,0.132
B121,Slovenia,Russia,59,0.0239,0.068,0.966,1.02,0,0.9776,0.405933,,,0.591978,0.701628,0.571214,0.665,0.653,0.708,0.687,0.66,0.629
B122,Slovakia,Ukraine,34,0.2701,0.2196,0.8902,1.98,0,0.9268,0.0,,,1e-06,0.0,0.047502,0.003,0.001,0.021,0.001,0.024,0.001
B123,Croatia,Ukraine,40,0.1611,0.207,0.8965,2.18,0,0.8962,5.4e-05,0.748952,0.577874,8.1e-05,0.000131,0.010207,0.013,0.008,0.054,0.014,0.114,0.012
B124,Ukraine,Serbia,40,-0.0359,0.4318,0.7841,4.84,1,0.811,0.209899,0.688894,0.296484,0.262797,0.324662,0.130675,0.359,0.366,0.403,0.387,0.387,0.376
B125,Slovenia,Ukraine,40,0.1311,0.1509,0.9246,1.57,0,0.9247,0.002477,,,0.000869,0.003703,0.029711,0.073,0.041,0.192,0.145,0.24,0.142
B126,Slovakia,Croatia,34,0.1029,0.2137,0.8931,1.92,0,0.9079,0.0,,,0.0,0.0,0.001775,0.002,0.001,0.011,0.001,0.007,0.001
B127,Slovakia,Serbia,34,0.2054,0.3116,0.8442,2.87,0,0.8585,1e-06,0.35577,0.129253,1.6e-05,8e-05,0.015252,0.008,0.001,0.033,0.001,0.044,0.001
B128,Slovenia,Slovakia,34,-0.1454,0.1193,0.9404,1.05,0,0.9793,0.0,,,3.2e-05,0.000286,0.012036,0.001,0.001,0.007,0.001,0.005,0.001
B129,Croatia,Serbia,67,0.097,0.1769,0.9116,3.1,1,0.9279,1.8e-05,0.489091,0.118486,0.006841,0.030674,0.592833,0.03,0.014,0.127,0.04,0.239,0.12
B130,Slovenia,Croatia,67,0.0124,0.1878,0.9061,3.3,1,0.9205,0.235989,0.826509,0.405578,0.422261,0.560106,0.681429,0.507,0.492,0.591,0.552,0.561,0.503
B131,Slovenia,Serbia,67,0.1094,0.1923,0.9038,3.38,1,0.9228,7.9e-05,0.47908,0.09433,0.007544,0.024459,0.774056,0.043,0.021,0.118,0.071,0.252,0.138
B132,Greece,Italy,119,0.0004,0.3998,0.8001,13.21,1,0.801,0.978272,0.992903,0.978705,0.98363,0.978591,0.746615,0.993,0.989,0.988,0.991,0.991,0.988
B133,Turkey,Italy,98,0.073,0.1757,0.9121,4.5,1,0.9629,0.001348,0.539217,0.059229,0.0431,0.137804,0.037299,0.098,0.104,0.19,0.188,0.181,0.295
B134,Cyprus,Italy,69,0.1828,0.1083,0.9459,1.92,0,0.9841,0.0,,,0.006225,0.02663,0.41389,0.005,0.001,0.02,0.001,0.083,0.001
B135,Malta,Italy,69,0.391,0.0547,0.9727,0.96,0,0.995,0.0,,,0.000218,0.00123,0.906527,0.001,0.001,0.002,0.001,0.019,0.001
B136,Greece,Spain,119,0.0166,0.3629,0.8185,11.87,1,0.8208,0.402696,0.796236,0.420853,0.506833,0.532529,0.594966,0.655,0.644,0.714,0.669,0.674,0.652
B137,Spain,Turkey,98,-0.0684,0.2744,0.8628,7.22,1,0.9115,0.00152,0.414623,0.020992,0.107153,0.15166,0.247959,0.116,0.093,0.15,0.167,0.174,0.28
B138,Cyprus,Spain,69,0.046,0.2439,0.878,4.48,1,0.9166,0.011953,0.56615,0.098843,0.103157,0.224832,0.474089,0.158,0.128,0.3,0.262,0.436,0.36
B139,Malta,Spain,69,0.2542,0.0762,0.9619,1.34,0,0.9931,0.0,,,0.000157,0.000941,0.872299,0.001,0.001,0.006,0.001,0.017,0.001
B140,Greece,Portugal,119,-0.069,0.3297,0.8352,10.69,1,0.8506,0.000486,0.311041,0.006193,0.041419,0.02685,0.838194,0.074,0.062,0.127,0.093,0.178,0.063
B141,Turkey,Portugal,98,-0.0126,0.3136,0.8432,8.34,1,0.8843,0.486391,0.844887,0.50952,0.701345,0.740601,0.049211,0.723,0.742,0.775,0.802,0.824,0.812
B142,Cyprus,Portugal,69,0.0693,0.1557,0.9222,2.79,0,0.9419,0.000763,0.63027,0.224737,0.041738,0.153052,0.9965,0.088,0.059,0.186,0.132,0.277,0.221
B143,Malta,Portugal,69,0.2775,0.0661,0.967,1.16,0,0.9927,0.0,,,9e-05,0.001093,0.303392,0.001,0.001,0.002,0.001,0.015,0.001
B144,Greece,Turkey,98,-0.0854,0.2311,0.8845,6.01,1,0.9757,0.001224,0.455559,0.028946,0.058036,0.057465,1.6e-05,0.112,0.087,0.164,0.151,0.235,0.261
B145,Cyprus,Greece,69,0.09,0.0967,0.9517,1.71,0,0.9775,0.002059,,,0.098188,0.212555,0.353124,0.101,0.085,0.262,0.178,0.407,0.326
B146,Malta,Greece,69,0.2982,0.0469,0.9765,0.82,0,0.995,0.0,,,0.001374,0.006568,0.977872,0.003,0.001,0.013,0.001,0.05,0.001
B147,Cyprus,Turkey,69,0.109,0.3161,0.8419,5.92,1,0.8994,0.0,0.170692,0.004917,0.000407,0.001315,0.953191,0.008,0.001,0.033,0.001,0.071,0.001
B148,Malta,Turkey,69,0.3172,0.1292,0.9354,2.3,0,0.9862,0.0,0.537472,0.322376,0.0,1e-06,0.869779,0.001,0.001,0.002,0.001,0.003,0.001
B149,Cyprus,Malta,69,-0.2082,0.214,0.893,3.9,1,0.9388,0.0,0.157494,0.012673,1e-06,3e-06,0.04986,0.002,0.001,0.004,0.001,0.001,0.001
B150,Canada,United States,119,0.1064,0.3244,0.8378,10.5,1,0.8615,0.0,0.00129,0.0,0.0,0.0,1.7e-05,0.001,0.001,0.001,0.001,0.001,0.001
B151,United States,Mexico,119,-0.0933,0.1835,0.9082,5.72,1,0.9344,0.0,0.149489,0.001587,2.4e-05,0.000702,0.357182,0.002,0.001,0.008,0.002,0.062,0.001
B152,Canada,Mexico,119,0.0132,0.273,0.8635,8.72,1,0.8676,0.230532,0.754188,0.268835,0.394668,0.375125,0.346149,0.518,0.511,0.563,0.587,0.59,0.609
B153,Guatemala,Mexico,99,-0.2729,0.0897,0.9552,2.27,0,0.9867,0.0,0.638452,0.386861,0.001848,0.009688,0.509432,0.001,0.001,0.016,0.001,0.042,0.001
B154,Mexico,Honduras,99,0.3827,0.1167,0.9416,2.98,0,0.9865,0.0,0.207554,0.038758,1e-06,1e-06,0.353635,0.001,0.001,0.001,0.001,0.013,0.001
B155,Costa Rica,Mexico,99,-0.1045,0.3947,0.8026,10.84,1,0.8275,0.0,0.011143,5e-06,0.000106,0.000143,0.015693,0.004,0.001,0.013,0.001,0.05,0.001
B156,Panama,Mexico,113,-0.1223,0.0803,0.9599,2.31,0,0.9865,0.0,0.69955,0.391645,0.003351,0.011196,0.456426,0.009,0.002,0.044,0.006,0.112,0.005
B157,Cuba,Mexico,117,-0.3085,0.0906,0.9547,2.71,0,0.9775,0.0,0.374987,0.102263,2.9e-05,0.000395,0.250572,0.001,0.001,0.002,0.001,0.018,0.001
B158,El Salvador,Mexico,99,-0.1363,0.1328,0.9336,3.4,1,0.9541,0.0,0.376703,0.048298,0.001479,0.012054,0.761978,0.009,0.001,0.045,0.008,0.193,0.044
B159,Nicaragua,Mexico,99,-0.4135,0.0633,0.9683,1.59,0,0.9872,0.0,,,9.5e-05,0.003009,0.713581,0.001,0.001,0.005,0.001,0.077,0.001
B160,Dominican Republic,Mexico,69,0.1205,0.0483,0.9758,0.84,0,0.9943,0.000467,,,0.072114,0.208255,0.504916,0.061,0.032,0.125,0.098,0.143,0.097
B161,Guatemala,Honduras,99,0.1098,0.2132,0.8934,5.57,1,0.8997,0.0,0.236197,0.00555,0.000569,0.008311,0.020981,0.012,0.005,0.042,0.007,0.029,0.003
B162,Costa Rica,Guatemala,99,0.1684,0.1681,0.9159,4.34,1,0.9671,0.0,0.247815,0.011616,0.00844,0.041253,0.677551,0.006,0.001,0.029,0.003,0.062,0.003
B163,Panama,Guatemala,99,0.2214,0.0741,0.9629,1.87,0,0.9914,0.0,,,0.011538,0.078175,0.506922,0.013,0.001,0.027,0.008,0.065,0.003
B164,Guatemala,Cuba,99,0.0322,0.1455,0.9273,3.74,1,0.95,0.181289,0.82133,0.327088,0.494583,0.558506,0.15872,0.486,0.532,0.564,0.523,0.335,0.309
B165,Guatemala,El Salvador,99,-0.1366,0.1685,0.9158,4.35,1,0.9516,0.0,0.340991,0.020345,0.011347,0.053418,0.970937,0.016,0.005,0.067,0.014,0.035,0.002
B166,Guatemala,Nicaragua,99,0.1406,0.1597,0.9201,4.12,1,0.9224,9e-06,0.433808,0.037872,9.7e-05,0.009924,0.180607,0.03,0.019,0.14,0.084,0.275,0.19
B167,Dominican Republic,Guatemala,69,0.3464,0.0321,0.984,0.56,0,0.995,0.0,,,0.000306,0.00796,0.008492,0.002,0.001,0.008,0.001,0.026,0.001
B168,Costa Rica,Honduras,99,0.2782,0.23,0.885,6.04,1,0.9674,0.0,0.011847,5.7e-05,0.0,0.0,0.208319,0.001,0.001,0.001,0.001,0.002,0.001
B169,Panama,Honduras,99,0.3313,0.0832,0.9584,2.1,0,0.9918,0.0,0.781703,0.640992,6e-06,0.00023,0.525084,0.001,0.001,0.003,0.001,0.003,0.001
B170,Cuba,Honduras,99,0.0776,0.2355,0.8822,6.19,1,0.8985,3.9e-05,0.339019,0.011308,0.026205,0.005494,0.502159,0.044,0.042,0.103,0.046,0.079,0.011
B171,El Salvador,Honduras,99,0.2464,0.2627,0.8686,6.96,1,0.9248,0.0,0.0113,2.7e-05,0.0,0.0,0.011861,0.001,0.001,0.001,0.001,0.002,0.001
B172,Nicaragua,Honduras,99,-0.0307,0.097,0.9515,2.46,0,0.9542,0.330616,0.919833,0.620442,0.472033,0.697519,0.842372,0.647,0.663,0.761,0.756,0.841,0.815
B173,Dominican Republic,Honduras,69,0.3454,0.0652,0.9674,1.14,0,0.9938,0.0,,,1.3e-05,0.000775,0.044528,0.002,0.001,0.002,0.001,0.003,0.001
B174,Costa Rica,Panama,99,-0.053,0.127,0.9365,3.25,1,0.9635,0.009305,0.701664,0.188001,0.081729,0.296821,0.646613,0.187,0.163,0.281,0.271,0.317,0.32
B175,Costa Rica,Cuba,99,0.2006,0.2341,0.883,6.15,1,0.9058,0.0,0.066268,0.000478,0.0,1e-06,0.037354,0.001,0.001,0.008,0.001,0.019,0.001
B176,Costa Rica,El Salvador,99,0.0318,0.2289,0.8856,6.01,1,0.8917,0.027572,0.610824,0.088766,0.106853,0.288483,0.997621,0.312,0.257,0.432,0.434,0.587,0.546
B177,Costa Rica,Nicaragua,99,0.309,0.0864,0.9568,2.19,0,0.9788,0.0,0.72572,0.512512,0.000173,0.008123,0.703701,0.001,0.001,0.015,0.001,0.113,0.002
B178,Costa Rica,Dominican Republic,69,-0.1744,0.0634,0.9683,1.11,0,0.9917,0.0,,,0.013286,0.066103,0.481356,0.008,0.002,0.037,0.007,0.085,0.005
B179,Panama,Cuba,113,0.1925,0.079,0.9605,2.28,0,0.9776,0.0,0.701471,0.416034,0.003927,0.041382,0.31552,0.006,0.001,0.035,0.009,0.065,0.016
B180,Panama,El Salvador,99,0.0849,0.0953,0.9523,2.42,0,0.973,0.001344,0.766901,0.399245,0.034197,0.180167,0.950931,0.127,0.095,0.239,0.209,0.378,0.347
B181,Panama,Nicaragua,99,0.362,0.0423,0.9788,1.06,0,0.9929,0.0,,,0.000492,0.022664,0.854144,0.003,0.001,0.02,0.001,0.129,0.022
B182,Panama,Dominican Republic,69,0.0006,0.1758,0.9121,3.17,1,0.9183,0.972732,0.995178,0.97752,0.983309,0.988621,0.512312,0.989,0.986,0.983,0.986,0.981,0.985
B183,El Salvador,Cuba,99,0.1688,0.22,0.89,5.76,1,0.8988,0.0,0.121804,0.001527,0.0,0.0,0.023319,0.001,0.001,0.012,0.005,0.009,0.001
B184,Cuba,Nicaragua,99,0.1084,0.1171,0.9414,2.99,0,0.9585,0.000676,0.652405,0.179297,0.053247,0.179591,0.915932,0.129,0.1,0.244,0.183,0.317,0.274
B185,Dominican Republic,Cuba,69,0.3336,0.0883,0.9559,1.56,0,0.983,0.0,,,1.5e-05,0.000501,0.086016,0.001,0.001,0.003,0.001,0.009,0.001
B186,El Salvador,Nicaragua,99,0.2771,0.1043,0.9478,2.65,0,0.9731,0.0,0.457781,0.148297,6.3e-05,0.005194,0.431435,0.001,0.001,0.019,0.001,0.061,0.001
B187,Dominican Republic,El Salvador,69,0.2657,0.0833,0.9584,1.47,0,0.9911,0.0,,,6.6e-05,0.000721,0.083716,0.001,0.001,0.002,0.001,0.003,0.001
B188,Dominican Republic,Nicaragua,69,0.5657,0.0552,0.9724,0.96,0,0.995,0.0,,,9.5e-05,0.001002,0.476731,0.001,0.001,0.006,0.001,0.017,0.001
B189,Argentina,Brazil,119,-0.4744,0.055,0.9725,1.66,0,0.9938,0.0,,,5e-06,0.000119,0.265284,0.001,0.001,0.001,0.001,0.006,0.001
B190,Chile,Brazil,119,-0.3934,0.0938,0.9531,2.86,0,0.9806,0.0,0.301798,0.063642,3e-06,2.4e-05,0.276985,0.001,0.001,0.003,0.001,0.023,0.001
B191,Uruguay,Brazil,119,-0.4215,0.0855,0.9573,2.6,0,0.9863,0.0,0.38426,0.125128,1e-06,4.7e-05,0.613351,0.001,0.001,0.003,0.001,0.009,0.001
B192,Paraguay,Brazil,80,-0.348,0.2335,0.8832,4.96,1,0.9584,0.0,0.010795,0.000194,0.0,0.0,6.1e-05,0.001,0.001,0.002,0.001,0.007,0.001
B193,Brazil,Bolivia,119,0.4917,0.0282,0.9859,0.84,0,0.995,0.0,,,2e-05,0.000953,0.210961,0.001,0.001,0.003,0.001,0.014,0.001
B194,Brazil,Peru,119,0.2576,0.0287,0.9856,0.86,0,0.9939,0.0,,,0.006372,0.053159,0.377673,0.002,0.001,0.03,0.003,0.169,0.04
B195,Colombia,Brazil,119,-0.1301,0.03,0.985,0.9,0,0.9886,0.0,,,0.021139,0.117898,0.280681,0.025,0.007,0.119,0.067,0.288,0.176
B196,Venezuela,Brazil,119,-0.0188,0.0347,0.9827,1.04,0,0.995,0.619587,,,0.741383,0.8653,0.164907,0.816,0.813,0.88,0.88,0.886,0.905
B197,Ecuador,Brazil,119,-0.2022,0.0599,0.97,1.81,0,0.9886,0.0,,,0.000439,0.005595,0.552173,0.001,0.001,0.005,0.001,0.039,0.001
B198,Argentina,Chile,119,-0.081,0.2034,0.8983,6.38,1,0.9158,9e-06,0.338291,0.007826,0.015469,0.11569,0.330384,0.032,0.02,0.11,0.069,0.08,0.069
B199,Argentina,Uruguay,119,-0.0528,0.3567,0.8217,11.65,1,0.8323,3.7e-05,0.21009,0.001717,0.01801,0.029456,0.105566,0.03,0.025,0.072,0.037,0.091,0.03
B200,Argentina,Paraguay,80,-0.0598,0.1152,0.9424,2.37,0,0.9735,0.024123,0.820187,0.488933,0.251627,0.355449,0.258687,0.26,0.233,0.428,0.372,0.541,0.502
B201,Argentina,Bolivia,119,0.0173,0.2283,0.8859,7.2,1,0.8905,0.146978,0.733573,0.20191,0.424592,0.536082,0.967136,0.476,0.473,0.622,0.583,0.667,0.644
B202,Argentina,Peru,119,-0.2167,0.2057,0.8972,6.45,1,0.9244,0.0,0.013879,3.3e-05,0.0,0.0,1.7e-05,0.001,0.001,0.001,0.001,0.002,0.001
B203,Argentina,Colombia,119,-0.3442,0.1726,0.9137,5.37,1,0.9862,0.0,0.011754,7.5e-05,0.0,0.0,0.369062,0.001,0.001,0.001,0.001,0.003,0.001
B204,Argentina,Venezuela,119,-0.4555,0.0725,0.9637,2.2,0,0.9914,0.0,0.662747,0.448457,1e-06,2e-06,0.723554,0.001,0.001,0.004,0.001,0.046,0.001
B205,Argentina,Ecuador,119,-0.2721,0.1616,0.9192,5.01,1,0.9751,0.0,0.031759,0.000336,0.0,0.0,0.108399,0.001,0.001,0.001,0.001,0.005,0.001
B206,Uruguay,Chile,119,-0.0282,0.385,0.8075,12.67,1,0.8103,0.050021,0.531761,0.074031,0.166538,0.361196,0.697106,0.321,0.308,0.433,0.476,0.33,0.348
B207,Chile,Paraguay,80,0.0475,0.0927,0.9536,1.9,0,0.9566,0.05374,,,0.103973,0.233233,0.081467,0.35,0.298,0.438,0.471,0.518,0.535
B208,Chile,Bolivia,119,0.0983,0.0985,0.9507,3.01,1,0.9598,1.6e-05,0.603986,0.138113,0.028984,0.180126,0.57666,0.046,0.026,0.147,0.111,0.14,0.105
B209,Chile,Peru,119,-0.1357,0.0938,0.9531,2.86,0,0.9539,0.0,0.560793,0.140427,0.001227,0.056356,0.046958,0.021,0.003,0.079,0.052,0.116,0.05
B210,Chile,Colombia,119,-0.2632,0.2188,0.8906,6.88,1,0.9447,0.0,0.01387,2.4e-05,0.0,0.0,0.08677,0.001,0.001,0.004,0.001,0.01,0.001
B211,Venezuela,Chile,119,0.3746,0.0585,0.9708,1.77,0,0.9919,0.0,,,2.2e-05,0.001127,0.617954,0.001,0.001,0.022,0.001,0.097,0.001
B212,Chile,Ecuador,119,-0.1912,0.1918,0.9041,5.99,1,0.9269,0.0,0.074788,0.00044,0.0,9e-06,0.065008,0.001,0.001,0.009,0.001,0.039,0.001
B213,Uruguay,Paraguay,80,-0.0145,0.092,0.954,1.88,0,0.9626,0.539423,,,0.776424,0.808612,0.277569,0.751,0.748,0.815,0.802,0.853,0.842
B214,Uruguay,Bolivia,119,0.0702,0.1698,0.9151,5.28,1,0.9183,4.7e-05,0.433804,0.020274,0.047412,0.14911,0.251659,0.068,0.027,0.164,0.108,0.213,0.109
B215,Uruguay,Peru,119,-0.1639,0.1659,0.9171,5.15,1,0.9225,0.0,0.142789,0.002127,0.0,0.0002,0.010477,0.002,0.001,0.008,0.001,0.024,0.001
B216,Uruguay,Colombia,119,-0.2914,0.3121,0.8439,10.07,1,0.9634,0.0,0.000185,0.0,0.0,0.0,0.384921,0.001,0.001,0.002,0.001,0.004,0.001
B217,Uruguay,Venezuela,119,-0.4027,0.089,0.9555,2.71,0,0.9903,0.0,0.392712,0.107762,1e-06,1.9e-05,0.398008,0.001,0.001,0.006,0.001,0.059,0.001
B218,Uruguay,Ecuador,119,-0.2193,0.2893,0.8554,9.28,1,0.92,0.0,0.00294,1e-06,0.0,0.0,0.040009,0.001,0.001,0.001,0.001,0.005,0.001
B219,Paraguay,Bolivia,80,0.1585,0.1036,0.9482,2.13,0,0.9867,0.0,0.794146,0.632836,0.005043,0.011381,0.026774,0.007,0.001,0.048,0.001,0.146,0.002
B220,Paraguay,Peru,80,0.0248,0.0536,0.9732,1.09,0,0.9788,0.448783,,,0.670241,0.762361,0.147541,0.704,0.718,0.797,0.798,0.832,0.835
B221,Paraguay,Colombia,80,-0.0899,0.1963,0.9019,4.13,1,0.9098,0.0,0.234042,0.015606,3.7e-05,0.000394,0.003481,0.004,0.001,0.019,0.001,0.02,0.001
B222,Venezuela,Paraguay,80,0.0163,0.0545,0.9727,1.11,0,0.9946,0.731768,,,0.8764,0.907686,0.105392,0.849,0.851,0.891,0.882,0.883,0.922
B223,Paraguay,Ecuador,80,-0.1335,0.133,0.9335,2.75,0,0.9542,0.0,0.456274,0.139478,0.000764,0.008997,0.000808,0.005,0.001,0.028,0.001,0.025,0.001
B224,Bolivia,Peru,119,-0.2341,0.1222,0.9389,3.75,1,0.9607,0.0,0.113698,0.006169,0.0,0.0,0.000355,0.001,0.001,0.001,0.001,0.002,0.001
B225,Colombia,Bolivia,119,0.3616,0.0853,0.9574,2.59,0,0.9925,0.0,0.322435,0.104923,0.0,0.0,0.51508,0.001,0.001,0.001,0.001,0.007,0.001
B226,Venezuela,Bolivia,119,0.4729,0.0561,0.9719,1.69,0,0.9943,0.0,,,3e-06,1.4e-05,0.61561,0.001,0.001,0.001,0.001,0.07,0.001
B227,Ecuador,Bolivia,119,0.2895,0.0502,0.9749,1.51,0,0.9907,0.0,,,1e-06,0.000151,0.205265,0.001,0.001,0.002,0.001,0.014,0.001
B228,Colombia,Peru,119,0.1275,0.0739,0.9631,2.24,0,0.9836,0.0,0.723788,0.457204,0.004252,0.022575,0.098856,0.011,0.001,0.044,0.017,0.122,0.032
B229,Venezuela,Peru,119,0.2388,0.0715,0.9643,2.17,0,0.993,0.0,0.761785,0.550118,0.002178,0.005423,0.048498,0.002,0.001,0.03,0.001,0.166,0.001
B230,Ecuador,Peru,119,0.0554,0.078,0.961,2.37,0,0.9703,0.004065,0.81485,0.452641,0.16865,0.376233,0.262018,0.208,0.159,0.384,0.356,0.46,0.433
B231,Venezuela,Colombia,119,0.1113,0.0419,0.979,1.26,0,0.9942,0.000892,,,0.032584,0.162521,0.3748,0.126,0.09,0.267,0.237,0.493,0.421
B232,Ecuador,Colombia,119,-0.0721,0.0924,0.9538,2.81,0,0.9679,0.0,0.527106,0.134372,5.7e-05,0.000497,0.991709,0.009,0.003,0.068,0.031,0.069,0.07
B233,Venezuela,Ecuador,119,0.1834,0.0508,0.9746,1.53,0,0.9939,0.0,,,0.001237,0.018419,0.207945,0.007,0.002,0.087,0.026,0.236,0.099
B234,Japan,China,82,0.2344,0.0321,0.984,0.66,0,0.9944,5.8e-05,,,0.005797,0.103039,0.004049,0.026,0.03,0.135,0.094,0.22,0.091
B235,Japan,South Korea,106,-0.0593,0.0296,0.9852,0.79,0,0.9936,0.213415,,,0.473994,0.684795,0.817512,0.582,0.563,0.657,0.663,0.734,0.733
B236,Japan,Taiwan,109,-0.0796,0.0227,0.9887,0.62,0,0.995,0.04231,,,0.236446,0.498278,0.298905,0.332,0.335,0.454,0.464,0.529,0.542
B237,Japan,Mongolia,69,0.0575,0.0146,0.9927,0.25,0,0.995,0.407684,,,0.647817,0.763391,0.043635,0.692,0.652,0.729,0.709,0.629,0.635
B238,South Korea,China,81,0.3968,0.0877,0.9562,1.81,0,0.9742,0.0,,,2e-06,0.000133,0.06663,0.001,0.001,0.008,0.001,0.065,0.001
B239,Taiwan,China,81,0.3717,0.098,0.951,2.03,0,0.9703,0.0,0.900726,0.844866,0.0,4e-06,0.007217,0.001,0.001,0.002,0.001,0.031,0.001
B240,Mongolia,China,69,-0.0047,0.1083,0.9458,1.92,0,0.9618,0.849258,,,0.900197,0.922348,0.206541,0.908,0.921,0.932,0.943,0.933,0.948
B241,Taiwan,South Korea,99,0.0238,0.4948,0.7526,13.98,1,0.7547,0.032705,0.431476,0.051136,0.166957,0.394794,0.445993,0.276,0.274,0.419,0.428,0.52,0.526
B242,South Korea,Mongolia,69,0.4545,0.0444,0.9778,0.77,0,0.9932,0.0,,,3e-06,0.000173,0.204481,0.003,0.001,0.011,0.001,0.051,0.001
B243,Taiwan,Mongolia,69,0.3709,0.0372,0.9814,0.65,0,0.9945,0.0,,,1.9e-05,0.000689,0.183201,0.004,0.001,0.021,0.001,0.071,0.001
B244,Singapore,Malaysia,109,0.104,0.0915,0.9542,2.55,0,0.9678,0.008543,0.788104,0.362843,0.271039,0.446575,0.415449,0.222,0.192,0.394,0.357,0.555,0.499
B245,Singapore,Thailand,72,0.2535,0.3002,0.8499,5.84,1,0.8542,0.0,0.034947,0.000446,3.2e-05,6.1e-05,0.0,0.001,0.001,0.001,0.001,0.006,0.001
B246,Singapore,Indonesia,109,0.4364,0.1085,0.9458,3.04,1,0.9734,0.0,0.310469,0.053098,0.000194,0.003727,0.318933,0.001,0.001,0.003,0.001,0.049,0.001
B247,Singapore,Philippines,107,0.5528,0.0571,0.9714,1.55,0,0.9907,0.0,,,0.002322,0.027288,0.372923,0.002,0.001,0.017,0.001,0.099,0.001
B248,Singapore,Vietnam,70,0.6638,0.126,0.937,2.28,0,0.9487,0.0,0.530889,0.331486,0.0,0.0,0.0,0.001,0.001,0.002,0.001,0.005,0.001
B249,Singapore,Cambodia,69,0.7069,0.1267,0.9366,2.26,0,0.9914,0.0,0.565557,0.365285,1.1e-05,1.2e-05,0.543225,0.001,0.001,0.001,0.001,0.006,0.001
B250,Singapore,Myanmar,79,0.7403,0.2063,0.8969,4.3,1,0.9651,0.0,0.049549,0.001977,0.0,0.0,0.067498,0.001,0.001,0.001,0.001,0.01,0.001
B251,Singapore,Laos,69,0.4874,0.1611,0.9194,2.9,0,0.9872,0.0,0.237294,0.059046,1e-06,0.0,0.532294,0.001,0.001,0.003,0.001,0.026,0.001
B252,Thailand,Malaysia,72,0.0663,1.0581,0.4709,25.9,1,0.4167,0.000155,0.024572,0.000529,0.03726,0.012289,0.156124,0.035,0.003,0.054,0.01,0.084,0.009
B253,Malaysia,Indonesia,112,0.3271,0.5056,0.7472,16.21,1,0.7598,0.0,1e-06,0.0,0.0,0.0,0.0,0.001,0.001,0.002,0.001,0.002,0.001
B254,Malaysia,Philippines,111,0.412,0.1024,0.9488,2.92,0,0.987,0.0,0.31766,0.063922,3e-06,0.00059,0.294658,0.001,0.001,0.005,0.001,0.005,0.001
B255,Malaysia,Vietnam,70,0.3562,0.161,0.9195,2.94,0,0.9302,0.0,0.249773,0.058925,0.0,0.0,0.0,0.001,0.001,0.001,0.001,0.008,0.001
B256,Malaysia,Cambodia,69,0.3972,0.0968,0.9516,1.71,0,0.9902,0.0,,,0.000178,0.000389,0.544879,0.001,0.001,0.005,0.001,0.035,0.001
B257,Malaysia,Myanmar,79,0.4957,0.2767,0.8616,5.87,1,0.8892,0.0,0.009375,7.7e-05,0.0,0.0,0.0,0.001,0.001,0.001,0.001,0.005,0.001
B258,Malaysia,Laos,69,0.1778,0.1005,0.9498,1.78,0,0.9856,0.0,,,9.2e-05,0.00055,0.376657,0.002,0.001,0.024,0.001,0.093,0.001
B259,Thailand,Indonesia,72,0.2186,0.3284,0.8358,6.44,1,0.9615,0.0,0.012505,8.8e-05,0.0,0.0,0.775033,0.001,0.001,0.002,0.001,0.006,0.001
B260,Thailand,Philippines,72,0.4763,0.1212,0.9394,2.25,0,0.9919,0.0,0.596531,0.38869,5e-06,5.3e-05,0.03624,0.001,0.001,0.003,0.001,0.031,0.001
B261,Thailand,Vietnam,70,0.3931,0.0649,0.9675,1.15,0,0.9893,0.0,,,0.0,1e-06,0.041234,0.001,0.001,0.005,0.001,0.046,0.001
B262,Thailand,Cambodia,69,0.4639,0.1034,0.9483,1.83,0,0.9855,0.0,,,3e-06,5e-06,0.208315,0.001,0.001,0.003,0.001,0.017,0.001
B263,Thailand,Myanmar,71,0.3577,0.114,0.943,2.08,0,0.9616,0.0,0.817783,0.707052,0.0,8e-06,0.00583,0.001,0.001,0.007,0.001,0.043,0.001
B264,Thailand,Laos,69,0.2445,0.0655,0.9673,1.15,0,0.9891,0.0,,,3e-06,0.00028,0.144426,0.001,0.001,0.014,0.001,0.052,0.001
B265,Philippines,Indonesia,109,-0.1027,0.0403,0.9799,1.11,0,0.9909,0.000961,,,0.13918,0.343106,0.382184,0.154,0.098,0.256,0.223,0.34,0.302
B266,Vietnam,Indonesia,70,-0.1999,0.0766,0.9617,1.37,0,0.9758,0.0,,,1e-06,5.5e-05,0.097791,0.001,0.001,0.015,0.001,0.085,0.001
B267,Indonesia,Cambodia,69,0.2737,0.1222,0.9389,2.17,0,0.9701,0.0,0.702742,0.521129,0.000152,0.000717,0.217998,0.004,0.001,0.009,0.001,0.043,0.001
B268,Indonesia,Myanmar,79,0.2514,0.1573,0.9214,3.23,1,0.9307,0.0,0.261575,0.040867,0.0,0.0,0.00061,0.001,0.001,0.01,0.001,0.022,0.001
B269,Indonesia,Laos,69,0.0543,0.1106,0.9447,1.96,0,0.965,0.005707,,,0.034879,0.167907,0.222321,0.142,0.112,0.25,0.225,0.348,0.217
B270,Philippines,Vietnam,70,-0.0664,0.0422,0.9789,0.75,0,0.9935,0.075528,,,0.30702,0.496434,0.002864,0.381,0.379,0.496,0.498,0.571,0.591
B271,Philippines,Cambodia,69,-0.0063,0.3147,0.8426,5.89,1,0.855,0.679633,0.909521,0.700143,0.685983,0.76784,0.564977,0.833,0.793,0.842,0.833,0.821,0.824
B272,Philippines,Myanmar,78,0.0208,0.0793,0.9604,1.58,0,0.9837,0.566072,,,0.799892,0.854201,0.049503,0.758,0.781,0.807,0.794,0.75,0.737
B273,Philippines,Laos,69,-0.2257,0.0396,0.9802,0.69,0,0.995,0.0,,,0.010946,0.047607,0.198074,0.007,0.001,0.04,0.005,0.095,0.007
B274,Vietnam,Cambodia,69,0.0788,0.0843,0.9578,1.49,0,0.9731,0.009095,,,0.120046,0.293136,0.797595,0.207,0.146,0.295,0.285,0.387,0.358
B275,Vietnam,Myanmar,70,-0.0616,0.2645,0.8678,4.96,1,0.9598,0.004721,0.494352,0.062528,0.045363,0.035997,0.003158,0.138,0.113,0.288,0.226,0.354,0.312
B276,Vietnam,Laos,69,-0.1406,0.2168,0.8916,3.95,1,0.9544,0.0,0.154676,0.011833,7e-05,2.6e-05,0.537987,0.001,0.001,0.004,0.001,0.01,0.001
B277,Myanmar,Cambodia,69,0.161,0.1788,0.9106,3.23,1,0.9432,0.0,0.337352,0.061329,0.001241,0.013739,0.079834,0.006,0.001,0.018,0.002,0.02,0.001
B278,Laos,Cambodia,69,0.2194,0.102,0.949,1.81,0,0.9841,0.0,,,0.004738,0.021322,0.852154,0.001,0.001,0.019,0.001,0.038,0.001
B279,Laos,Myanmar,69,0.0584,0.1256,0.9372,2.24,0,0.967,0.002456,0.803604,0.555662,0.097621,0.158026,0.14869,0.129,0.089,0.25,0.188,0.398,0.302
B280,Pakistan,India,69,0.0446,0.0685,0.9658,1.2,0,0.9907,0.011642,,,0.105111,0.249174,0.090742,0.199,0.156,0.307,0.243,0.366,0.288
B281,India,Bangladesh,69,0.1545,0.2461,0.877,4.52,1,0.9237,0.0,0.061504,0.002413,0.0,0.0,0.007204,0.001,0.001,0.005,0.001,0.013,0.001
B282,Sri Lanka,India,119,0.0173,0.3927,0.8036,12.96,1,0.8508,0.020143,0.453412,0.038176,0.291866,0.364084,0.200179,0.227,0.16,0.362,0.332,0.435,0.328
B283,India,Nepal,70,0.1811,0.0856,0.9572,1.53,0,0.9935,0.0,,,0.000313,0.00327,0.639504,0.001,0.001,0.003,0.001,0.002,0.001
B284,India,Afghanistan,69,0.5213,0.1125,0.9438,2.0,0,0.9791,0.0,,,8e-06,8.1e-05,0.331366,0.001,0.001,0.005,0.001,0.029,0.001
B285,Pakistan,Bangladesh,69,0.1991,0.057,0.9715,1.0,0,0.9929,0.0,,,1.4e-05,0.001359,0.964663,0.002,0.001,0.02,0.001,0.084,0.001
B286,Sri Lanka,Pakistan,69,-0.0387,0.1027,0.9486,1.82,0,0.9729,0.014616,,,0.14296,0.315017,0.343917,0.208,0.158,0.29,0.269,0.307,0.286
B287,Pakistan,Nepal,69,0.228,0.1459,0.927,2.61,0,0.9907,0.0,0.337177,0.125584,1.6e-05,6e-06,0.304402,0.001,0.001,0.001,0.001,0.007,0.001
B288,Pakistan,Afghanistan,69,0.5659,0.1075,0.9463,1.91,0,0.9815,0.0,,,1e-05,4.5e-05,0.653708,0.001,0.001,0.005,0.001,0.025,0.001
B289,Sri Lanka,Bangladesh,69,0.1604,0.1085,0.9458,1.92,0,0.9709,0.0,,,7e-06,0.000164,0.24147,0.002,0.001,0.014,0.001,0.11,0.001
B290,Bangladesh,Nepal,69,0.0288,0.0506,0.9747,0.88,0,0.9942,0.246257,,,0.539819,0.668876,0.361654,0.499,0.517,0.563,0.561,0.547,0.59
B291,Bangladesh,Afghanistan,69,0.3668,0.1086,0.9457,1.92,0,0.9767,0.0,,,0.000385,0.002553,0.628127,0.002,0.001,0.018,0.001,0.086,0.001
B292,Sri Lanka,Nepal,70,0.1898,0.0598,0.9701,1.06,0,0.9905,0.0,,,0.001647,0.00883,0.064121,0.001,0.001,0.005,0.001,0.027,0.001
B293,Sri Lanka,Afghanistan,69,0.5272,0.0953,0.9523,1.68,0,0.9807,0.0,,,7.3e-05,0.000469,0.442566,0.001,0.001,0.017,0.001,0.056,0.001
B294,Nepal,Afghanistan,69,0.3379,0.13,0.935,2.32,0,0.9562,0.0,0.619134,0.366031,5e-05,0.000518,0.29538,0.004,0.001,0.032,0.001,0.089,0.001
B295,Israel,Turkey,69,-0.0515,0.0879,0.9561,1.55,0,0.9701,0.047588,,,0.328497,0.485742,0.692637,0.308,0.298,0.436,0.412,0.452,0.421
B296,Israel,Iran,69,0.0483,0.0966,0.9517,1.71,0,0.9605,0.139446,,,0.243009,0.42444,0.078527,0.458,0.422,0.575,0.546,0.584,0.566
B297,Israel,Iraq,69,0.3498,0.1154,0.9423,2.05,0,0.9605,3e-06,0.903105,0.828365,0.00259,0.012217,0.910222,0.025,0.005,0.084,0.035,0.239,0.06
B298,Saudi Arabia,Israel,69,0.1447,0.0786,0.9607,1.38,0,0.9762,1.9e-05,,,0.003068,0.032373,0.419098,0.03,0.015,0.076,0.042,0.043,0.049
B299,Israel,Egypt,69,-0.059,0.0333,0.9833,0.58,0,0.995,0.128849,,,0.468344,0.602734,0.012048,0.43,0.438,0.584,0.514,0.576,0.562
B300,Israel,Jordan,69,0.165,0.1797,0.9102,3.25,1,0.9154,0.0,0.346556,0.062581,0.0,1.7e-05,0.024279,0.003,0.002,0.023,0.002,0.033,0.001
B301,Israel,Lebanon,69,0.4242,0.2452,0.8774,4.51,1,0.9207,0.0,0.160435,0.008255,4e-06,0.000159,0.381691,0.005,0.001,0.018,0.001,0.075,0.001
B302,Israel,Syria,69,0.4812,0.0778,0.9611,1.37,0,0.9937,0.0,,,5.5e-05,0.000696,0.215941,0.001,0.001,0.004,0.001,0.002,0.001
B303,Israel,Yemen,69,0.2189,0.1239,0.938,2.21,0,0.9879,0.0,0.692245,0.48843,1e-06,5e-06,0.019549,0.001,0.001,0.002,0.001,0.002,0.001
B304,Iran,Turkey,70,-0.0834,0.1393,0.9303,2.53,0,0.9623,0.014146,0.761945,0.386816,0.042615,0.152643,0.062049,0.194,0.186,0.349,0.325,0.519,0.466
B305,Turkey,Iraq,70,0.3799,0.1056,0.9472,1.9,0,0.9702,2e-06,,,0.006255,0.019313,0.554032,0.021,0.005,0.08,0.025,0.236,0.116
B306,Saudi Arabia,Turkey,70,0.1534,0.2598,0.8701,4.86,1,0.9699,1.1e-05,0.304154,0.019808,0.0012,0.01007,0.0,0.009,0.001,0.044,0.053,0.065,0.11
B307,Turkey,Egypt,70,0.0333,0.2503,0.8748,4.67,1,0.9864,0.106022,0.703819,0.210872,0.509744,0.529574,0.0,0.276,0.316,0.399,0.43,0.379,0.438
B308,Jordan,Turkey,70,-0.2112,0.2008,0.8996,3.7,1,0.9563,0.0,0.230476,0.024136,7.9e-05,0.000527,0.794169,0.001,0.001,0.007,0.001,0.023,0.001
B309,Lebanon,Turkey,70,-0.4608,0.3303,0.8348,6.3,1,0.9201,0.0,0.04372,0.000497,1.2e-05,5e-06,0.514812,0.001,0.001,0.007,0.001,0.039,0.001
B310,Syria,Turkey,70,-0.515,0.058,0.971,1.03,0,0.995,0.0,,,0.002093,0.016592,0.416557,0.002,0.001,0.012,0.001,0.02,0.001
B311,Turkey,Yemen,69,0.2704,0.0618,0.9691,1.08,0,0.9949,0.0,,,0.000283,0.007537,0.023693,0.005,0.001,0.004,0.002,0.006,0.001
B312,Iran,Iraq,70,0.2965,0.19,0.905,3.49,1,0.9212,2e-06,0.394391,0.061515,0.007295,0.008577,0.41574,0.014,0.003,0.072,0.016,0.138,0.03
B313,Saudi Arabia,Iran,70,0.2368,0.4751,0.7624,9.44,1,0.873,0.0,0.000952,1e-06,0.0,0.0,0.0,0.001,0.001,0.001,0.001,0.001,0.001
B314,Iran,Egypt,70,-0.0501,0.1515,0.9243,2.76,0,0.986,0.276235,0.871665,0.512497,0.52748,0.620664,0.0,0.529,0.527,0.67,0.648,0.745,0.73
B315,Iran,Jordan,70,0.1278,0.1269,0.9365,2.29,0,0.9375,0.001201,0.77027,0.489147,0.000172,0.001841,0.059301,0.087,0.076,0.184,0.149,0.195,0.171
B316,Iran,Lebanon,70,0.3775,0.3921,0.8039,7.61,1,0.8264,0.0,0.037285,0.000244,1.7e-05,1e-06,0.016298,0.001,0.001,0.013,0.001,0.043,0.001
B317,Iran,Syria,70,0.4316,0.0483,0.9758,0.86,0,0.9942,0.0,,,0.003908,0.025173,0.324804,0.007,0.002,0.029,0.006,0.006,0.001
B318,Iran,Yemen,69,0.1706,0.0615,0.9692,1.08,0,0.9918,0.000845,,,0.01406,0.08054,0.72597,0.049,0.046,0.117,0.105,0.107,0.157
B319,Saudi Arabia,Iraq,70,0.5333,0.2178,0.8911,4.03,1,0.891,0.0,0.137387,0.009424,1e-06,3e-06,5.6e-05,0.001,0.001,0.002,0.001,0.044,0.001
B320,Iraq,Egypt,70,-0.3466,0.1117,0.9441,2.01,0,0.984,6e-05,0.970844,0.95159,0.050347,0.081585,0.001909,0.056,0.014,0.147,0.06,0.35,0.192
B321,Jordan,Iraq,70,0.1688,0.1236,0.9382,2.23,0,0.9523,0.007705,0.825268,0.578918,0.085445,0.161149,0.589163,0.178,0.146,0.32,0.241,0.471,0.391
B322,Lebanon,Iraq,70,-0.0809,0.2678,0.8661,5.02,1,0.8666,0.238048,0.770605,0.318942,0.251851,0.433674,0.573383,0.5,0.487,0.629,0.589,0.697,0.685
B323,Syria,Iraq,70,-0.135,0.0733,0.9633,1.31,0,0.983,0.154378,,,0.345016,0.521538,0.62895,0.397,0.425,0.482,0.501,0.466,0.517
B324,Iraq,Yemen,69,-0.1309,0.0894,0.9553,1.58,0,0.977,0.109776,,,0.315779,0.444033,0.241786,0.398,0.364,0.488,0.477,0.608,0.562
B325,Saudi Arabia,Egypt,70,0.1867,0.2596,0.8702,4.86,1,0.9849,0.000102,0.359938,0.028293,0.040234,0.071887,0.0,0.022,0.012,0.053,0.066,0.135,0.138
B326,Saudi Arabia,Jordan,70,0.3646,0.1815,0.9093,3.33,1,0.9373,0.0,0.211111,0.030955,0.0,0.0,0.0,0.001,0.001,0.002,0.001,0.002,0.001
B327,Saudi Arabia,Lebanon,70,0.6142,0.3376,0.8312,6.45,1,0.832,0.0,0.012922,9.7e-05,0.0,0.0,0.0,0.001,0.001,0.003,0.001,0.007,0.001
B328,Saudi Arabia,Syria,70,0.6684,0.0478,0.9761,0.85,0,0.9934,0.0,,,1.2e-05,0.000735,2e-06,0.001,0.001,0.003,0.001,0.001,0.001
B329,Saudi Arabia,Yemen,69,0.3636,0.0605,0.9697,1.06,0,0.9937,0.0,,,7e-06,0.000673,0.028979,0.006,0.001,0.008,0.001,0.004,0.001
B330,Jordan,Egypt,70,-0.1779,0.1766,0.9117,3.23,1,0.9919,5e-06,0.450267,0.091643,0.066361,0.106674,0.0,0.016,0.002,0.051,0.004,0.159,0.013
B331,Lebanon,Egypt,70,-0.4276,0.3059,0.847,5.8,1,0.9709,0.0,0.100204,0.002057,0.003274,0.001169,0.028035,0.002,0.001,0.01,0.001,0.107,0.001
B332,Syria,Egypt,70,-0.4817,0.0679,0.9661,1.21,0,0.995,0.0,,,0.022426,0.067583,3.7e-05,0.011,0.002,0.045,0.006,0.048,0.003
B333,Egypt,Yemen,69,0.2779,0.038,0.981,0.66,0,0.995,1e-06,,,0.005639,0.042509,0.616088,0.005,0.004,0.037,0.007,0.028,0.003
B334,Lebanon,Jordan,70,-0.2497,0.3146,0.8427,5.98,1,0.867,6e-06,0.225192,0.008117,0.000653,0.0018,0.458075,0.017,0.003,0.073,0.016,0.148,0.042
B335,Syria,Jordan,70,-0.3038,0.0559,0.9721,0.99,0,0.9944,5e-06,,,0.014656,0.067324,0.641642,0.026,0.008,0.042,0.013,0.04,0.005
B336,Jordan,Yemen,69,0.0539,0.1064,0.9468,1.89,0,0.9832,0.151903,,,0.298049,0.450065,0.376049,0.368,0.39,0.482,0.477,0.439,0.5
B337,Lebanon,Syria,70,0.0541,0.0997,0.9501,1.79,0,0.97,0.555452,,,0.687321,0.802281,0.757244,0.769,0.764,0.787,0.793,0.82,0.82
B338,Lebanon,Yemen,69,-0.2053,0.1589,0.9205,2.86,0,0.9532,0.005397,0.675746,0.245848,0.038443,0.143381,0.380417,0.136,0.107,0.25,0.2,0.402,0.312
B339,Syria,Yemen,69,-0.2622,0.1455,0.9273,2.6,0,0.9708,0.0,0.492003,0.192475,0.006706,0.022081,0.970599,0.005,0.001,0.016,0.001,0.032,0.001
B340,Egypt,Morocco,70,0.2342,0.404,0.798,7.86,1,0.9892,0.0,0.02837,0.000151,0.004087,0.002565,0.0,0.002,0.001,0.006,0.001,0.023,0.001
B341,Algeria,Egypt,70,-0.1119,0.2245,0.8877,4.16,1,0.9747,4e-06,0.337425,0.031844,0.035284,0.043419,0.004968,0.022,0.005,0.095,0.012,0.218,0.083
B342,Tunisia,Egypt,70,-0.0477,0.1905,0.9048,3.5,1,0.9877,0.021963,0.667008,0.184267,0.305722,0.398676,2e-06,0.202,0.174,0.328,0.251,0.383,0.354
B343,Egypt,Sudan,69,0.4554,0.1012,0.9494,1.79,0,0.9921,0.0,,,3e-06,2e-06,0.646367,0.001,0.001,0.002,0.001,0.003,0.001
B344,Libya,Egypt,69,0.3334,0.1886,0.9057,3.41,1,0.9111,3e-06,0.413047,0.070579,0.001128,0.01041,0.047056,0.011,0.005,0.054,0.013,0.06,0.032
B345,Algeria,Morocco,70,0.1223,0.5045,0.7478,10.1,1,0.9625,0.0,0.045781,0.000245,0.003482,0.001593,0.003554,0.003,0.001,0.018,0.003,0.014,0.001
B346,Tunisia,Morocco,70,0.1865,0.7142,0.6429,15.22,1,0.9732,0.0,3.7e-05,0.0,8e-06,0.0,0.002399,0.002,0.001,0.002,0.001,0.013,0.001
B347,Morocco,Sudan,69,0.1728,0.1123,0.9438,1.99,0,0.9681,0.0,,,0.001614,0.003542,0.923769,0.006,0.003,0.044,0.011,0.162,0.015
B348,Libya,Morocco,69,0.616,0.2514,0.8743,4.63,1,0.8925,0.0,0.085042,0.003282,0.0,0.0,0.001464,0.001,0.001,0.01,0.001,0.014,0.001
B349,Algeria,Tunisia,70,-0.0643,0.2311,0.8845,4.29,1,0.896,0.000687,0.460936,0.057745,0.026009,0.075322,0.19311,0.058,0.041,0.167,0.114,0.232,0.119
B350,Algeria,Sudan,69,0.3214,0.3444,0.8278,6.5,1,0.9439,0.0,0.006811,4.6e-05,0.0,0.0,0.086218,0.001,0.001,0.002,0.001,0.001,0.001
B351,Libya,Algeria,69,0.4674,0.2671,0.8665,4.94,1,0.8798,0.0,0.121076,0.004265,2e-06,1.1e-05,0.009071,0.003,0.001,0.013,0.001,0.029,0.001
B352,Tunisia,Sudan,69,0.3805,0.1451,0.9275,2.6,0,0.9744,0.0,0.358012,0.136734,0.0,0.0,0.190144,0.001,0.001,0.003,0.001,0.023,0.001
B353,Libya,Tunisia,69,0.4083,0.2787,0.8607,5.17,1,0.8679,0.0,0.126738,0.004021,2e-06,1.1e-05,0.007946,0.004,0.001,0.02,0.001,0.032,0.001
B354,Libya,Sudan,69,0.7888,0.3177,0.8411,5.95,1,0.8911,0.0,0.015379,0.000166,0.0,0.0,0.000607,0.001,0.001,0.006,0.001,0.017,0.001
B355,South Africa,Nigeria,69,-0.0819,0.1207,0.9396,2.15,0,0.9629,0.001255,0.841399,0.66068,0.091872,0.209472,0.570209,0.075,0.054,0.149,0.105,0.12,0.051
B356,South Africa,Kenya,69,-0.0048,0.2131,0.8934,3.88,1,0.9025,0.692412,0.933963,0.731614,0.804504,0.82354,0.683355,0.837,0.821,0.867,0.877,0.881,0.9
B357,South Africa,Ghana,69,0.1791,0.1425,0.9287,2.55,0,0.9728,0.0,0.420598,0.173487,0.0,0.0,0.246065,0.001,0.001,0.004,0.001,0.023,0.001
B358,South Africa,Zimbabwe,69,0.1596,0.0392,0.9804,0.68,0,0.9927,0.000633,,,0.058688,0.189139,0.923934,0.079,0.058,0.164,0.137,0.134,0.088
B359,South Africa,Zambia,69,0.0833,0.1133,0.9433,2.01,0,0.968,0.000112,0.969462,0.948855,0.013089,0.05292,0.725109,0.043,0.019,0.124,0.068,0.295,0.098
B360,South Africa,Tanzania,69,-0.0223,0.0559,0.972,0.98,0,0.995,0.214427,,,0.542443,0.655072,0.586495,0.438,0.434,0.491,0.473,0.471,0.5
B361,South Africa,Uganda,69,0.1837,0.1566,0.9217,2.81,0,0.9475,0.0,0.282482,0.079346,0.0,0.0,0.001263,0.001,0.001,0.001,0.001,0.006,0.001
B362,South Africa,Mozambique,69,0.4959,0.0456,0.9772,0.8,0,0.995,0.0,,,0.000106,0.002165,0.292675,0.001,0.001,0.006,0.001,0.009,0.001
B363,Botswana,South Africa,69,0.9003,0.0539,0.973,0.94,0,0.995,0.0,,,8e-06,4.1e-05,0.15794,0.001,0.001,0.002,0.001,0.002,0.001
B364,South Africa,Ethiopia,69,0.1164,0.0776,0.9612,1.37,0,0.9793,0.0,,,0.001372,0.013139,0.607704,0.013,0.002,0.059,0.01,0.151,0.023
B365,South Africa,Cameroon,69,0.0202,0.0662,0.9669,1.16,0,0.9698,0.326591,,,0.369916,0.571748,0.932228,0.583,0.584,0.644,0.663,0.654,0.668
B366,South Africa,Senegal,69,0.2956,0.1238,0.9381,2.2,0,0.985,0.0,0.621649,0.43825,1e-06,1.5e-05,0.168331,0.001,0.001,0.001,0.001,0.002,0.001
B367,South Africa,Angola,69,0.0309,0.0436,0.9782,0.76,0,0.9875,0.589168,,,0.703941,0.813091,0.985684,0.777,0.801,0.832,0.83,0.821,0.833
B368,Nigeria,Kenya,69,0.0771,0.13,0.935,2.32,0,0.946,0.00584,0.788788,0.494054,0.078131,0.229037,0.747181,0.167,0.117,0.241,0.227,0.157,0.189
B369,Nigeria,Ghana,69,0.261,0.137,0.9315,2.45,0,0.966,0.0,0.483007,0.232284,0.000111,0.000403,0.172523,0.001,0.001,0.008,0.001,0.017,0.001
B370,Nigeria,Zimbabwe,69,0.2415,0.0362,0.9819,0.63,0,0.9939,0.000397,,,0.065196,0.192403,0.783367,0.078,0.039,0.156,0.099,0.136,0.059
B371,Nigeria,Zambia,69,0.1652,0.1729,0.9135,3.12,1,0.9471,0.0,0.369938,0.076963,0.004634,0.012587,0.631871,0.004,0.001,0.04,0.002,0.096,0.001
B372,Nigeria,Tanzania,69,0.0595,0.3895,0.8052,7.44,1,0.8212,4.8e-05,0.207875,0.006051,0.000321,0.00088,0.264996,0.04,0.022,0.051,0.015,0.038,0.001
B373,Nigeria,Uganda,69,0.2656,0.1288,0.9356,2.3,0,0.9636,0.0,0.584864,0.356369,3.9e-05,0.000392,0.02665,0.001,0.001,0.005,0.001,0.006,0.001
B374,Nigeria,Mozambique,69,0.5777,0.0406,0.9797,0.71,0,0.995,0.0,,,0.000901,0.010381,0.344736,0.001,0.001,0.011,0.001,0.023,0.001
B375,Botswana,Nigeria,69,0.8184,0.0794,0.9603,1.4,0,0.9937,0.0,,,1e-06,3e-06,0.354602,0.001,0.001,0.002,0.001,0.003,0.001
B376,Nigeria,Ethiopia,69,0.1983,0.0776,0.9612,1.36,0,0.9722,1e-06,,,0.008809,0.054277,0.458165,0.016,0.002,0.091,0.015,0.106,0.025
B377,Nigeria,Cameroon,69,0.102,0.0713,0.9643,1.25,0,0.9774,0.012276,,,0.124558,0.287566,0.695687,0.206,0.178,0.269,0.25,0.257,0.225
B378,Nigeria,Senegal,69,0.3774,0.0689,0.9655,1.21,0,0.9895,0.0,,,0.000377,0.004054,0.285268,0.003,0.001,0.009,0.001,0.013,0.001
B379,Angola,Nigeria,69,-0.1127,0.0858,0.9571,1.51,0,0.9639,0.016939,,,0.053331,0.194496,0.76444,0.248,0.194,0.374,0.365,0.472,0.438
B380,Ghana,Kenya,69,-0.1838,0.1139,0.9431,2.02,0,0.9623,0.0,0.936286,0.900155,6.1e-05,0.000123,0.114688,0.003,0.001,0.014,0.001,0.085,0.001
B381,Zimbabwe,Kenya,69,-0.1644,0.0485,0.9758,0.85,0,0.9934,0.000215,,,0.067294,0.180464,0.652544,0.053,0.032,0.135,0.071,0.118,0.047
B382,Kenya,Zambia,69,0.0881,0.1008,0.9496,1.78,0,0.9569,0.002547,,,0.060834,0.13868,0.89143,0.129,0.077,0.294,0.22,0.431,0.324
B383,Kenya,Tanzania,69,-0.0176,0.0481,0.9759,0.84,0,0.9894,0.397688,,,0.58619,0.72895,0.868967,0.65,0.649,0.724,0.736,0.733,0.747
B384,Kenya,Uganda,69,0.1885,0.1127,0.9436,2.0,0,0.9517,0.0,0.994812,0.992752,4e-06,3.3e-05,0.005553,0.001,0.001,0.013,0.001,0.067,0.001
B385,Kenya,Mozambique,69,0.5006,0.0446,0.9777,0.78,0,0.995,0.0,,,0.000287,0.003089,0.170048,0.003,0.001,0.006,0.001,0.012,0.001
B386,Botswana,Kenya,69,0.8955,0.072,0.964,1.26,0,0.995,0.0,,,2e-06,1.3e-05,0.33871,0.001,0.001,0.002,0.001,0.001,0.001
B387,Kenya,Ethiopia,69,0.1212,0.1036,0.9482,1.83,0,0.9582,1e-06,,,0.006754,0.031096,0.309143,0.016,0.001,0.078,0.009,0.188,0.081
B388,Cameroon,Kenya,69,-0.0249,0.1398,0.9301,2.5,0,0.9458,0.177611,0.864714,0.530478,0.36516,0.472917,0.589578,0.443,0.428,0.552,0.495,0.544,0.535
B389,Senegal,Kenya,69,-0.3003,0.1213,0.9394,2.16,0,0.9861,0.0,0.685949,0.523114,2.9e-05,9.3e-05,0.100707,0.001,0.001,0.001,0.001,0.005,0.001
B390,Angola,Kenya,69,-0.0356,0.0433,0.9784,0.75,0,0.9836,0.57463,,,0.682004,0.79813,0.824991,0.785,0.783,0.867,0.85,0.848,0.83
B391,Ghana,Zimbabwe,69,-0.0195,0.0357,0.9822,0.62,0,0.9939,0.705256,,,0.811572,0.880583,0.66999,0.855,0.854,0.894,0.874,0.889,0.881
B392,Ghana,Zambia,69,-0.0957,0.2565,0.8718,4.73,1,0.8754,0.0,0.187884,0.009171,8e-06,0.000119,0.01369,0.002,0.001,0.018,0.003,0.003,0.001
B393,Ghana,Tanzania,69,-0.2014,0.1464,0.9268,2.62,0,0.9715,0.0,0.384547,0.142708,0.000208,0.000383,0.127478,0.001,0.001,0.002,0.001,0.013,0.001
B394,Ghana,Uganda,69,0.0046,0.5444,0.7278,10.87,1,0.7509,0.668465,0.868269,0.677346,0.737257,0.692238,0.325704,0.775,0.805,0.799,0.815,0.773,0.808
B395,Ghana,Mozambique,69,0.3168,0.0361,0.982,0.63,0,0.995,0.0,,,0.004629,0.044806,0.659799,0.006,0.001,0.043,0.004,0.051,0.007
B396,Botswana,Ghana,69,1.0793,0.0639,0.9681,1.12,0,0.995,0.0,,,2e-06,7e-06,0.115937,0.001,0.001,0.001,0.001,0.003,0.001
B397,Ghana,Ethiopia,69,-0.0626,0.1053,0.9474,1.87,0,0.9484,0.013398,,,0.033119,0.180599,0.490152,0.228,0.199,0.36,0.359,0.487,0.474
B398,Ghana,Cameroon,69,-0.1589,0.069,0.9655,1.21,0,0.9788,6e-06,,,0.000105,0.004227,0.469923,0.038,0.009,0.099,0.055,0.179,0.071
B399,Ghana,Senegal,69,0.1165,0.1154,0.9423,2.05,0,0.9751,2.4e-05,0.907948,0.833134,0.010416,0.074274,0.589501,0.029,0.019,0.079,0.046,0.066,0.034
B400,Angola,Ghana,69,0.1482,0.0627,0.9686,1.1,0,0.978,0.003669,,,0.064448,0.212629,0.573813,0.146,0.112,0.244,0.216,0.168,0.18
B401,Zimbabwe,Zambia,69,-0.0763,0.0334,0.9833,0.58,0,0.9932,0.198608,,,0.425649,0.604821,0.714076,0.5,0.476,0.563,0.586,0.52,0.599
B402,Zimbabwe,Tanzania,69,-0.182,0.0297,0.9852,0.52,0,0.995,0.003575,,,0.125124,0.285443,0.790896,0.13,0.112,0.204,0.165,0.166,0.143
B403,Zimbabwe,Uganda,69,0.0241,0.0374,0.9813,0.65,0,0.9919,0.632137,,,0.761818,0.84761,0.223585,0.8,0.806,0.871,0.856,0.869,0.858
B404,Zimbabwe,Mozambique,69,0.3362,0.1437,0.9281,2.57,0,0.9738,0.0,0.370186,0.146724,0.0,1e-06,0.132021,0.001,0.001,0.003,0.001,0.006,0.001
B405,Botswana,Zimbabwe,69,1.0599,0.0464,0.9768,0.81,0,0.995,0.0,,,6.3e-05,0.000608,0.279014,0.001,0.001,0.003,0.001,0.006,0.001
B406,Zimbabwe,Ethiopia,69,-0.0432,0.0519,0.974,0.91,0,0.9935,0.284721,,,0.53374,0.660952,0.86292,0.549,0.525,0.545,0.591,0.495,0.533
B407,Cameroon,Zimbabwe,69,0.1395,0.0699,0.965,1.23,0,0.9857,0.000185,,,0.03812,0.124917,0.829249,0.057,0.029,0.106,0.076,0.098,0.036
B408,Senegal,Zimbabwe,69,-0.1359,0.0989,0.9505,1.75,0,0.9699,3.2e-05,,,0.002966,0.048124,0.39728,0.031,0.013,0.101,0.036,0.148,0.035
B409,Angola,Zimbabwe,69,0.1288,0.027,0.9865,0.47,0,0.9941,0.192322,,,0.416941,0.602307,0.983649,0.525,0.512,0.549,0.607,0.59,0.623
B410,Zambia,Tanzania,69,-0.1057,0.1619,0.9191,2.91,0,0.9567,0.0,0.460056,0.126063,0.023332,0.038544,0.797542,0.005,0.001,0.054,0.01,0.174,0.02
B411,Zambia,Uganda,69,0.1004,0.2638,0.8681,4.87,1,0.8789,0.0,0.176661,0.007739,1.4e-05,0.000753,0.001139,0.003,0.001,0.009,0.002,0.003,0.001
B412,Zambia,Mozambique,69,0.4125,0.0401,0.9799,0.7,0,0.995,0.0,,,0.00096,0.016751,0.256561,0.008,0.001,0.029,0.001,0.02,0.001
B413,Botswana,Zambia,69,0.9836,0.0585,0.9708,1.02,0,0.995,0.0,,,9e-06,3.6e-05,0.426475,0.001,0.001,0.001,0.001,0.016,0.001
B414,Zambia,Ethiopia,69,0.0331,0.1098,0.9451,1.95,0,0.9451,0.210661,,,0.34324,0.555324,0.479988,0.519,0.514,0.633,0.652,0.653,0.675
B415,Cameroon,Zambia,69,0.0632,0.0554,0.9723,0.97,0,0.9809,0.087236,,,0.175288,0.371115,0.713406,0.388,0.362,0.504,0.489,0.606,0.514
B416,Senegal,Zambia,69,-0.2122,0.0702,0.9649,1.23,0,0.9846,0.0,,,0.000478,0.011448,0.150936,0.005,0.001,0.024,0.004,0.006,0.002
B417,Angola,Zambia,69,0.0525,0.0882,0.9559,1.56,0,0.968,0.215685,,,0.41533,0.603514,0.894041,0.52,0.525,0.615,0.599,0.614,0.646
B418,Uganda,Tanzania,69,-0.206,0.1036,0.9482,1.83,0,0.9848,0.0,,,6.2e-05,0.000402,0.008446,0.001,0.001,0.001,0.001,0.003,0.001
B419,Mozambique,Tanzania,69,-0.5182,0.0312,0.9844,0.54,0,0.995,0.0,,,0.001285,0.013193,0.23818,0.004,0.001,0.01,0.001,0.026,0.001
B420,Botswana,Tanzania,69,0.8779,0.0672,0.9664,1.18,0,0.995,0.0,,,1e-06,3e-06,0.268001,0.001,0.001,0.001,0.001,0.005,0.001
B421,Tanzania,Ethiopia,69,0.1388,0.0451,0.9774,0.79,0,0.9861,2.2e-05,,,0.025232,0.110652,0.404681,0.022,0.01,0.133,0.05,0.216,0.1
B422,Cameroon,Tanzania,69,-0.0425,0.0362,0.9819,0.63,0,0.9937,0.214979,,,0.436795,0.602576,0.7276,0.475,0.47,0.551,0.571,0.588,0.621
B423,Senegal,Tanzania,69,-0.3179,0.0415,0.9793,0.72,0,0.995,0.0,,,0.000638,0.00564,0.152573,0.001,0.001,0.011,0.001,0.016,0.001
B424,Angola,Tanzania,69,-0.0532,0.0789,0.9606,1.39,0,0.9632,0.241575,,,0.371659,0.561384,0.830727,0.579,0.545,0.677,0.655,0.686,0.664
B425,Mozambique,Uganda,69,-0.3122,0.0427,0.9787,0.74,0,0.995,0.0,,,0.005502,0.044044,0.673727,0.008,0.001,0.046,0.007,0.063,0.006
B426,Botswana,Uganda,69,1.084,0.0576,0.9712,1.01,0,0.995,0.0,,,1e-06,6e-06,0.020397,0.001,0.001,0.001,0.001,0.001,0.001
B427,Uganda,Ethiopia,69,-0.0673,0.0738,0.9631,1.3,0,0.9658,0.010567,,,0.027885,0.152624,0.076496,0.181,0.157,0.347,0.315,0.427,0.397
B428,Cameroon,Uganda,69,0.1635,0.0551,0.9724,0.96,0,0.9769,3e-06,,,3e-06,0.001692,0.057247,0.019,0.011,0.097,0.052,0.193,0.068
B429,Senegal,Uganda,69,-0.1119,0.0859,0.957,1.51,0,0.9812,2.7e-05,,,0.013261,0.072055,0.540906,0.039,0.011,0.101,0.057,0.102,0.048
B430,Angola,Uganda,69,0.1528,0.0644,0.9678,1.13,0,0.9804,0.002899,,,0.057869,0.212603,0.247269,0.116,0.091,0.187,0.186,0.152,0.155
B431,Botswana,Mozambique,69,1.3961,0.047,0.9765,0.82,0,0.995,0.0,,,1.5e-05,0.000153,0.088742,0.001,0.001,0.001,0.001,0.005,0.001
B432,Mozambique,Ethiopia,69,-0.3794,0.0574,0.9713,1.0,0,0.995,0.0,,,0.000264,0.002901,0.447262,0.002,0.001,0.003,0.001,0.006,0.001
B433,Cameroon,Mozambique,69,0.4757,0.065,0.9675,1.14,0,0.9932,0.0,,,3.2e-05,0.000539,0.316927,0.001,0.001,0.006,0.001,0.005,0.001
B434,Senegal,Mozambique,69,0.2003,0.0851,0.9575,1.5,0,0.9844,0.0,,,0.003846,0.036829,0.667946,0.002,0.003,0.045,0.006,0.078,0.008
B435,Angola,Mozambique,69,0.465,0.025,0.9875,0.43,0,0.995,7e-06,,,0.012284,0.085148,0.542629,0.03,0.011,0.079,0.041,0.089,0.028
B436,Botswana,Ethiopia,69,1.0167,0.0508,0.9746,0.89,0,0.995,0.0,,,9e-06,8.2e-05,0.160831,0.001,0.001,0.001,0.001,0.01,0.001
B437,Botswana,Cameroon,69,0.9204,0.057,0.9715,1.0,0,0.995,0.0,,,1.2e-05,8.7e-05,0.230641,0.001,0.001,0.003,0.001,0.006,0.001
B438,Botswana,Senegal,69,1.1958,0.0628,0.9686,1.1,0,0.995,0.0,,,4e-06,2.1e-05,0.098685,0.001,0.001,0.001,0.001,0.007,0.001
B439,Botswana,Angola,69,0.9311,0.0512,0.9744,0.89,0,0.993,0.0,,,4e-06,3e-05,0.349433,0.001,0.001,0.008,0.001,0.04,0.001
B440,Cameroon,Ethiopia,69,0.0963,0.1084,0.9458,1.92,0,0.9711,2.8e-05,,,0.00215,0.01147,0.685019,0.026,0.007,0.088,0.014,0.222,0.059
B441,Senegal,Ethiopia,69,-0.1791,0.1367,0.9317,2.44,0,0.9811,0.0,0.515721,0.251508,3.5e-05,7.4e-05,0.329783,0.002,0.001,0.002,0.001,0.003,0.001
B442,Angola,Ethiopia,69,0.0856,0.0396,0.9802,0.69,0,0.9844,0.193492,,,0.372441,0.582682,0.824348,0.508,0.5,0.646,0.633,0.612,0.619
B443,Senegal,Cameroon,69,-0.2754,0.14,0.93,2.5,0,0.9783,0.0,0.391622,0.172156,0.0,0.0,0.122861,0.001,0.001,0.001,0.001,0.001,0.001
B444,Angola,Cameroon,69,-0.0107,0.037,0.9815,0.64,0,0.9885,0.884934,,,0.915786,0.948155,0.990446,0.956,0.942,0.954,0.95,0.949,0.96
B445,Angola,Senegal,69,0.2647,0.0448,0.9776,0.78,0,0.9892,0.000451,,,0.030953,0.147646,0.59099,0.067,0.052,0.157,0.134,0.134,0.117
B446,New Zealand,Australia,119,-0.1096,0.1575,0.9212,4.88,1,0.9553,0.0,0.174128,0.003541,1.8e-05,0.006487,0.495611,0.001,0.001,0.008,0.002,0.025,0.002
