escenario,b_verdadera,metodo,n_sim,tasa_total,n_evaluables_total,tasa_estimables,n_evaluables_estimables,ic95_lo,ic95_hi,tasa_estimables_2000,n_estrato_simulado,admisible,ic95_contenido
tamano (b = 0),0.0,ols,200000,0.68007,200000,0.579991,69827,0.576325,0.583647,0.5948,69827,0,0
tamano (b = 0),0.0,ar1_inf,200000,0.106129,192342,0.079622,69704,0.077636,0.081655,0.0711,69827,0,0
tamano (b = 0),0.0,ar1_sup,200000,0.485297,192342,0.474449,69704,0.470744,0.478157,0.4856,69827,0,0
tamano (b = 0),0.0,nw_auto,200000,0.525185,200000,0.406963,69827,0.403324,0.410612,0.4079,69827,0,0
tamano (b = 0),0.0,nw_n4,200000,0.46696,200000,0.376373,69827,0.372787,0.379973,0.3806,69827,0,0
tamano (b = 0),0.0,gls_pw,200000,0.170165,200000,0.12909,69827,0.126624,0.131598,0.1132,69827,0,0
tamano (b = 0),0.0,boot_rb3,200000,0.423825,200000,0.286322,69827,0.282981,0.289686,0.3029,69827,0,0
tamano (b = 0),0.0,boot_ub3,200000,0.475405,200000,0.335128,69827,0.331636,0.338638,0.3479,69827,0,0
tamano (b = 0),0.0,boot_rb8,200000,0.296745,200000,0.177138,69827,0.174324,0.179987,0.1705,69827,0,0
tamano (b = 0),0.0,boot_ub8,200000,0.399635,200000,0.264224,69827,0.260967,0.267508,0.2729,69827,0,0
tamano (b = 0),0.0,boot_rb17,200000,0.226215,200000,0.147336,69827,0.144726,0.149984,0.1555,69827,0,0
tamano (b = 0),0.0,boot_ub17,200000,0.39487,200000,0.276598,69827,0.273292,0.279928,0.2756,69827,0,0
poder (b = -0.30),-0.3,ols,20000,0.9773,20000,0.986253,7056,0.983259,0.988717,0.9843,7056,0,0
poder (b = -0.30),-0.3,ar1_inf,20000,0.673313,19260,0.84029,7044,0.831549,0.848659,0.8407,7056,0,0
poder (b = -0.30),-0.3,ar1_sup,20000,0.873313,19260,0.963657,7044,0.959028,0.967781,0.9613,7056,0,0
poder (b = -0.30),-0.3,nw_auto,20000,0.9555,20000,0.978033,7056,0.974344,0.981202,0.9771,7056,0,0
poder (b = -0.30),-0.3,nw_n4,20000,0.94625,20000,0.974773,7056,0.970848,0.978182,0.9728,7056,0,0
poder (b = -0.30),-0.3,gls_pw,20000,0.9725,20000,0.977749,7056,0.974039,0.98094,0.9742,7056,0,0
poder (b = -0.30),-0.3,boot_rb3,20000,0.95295,20000,0.973214,7056,0.969182,0.976732,0.9714,7056,0,0
poder (b = -0.30),-0.3,boot_ub3,20000,0.9571,20000,0.974915,7056,0.971,0.978314,0.9742,7056,0,0
poder (b = -0.30),-0.3,boot_rb8,20000,0.93585,20000,0.963719,7056,0.959097,0.967836,0.9628,7056,0,0
poder (b = -0.30),-0.3,boot_ub8,20000,0.9453,20000,0.969388,7056,0.965106,0.973159,0.9628,7056,0,0
poder (b = -0.30),-0.3,boot_rb17,20000,0.92275,20000,0.956207,7056,0.951179,0.960739,0.9599,7056,0,0
poder (b = -0.30),-0.3,boot_ub17,20000,0.93885,20000,0.967971,7056,0.963601,0.971831,0.9657,7056,0,0
poder (b = -0.60),-0.6,ols,20000,0.9983,20000,0.999859,7112,0.999204,0.999975,1.0,7112,0,0
poder (b = -0.60),-0.6,ar1_inf,20000,0.816574,19283,0.94,7100,0.934234,0.94529,0.9556,7112,0,0
poder (b = -0.60),-0.6,ar1_sup,20000,0.920811,19283,0.986056,7100,0.983054,0.988533,0.9941,7112,0,0
poder (b = -0.60),-0.6,nw_auto,20000,0.99525,20000,0.999016,7112,0.99797,0.999523,1.0,7112,0,0
poder (b = -0.60),-0.6,nw_n4,20000,0.9937,20000,0.998594,7112,0.997413,0.999236,1.0,7112,0,0
poder (b = -0.60),-0.6,gls_pw,20000,0.9994,20000,0.999719,7112,0.998975,0.999923,1.0,7112,0,0
poder (b = -0.60),-0.6,boot_rb3,20000,0.996,20000,0.998594,7112,0.997413,0.999236,1.0,7112,0,0
poder (b = -0.60),-0.6,boot_ub3,20000,0.9962,20000,0.998453,7112,0.997232,0.999136,1.0,7112,0,0
poder (b = -0.60),-0.6,boot_rb8,20000,0.9936,20000,0.99775,7112,0.996348,0.998615,1.0,7112,0,0
poder (b = -0.60),-0.6,boot_ub8,20000,0.99465,20000,0.998031,7112,0.996698,0.998827,1.0,7112,0,0
poder (b = -0.60),-0.6,boot_rb17,20000,0.99205,20000,0.997047,7112,0.99549,0.998068,0.9985,7112,0,0
poder (b = -0.60),-0.6,boot_ub17,20000,0.9936,20000,0.998031,7112,0.996698,0.998827,1.0,7112,0,0
