experimento,n,daic_mediano,daic_p05,daic_p95,frac_lognormal,frac_potencia,ordenes_mediano,regla,replicas
A. rango libre,27,-7.7115,-49.8168,39.5047,0.395,0.555,2.4617,,200
A. rango libre,111,-45.2721,-177.1029,130.8791,0.245,0.74,3.082,,200
A. rango libre,293,-75.4555,-342.1097,171.2497,0.285,0.7,3.406,,200
A. rango libre,1327,-256.0076,-773.4978,254.7559,0.2,0.8,4.1229,,200
A. rango libre,2785,-546.7621,-1136.3126,159.226,0.09,0.91,4.5778,,200
B. rango fijo en 4.66,27,-22.6795,-41.6409,-9.9065,0.005,0.99,4.662,,200
B. rango fijo en 4.66,111,-107.9238,-196.4963,-27.273,0.01,0.99,4.662,,200
B. rango fijo en 4.66,293,-219.7777,-455.7378,-59.3735,0.025,0.97,4.662,,200
B. rango fijo en 4.66,1327,-430.1234,-948.9215,15.1344,0.07,0.93,4.662,,200
B. rango fijo en 4.66,2785,-642.8251,-1231.2155,-70.1757,0.03,0.97,4.662,,200
C. n fijo 1327,1327,-2919.4233,,,0,1,3.054,"los 1,327 mas grandes",1
C. n fijo 1327,1327,2239.3534,,,1,0,0.3347,bloque contiguo del medio,1
C. n fijo 1327,1327,-320.8059,,,0,1,4.662,rango maximo (con extremos),1
