dominio,id,etiqueta,n,b,banda_b,superlineal,dw,rho_ar1,sigma,aic_potencia,aic_exponencial,aic_lineal,ganador,delta_aic_potencia
E3,E3_001,Afghanistan,60,1.2393,1.0 <= b < 1.5,1,0.1786,0.8135,0.5374,952.673,785.689,913.359,exponencial,-166.984
E3,E3_002,Albania,60,0.5681,0.5 <= b < 1,0,0.4725,0.5835,0.157,486.183,563.05,453.299,lineal,-32.885
E3,E3_003,Algeria,60,1.2758,1.0 <= b < 1.5,1,0.5829,0.5306,0.3342,747.828,854.908,733.894,lineal,-13.934
E3,E3_004,American Samoa,60,1.1312,1.0 <= b < 1.5,1,0.3348,0.71,0.3865,800.238,921.055,787.875,lineal,-12.363
E3,E3_005,Andorra,60,0.5883,0.5 <= b < 1,0,0.6247,0.6257,0.1836,515.99,607.579,546.453,potencia,30.462
E3,E3_006,Angola,60,0.7762,0.5 <= b < 1,0,0.1581,0.8246,0.3579,654.597,502.801,595.163,exponencial,-151.797
E3,E3_007,Anguilla,60,0.0036,b < 0.5,0,0.1449,0.9383,0.0064,-38.894,-60.72,-60.554,exponencial,-21.825
E3,E3_008,Antigua and Barbuda,60,0.0953,b < 0.5,0,0.2009,0.7894,0.0405,189.684,94.932,84.028,lineal,-105.657
E3,E3_009,Argentina,60,1.3649,1.0 <= b < 1.5,1,0.6253,0.5037,0.3462,777.435,893.346,769.115,lineal,-8.32
E3,E3_010,Armenia,60,0.9725,0.5 <= b < 1,0,0.3791,0.6693,0.3085,761.536,673.069,724.811,exponencial,-88.467
E3,E3_011,Aruba,60,0.0039,b < 0.5,0,0.3282,0.8046,0.0024,-167.473,-143.304,-143.437,potencia,24.035
E3,E3_012,Australia,60,1.1501,1.0 <= b < 1.5,1,0.4534,0.7245,0.4125,878.041,961.561,845.964,lineal,-32.077
E3,E3_013,Austria,60,1.1413,1.0 <= b < 1.5,1,0.3661,0.7281,0.4178,911.572,1023.389,893.897,lineal,-17.675
E3,E3_014,Azerbaijan,60,1.0212,1.0 <= b < 1.5,1,0.645,0.5226,0.2685,677.694,743.355,662.065,lineal,-15.63
E3,E3_015,Bahamas,60,0.1254,b < 0.5,0,0.2138,0.9815,0.2611,474.993,463.139,462.421,lineal,-12.573
E3,E3_016,Bahrain,60,0.9974,0.5 <= b < 1,0,0.1604,0.8236,0.4545,802.693,664.901,751.95,exponencial,-137.791
E3,E3_017,Bangladesh,60,1.4945,1.0 <= b < 1.5,1,0.4619,0.5972,0.4231,1085.831,1098.769,1066.225,lineal,-19.606
E3,E3_018,Barbados,60,0.1984,b < 0.5,0,0.1688,0.8209,0.1001,304.275,235.517,221.91,lineal,-82.365
E3,E3_019,Belarus,60,1.5232,b >= 1.5,1,0.6321,0.5016,0.3845,952.667,1126.532,951.821,lineal,-0.846
E3,E3_020,Belgium,60,1.8094,b >= 1.5,1,0.4615,0.6001,0.5095,1019.889,1212.865,998.089,lineal,-21.801
E3,E3_021,Belize,60,0.8709,0.5 <= b < 1,0,0.6786,0.4831,0.217,557.214,692.063,523.491,lineal,-33.724
E3,E3_022,Benin,60,0.7914,0.5 <= b < 1,0,0.1087,0.8821,0.4926,669.654,549.853,614.305,exponencial,-119.801
E3,E3_023,Bermuda,60,0.0912,b < 0.5,0,0.2206,0.7755,0.0385,190.459,155.308,145.155,lineal,-45.304
E3,E3_024,Bhutan,60,0.3573,b < 0.5,0,0.2042,0.7885,0.1604,384.479,370.009,333.092,lineal,-51.387
E3,E3_025,Bolivia,60,1.2984,1.0 <= b < 1.5,1,0.1933,0.7986,0.5401,887.535,734.556,850.168,exponencial,-152.979
E3,E3_026,Bonaire Sint Eustatius and Saba,60,0.0799,b < 0.5,0,0.6209,0.6762,0.0347,189.607,237.756,234.865,potencia,45.257
E3,E3_027,Bosnia and Herzegovina,60,0.9852,0.5 <= b < 1,0,0.5784,0.5287,0.2551,581.72,727.393,541.921,lineal,-39.799
E3,E3_028,Botswana,60,0.7912,0.5 <= b < 1,0,0.4211,0.6375,0.2427,570.914,609.893,497.94,lineal,-72.974
E3,E3_029,Brazil,60,1.7736,b >= 1.5,1,0.3595,0.6597,0.5497,1256.592,1245.589,1236.065,lineal,-20.527
E3,E3_030,British Virgin Islands,60,0.1081,b < 0.5,0,0.4263,0.6541,0.0357,181.841,208.173,197.33,potencia,15.489
E3,E3_031,Brunei,60,0.0487,b < 0.5,0,0.6465,0.6603,0.0201,116.996,168.158,166.329,potencia,49.333
E3,E3_032,Bulgaria,60,0.8191,0.5 <= b < 1,0,0.3215,0.691,0.2681,661.822,632.287,592.163,lineal,-69.659
E3,E3_033,Burkina Faso,60,0.4323,b < 0.5,0,0.6942,0.491,0.1094,429.959,526.63,463.453,potencia,33.494
E3,E3_034,Burundi,60,0.3859,b < 0.5,0,0.2124,0.7705,0.1558,426.07,418.657,364.507,lineal,-61.563
E3,E3_035,Cambodia,60,0.0592,b < 0.5,0,0.4193,0.7773,0.0274,140.287,191.302,189.201,potencia,48.914
E3,E3_036,Cameroon,60,0.7181,0.5 <= b < 1,0,0.2036,0.8028,0.3064,807.447,676.145,758.213,exponencial,-131.302
E3,E3_037,Canada,60,2.0542,b >= 1.5,1,0.5123,0.5719,0.5594,1012.754,1244.744,1032.921,potencia,20.167
E3,E3_038,Cape Verde,60,0.5935,0.5 <= b < 1,0,0.253,0.7713,0.2292,584.329,456.18,523.801,exponencial,-128.149
E3,E3_039,Cayman Islands,60,0.1688,b < 0.5,0,0.3398,0.7104,0.0585,263.651,309.713,293.751,potencia,30.1
E3,E3_040,Central African Republic,60,1.1269,1.0 <= b < 1.5,1,0.3051,0.6925,0.3702,759.199,783.654,702.857,lineal,-56.342
E3,E3_041,Chad,60,0.6811,0.5 <= b < 1,0,0.6102,0.6244,0.2077,539.856,636.909,561.646,potencia,21.79
E3,E3_042,Chile,60,1.3473,1.0 <= b < 1.5,1,0.4862,0.5916,0.3808,1030.188,998.945,1013.053,exponencial,-31.243
E3,E3_043,China,60,2.2811,b >= 1.5,1,0.5147,0.663,0.7144,1226.787,1363.548,1126.229,lineal,-100.558
E3,E3_044,Colombia,60,1.352,1.0 <= b < 1.5,1,0.4622,0.6042,0.389,900.608,886.188,878.101,lineal,-22.507
E3,E3_045,Comoros,60,0.3499,b < 0.5,0,0.7416,0.5246,0.096,326.428,400.866,365.616,potencia,39.188
E3,E3_046,Congo,60,0.5581,0.5 <= b < 1,0,0.196,0.7931,0.2324,537.334,446.471,446.594,exponencial,-90.863
E3,E3_047,Cook Islands,60,1.276,1.0 <= b < 1.5,1,0.4226,0.6134,0.368,730.715,856.063,691.013,lineal,-39.701
E3,E3_048,Costa Rica,60,0.665,0.5 <= b < 1,0,0.6689,0.5476,0.1795,472.911,598.604,508.536,potencia,35.625
E3,E3_049,Cote d'Ivoire,60,0.8581,0.5 <= b < 1,0,0.4382,0.6032,0.2453,629.071,670.761,561.192,lineal,-67.878
E3,E3_050,Croatia,60,0.8025,0.5 <= b < 1,0,0.6534,0.589,0.2323,641.701,756.162,653.812,potencia,12.111
E3,E3_051,Cuba,60,0.9881,0.5 <= b < 1,0,0.5194,0.5854,0.2728,600.07,747.314,596.133,lineal,-3.937
E3,E3_052,Curacao,60,0.686,0.5 <= b < 1,0,0.3074,0.6906,0.2248,549.723,536.78,455.651,lineal,-94.072
E3,E3_053,Cyprus,60,0.5461,0.5 <= b < 1,0,0.6279,0.6258,0.1704,523.712,617.698,560.684,potencia,36.972
E3,E3_054,Czechia,60,1.2775,1.0 <= b < 1.5,1,0.6331,0.5899,0.3654,832.304,966.307,787.224,lineal,-45.08
E3,E3_055,Democratic Republic of Congo,60,0.919,0.5 <= b < 1,0,0.1526,0.84,0.4352,753.992,590.294,707.471,exponencial,-163.698
E3,E3_056,Denmark,60,0.9051,0.5 <= b < 1,0,0.2941,0.7019,0.306,820.39,901.041,760.915,lineal,-59.475
E3,E3_057,Djibouti,60,0.8701,0.5 <= b < 1,0,0.4855,0.6934,0.314,760.923,675.026,738.024,exponencial,-85.897
E3,E3_058,Dominica,60,0.0931,b < 0.5,0,0.1316,0.8814,0.0564,237.104,143.008,154.338,exponencial,-94.096
E3,E3_059,Dominican Republic,60,1.0606,1.0 <= b < 1.5,1,0.4787,0.579,0.2924,856.2,914.121,807.078,lineal,-49.122
E3,E3_060,East Timor,60,0.111,b < 0.5,0,0.198,0.9451,0.147,373.086,348.136,351.08,exponencial,-24.95
E3,E3_061,Ecuador,60,1.4428,1.0 <= b < 1.5,1,0.4246,0.6323,0.4373,1010.03,1103.059,983.134,lineal,-26.895
E3,E3_062,Egypt,60,1.4308,1.0 <= b < 1.5,1,0.2994,0.7022,0.4778,864.046,835.228,831.448,lineal,-32.597
E3,E3_063,El Salvador,60,1.0826,1.0 <= b < 1.5,1,0.1692,0.8068,0.47,744.625,666.819,686.566,exponencial,-77.807
E3,E3_064,Equatorial Guinea,60,0.7653,0.5 <= b < 1,0,0.2977,0.7049,0.2569,683.784,667.49,603.241,lineal,-80.543
E3,E3_065,Eritrea,60,0.2332,b < 0.5,0,0.7236,0.4733,0.0581,274.454,350.206,320.369,potencia,45.915
E3,E3_066,Estonia,60,1.295,1.0 <= b < 1.5,1,0.3409,0.7938,0.6647,927.654,997.374,892.234,lineal,-35.42
E3,E3_067,Eswatini,60,0.5811,0.5 <= b < 1,0,0.1905,0.8235,0.2586,557.978,421.325,500.795,exponencial,-136.653
E3,E3_068,Ethiopia,60,0.9955,0.5 <= b < 1,0,0.09,0.9142,0.6955,792.89,696.44,750.323,exponencial,-96.45
E3,E3_069,European Union (27),60,3.0186,b >= 1.5,1,0.4266,0.6169,0.871,1369.057,1620.762,1367.074,lineal,-1.983
E3,E3_070,Falkland Islands,60,0.0665,b < 0.5,0,0.2712,0.7704,0.0263,138.618,81.615,79.518,lineal,-59.099
E3,E3_071,Faroe Islands,60,0.197,b < 0.5,0,0.45,0.7702,0.0938,318.25,369.296,360.214,potencia,41.964
E3,E3_072,Fiji,60,0.9911,0.5 <= b < 1,0,0.0986,0.9053,0.6456,799.233,700.902,759.868,exponencial,-98.331
E3,E3_073,Finland,60,1.2887,1.0 <= b < 1.5,1,0.7574,0.5102,0.3411,721.421,904.083,674.135,lineal,-47.286
E3,E3_074,France,60,1.0984,1.0 <= b < 1.5,1,0.7511,0.5644,0.3327,886.598,1036.97,844.371,lineal,-42.228
E3,E3_075,French Guiana,60,0.8174,0.5 <= b < 1,0,0.0969,0.9211,0.5749,735.866,660.087,699.168,exponencial,-75.779
E3,E3_076,French Polynesia,60,0.8961,0.5 <= b < 1,0,0.3106,0.696,0.2969,688.506,640.285,636.417,lineal,-52.089
E3,E3_077,Gabon,60,1.2451,1.0 <= b < 1.5,1,0.2137,0.7599,0.482,746.412,788.241,685.175,lineal,-61.237
E3,E3_078,Gambia,60,1.2348,1.0 <= b < 1.5,1,0.3758,0.662,0.3887,698.201,833.453,664.601,lineal,-33.6
E3,E3_079,Georgia,60,0.528,0.5 <= b < 1,0,0.4778,0.5917,0.1486,446.753,545.556,458.703,potencia,11.95
E3,E3_080,Germany,60,2.4692,b >= 1.5,1,0.4378,0.6287,0.7255,1188.158,1419.962,1150.239,lineal,-37.918
E3,E3_081,Ghana,60,1.3155,1.0 <= b < 1.5,1,0.1999,0.782,0.5452,859.869,802.582,813.966,exponencial,-57.287
E3,E3_082,Gibraltar,60,0.1215,b < 0.5,0,0.4881,0.6899,0.0434,215.206,208.474,204.818,lineal,-10.388
E3,E3_083,Greece,60,0.6612,0.5 <= b < 1,0,0.5694,0.5703,0.1802,616.133,742.774,647.768,potencia,31.635
E3,E3_084,Greenland,60,0.4746,b < 0.5,0,0.418,0.6408,0.1453,440.349,428.862,392.268,lineal,-48.081
E3,E3_085,Grenada,60,0.0864,b < 0.5,0,0.573,0.6002,0.0251,143.304,203.009,195.823,potencia,52.519
E3,E3_086,Guadeloupe,60,0.0634,b < 0.5,0,0.7472,0.512,0.0178,112.332,152.309,147.455,potencia,35.123
E3,E3_087,Guam,60,0.0783,b < 0.5,0,0.1183,0.8816,0.0488,240.22,128.502,140.064,exponencial,-111.718
E3,E3_088,Guatemala,60,1.2113,1.0 <= b < 1.5,1,0.1675,0.8232,0.5455,860.048,692.765,819.326,exponencial,-167.283
E3,E3_089,Guernsey,60,0.2155,b < 0.5,0,0.4719,0.7588,0.1009,359.098,411.589,401.042,potencia,41.943
E3,E3_090,Guinea,60,1.1928,1.0 <= b < 1.5,1,0.3345,0.6722,0.3812,705.246,791.252,650.709,lineal,-54.538
E3,E3_091,Guinea-Bissau,60,0.5964,0.5 <= b < 1,0,0.753,0.5276,0.1628,538.38,666.78,586.179,potencia,47.799
E3,E3_092,Guyana,60,0.2672,b < 0.5,0,0.1317,0.8831,0.1553,411.346,308.039,342.535,exponencial,-103.307
E3,E3_093,Haiti,60,1.3519,1.0 <= b < 1.5,1,0.3359,0.6707,0.4298,774.751,898.797,729.328,lineal,-45.423
E3,E3_094,High-income countries,60,2.7157,b >= 1.5,1,0.1113,0.8753,1.5457,1426.324,1274.174,1388.245,exponencial,-152.15
E3,E3_095,Honduras,60,0.9051,0.5 <= b < 1,0,0.1223,0.8731,0.5006,820.451,666.51,768.37,exponencial,-153.941
E3,E3_096,Hungary,60,1.1372,1.0 <= b < 1.5,1,0.5647,0.5437,0.3001,656.526,814.782,629.37,lineal,-27.156
E3,E3_097,Iceland,60,0.7585,0.5 <= b < 1,0,0.5173,0.7025,0.2681,676.802,752.721,680.252,potencia,3.45
E3,E3_098,India,60,2.1582,b >= 1.5,1,0.2671,0.7199,0.7521,1116.602,1158.654,1089.623,lineal,-26.98
E3,E3_099,Indonesia,60,1.602,b >= 1.5,1,0.511,0.5608,0.4314,867.256,982.964,853.31,lineal,-13.946
E3,E3_100,Iran,60,1.6599,b >= 1.5,1,0.7826,0.4638,0.4168,1038.549,1251.294,1052.959,potencia,14.41
E3,E3_101,Iraq,60,1.0864,1.0 <= b < 1.5,1,0.3872,0.6412,0.3307,640.624,738.361,595.336,lineal,-45.288
E3,E3_102,Ireland,60,1.2588,1.0 <= b < 1.5,1,0.484,0.5904,0.3501,920.696,1070.356,895.127,lineal,-25.569
E3,E3_103,Isle of Man,60,0.3471,b < 0.5,0,0.5066,0.7103,0.1261,403.751,472.792,447.285,potencia,43.535
E3,E3_104,Israel,60,1.564,b >= 1.5,1,0.5504,0.6116,0.4506,933.661,1084.302,872.428,lineal,-61.233
E3,E3_105,Italy,60,1.8064,b >= 1.5,1,0.5318,0.5722,0.4904,1163.411,1375.222,1136.267,lineal,-27.144
E3,E3_106,Jamaica,60,0.4408,b < 0.5,0,0.6232,0.5986,0.1288,436.451,534.324,488.094,potencia,51.643
E3,E3_107,Japan,60,1.3289,1.0 <= b < 1.5,1,0.1644,0.8347,0.619,927.247,780.351,892.242,exponencial,-146.896
E3,E3_108,Jersey,60,0.2307,b < 0.5,0,0.5773,0.6316,0.0704,317.929,396.406,378.03,potencia,60.101
E3,E3_109,Jordan,60,0.2676,b < 0.5,0,0.4177,0.6875,0.089,438.798,406.768,401.142,lineal,-37.656
E3,E3_110,Kazakhstan,60,1.127,1.0 <= b < 1.5,1,0.2565,0.7301,0.4009,837.183,824.246,785.213,lineal,-51.969
E3,E3_111,Kenya,60,0.7876,0.5 <= b < 1,0,0.1747,0.8375,0.3657,686.897,566.09,646.017,exponencial,-120.807
E3,E3_112,Kiribati,60,0.6765,0.5 <= b < 1,0,0.472,0.7548,0.3006,756.667,810.853,755.331,lineal,-1.336
E3,E3_113,Kosovo,60,0.6991,0.5 <= b < 1,0,0.5572,0.5919,0.1965,513.77,636.983,542.266,potencia,28.496
E3,E3_114,Kuwait,60,1.3755,1.0 <= b < 1.5,1,0.1492,0.8366,0.6639,879.415,724.658,838.442,exponencial,-154.757
E3,E3_115,Kyrgyzstan,60,0.7538,0.5 <= b < 1,0,0.7207,0.4959,0.1917,967.784,1117.556,995.329,potencia,27.544
E3,E3_116,Laos,60,0.6085,0.5 <= b < 1,0,0.6576,0.616,0.1914,620.822,718.032,650.823,potencia,30.001
E3,E3_117,Latvia,60,0.649,0.5 <= b < 1,0,0.7492,0.5207,0.1743,472.587,609.818,515.715,potencia,43.128
E3,E3_118,Lebanon,60,0.4227,b < 0.5,0,0.7635,0.4912,0.1098,441.51,536.477,485.337,potencia,43.827
E3,E3_119,Lesotho,60,0.6161,0.5 <= b < 1,0,0.5963,0.5382,0.1664,503.011,598.697,495.185,lineal,-7.825
E3,E3_120,Liberia,60,0.4311,b < 0.5,0,0.1992,0.8437,0.2018,520.37,430.735,472.215,exponencial,-89.636
E3,E3_121,Libya,60,0.9284,0.5 <= b < 1,0,0.317,0.7099,0.3152,692.512,587.129,650.937,exponencial,-105.383
E3,E3_122,Liechtenstein,60,0.1431,b < 0.5,0,0.1552,0.977,0.1572,392.101,361.959,366.852,exponencial,-30.142
E3,E3_123,Lithuania,60,0.5837,0.5 <= b < 1,0,0.7141,0.5477,0.1616,545.104,664.366,590.357,potencia,45.253
E3,E3_124,Low-income countries,60,1.4308,1.0 <= b < 1.5,1,0.4149,0.6314,0.4257,942.914,900.901,922.857,exponencial,-42.013
E3,E3_125,Lower-middle-income countries,60,1.8158,b >= 1.5,1,0.6898,0.4855,0.4598,1160.479,1299.499,1172.299,potencia,11.82
E3,E3_126,Luxembourg,60,0.4424,b < 0.5,0,0.5382,0.7098,0.1715,691.117,758.623,723.851,potencia,32.733
E3,E3_127,Madagascar,60,0.6457,0.5 <= b < 1,0,0.0814,0.9298,0.5082,648.087,558.089,600.845,exponencial,-89.998
E3,E3_128,Malawi,60,0.8265,0.5 <= b < 1,0,0.153,0.8298,0.383,762.725,623.671,701.328,exponencial,-139.054
E3,E3_129,Malaysia,60,1.1041,1.0 <= b < 1.5,1,0.7164,0.543,0.303,761.351,908.661,735.849,lineal,-25.502
E3,E3_130,Maldives,60,0.8148,0.5 <= b < 1,0,0.7532,0.4653,0.2016,549.407,711.375,555.187,potencia,5.78
E3,E3_131,Mali,60,0.8665,0.5 <= b < 1,0,0.4652,0.5888,0.2424,577.878,607.569,518.373,lineal,-59.505
E3,E3_132,Malta,60,0.573,0.5 <= b < 1,0,0.3855,0.6716,0.1845,444.73,531.877,460.645,potencia,15.915
E3,E3_133,Marshall Islands,60,0.8703,0.5 <= b < 1,0,0.425,0.7894,0.5109,1013.703,1044.537,977.642,lineal,-36.061
E3,E3_134,Martinique,60,0.1087,b < 0.5,0,0.2576,0.7306,0.0386,222.664,154.758,132.196,lineal,-90.468
E3,E3_135,Mauritania,60,1.1544,1.0 <= b < 1.5,1,0.3429,0.6653,0.361,766.149,866.284,717.783,lineal,-48.366
E3,E3_136,Mauritius,60,0.3923,b < 0.5,0,0.4027,0.7841,0.1751,452.797,503.548,479.706,potencia,26.91
E3,E3_137,Mayotte,60,0.8506,0.5 <= b < 1,0,0.1363,0.8375,0.417,680.968,590.748,611.889,exponencial,-90.22
E3,E3_138,Mexico,60,1.74,b >= 1.5,1,0.3417,0.6738,0.5512,1080.424,1072.778,1055.157,lineal,-25.267
E3,E3_139,Micronesia (country),60,1.202,1.0 <= b < 1.5,1,0.4931,0.7525,0.6736,942.376,984.569,866.485,lineal,-75.891
E3,E3_140,Moldova,60,1.1221,1.0 <= b < 1.5,1,0.6473,0.496,0.282,715.708,860.395,688.353,lineal,-27.356
E3,E3_141,Monaco,60,0.2505,b < 0.5,0,0.4401,0.6186,0.0739,280.858,277.933,243.61,lineal,-37.248
E3,E3_142,Mongolia,60,0.1836,b < 0.5,0,0.3415,0.7051,0.069,284.103,298.166,278.428,lineal,-5.676
E3,E3_143,Montenegro,60,0.8603,0.5 <= b < 1,0,0.2097,0.799,0.3552,855.394,699.419,808.276,exponencial,-155.975
E3,E3_144,Montserrat,60,0.1399,b < 0.5,0,0.399,0.7534,0.0531,242.874,301.37,293.269,potencia,50.396
E3,E3_145,Morocco,60,1.0127,1.0 <= b < 1.5,1,0.456,0.5937,0.284,760.15,865.769,703.632,lineal,-56.518
E3,E3_146,Mozambique,60,0.7523,0.5 <= b < 1,0,0.2151,0.7612,0.2938,576.395,559.597,488.162,lineal,-88.233
E3,E3_147,Myanmar,60,0.2721,b < 0.5,0,0.425,0.6654,0.089,326.639,278.657,256.396,lineal,-70.243
E3,E3_148,Namibia,60,1.1794,1.0 <= b < 1.5,1,0.5003,0.5785,0.3275,776.008,770.333,752.576,lineal,-23.432
E3,E3_149,Nauru,60,0.7872,0.5 <= b < 1,0,0.4429,0.7761,0.3997,836.765,879.018,816.591,lineal,-20.175
E3,E3_150,Nepal,60,1.7131,b >= 1.5,1,0.2557,0.7287,0.6078,944.175,981.918,905.059,lineal,-39.116
E3,E3_151,Netherlands,60,1.6906,b >= 1.5,1,0.5534,0.5577,0.4511,973.75,1178.56,950.494,lineal,-23.256
E3,E3_152,New Caledonia,60,0.0222,b < 0.5,0,0.6221,0.6441,0.0084,5.088,45.779,44.644,potencia,39.556
E3,E3_153,New Zealand,60,0.2798,b < 0.5,0,0.4985,0.74,0.1211,552.994,610.402,594.09,potencia,41.096
E3,E3_154,Nicaragua,60,0.7154,0.5 <= b < 1,0,0.7388,0.5516,0.2054,616.862,737.156,641.934,potencia,25.073
E3,E3_155,Niger,60,0.5771,0.5 <= b < 1,0,0.6496,0.6539,0.2218,534.455,612.69,555.195,potencia,20.74
E3,E3_156,Nigeria,60,1.3288,1.0 <= b < 1.5,1,0.17,0.8012,0.5791,890.671,862.324,835.093,lineal,-55.577
E3,E3_157,Niue,60,0.6349,0.5 <= b < 1,0,0.1418,0.845,0.3236,564.36,407.265,499.763,exponencial,-157.095
E3,E3_158,North Macedonia,60,0.9058,0.5 <= b < 1,0,0.4886,0.5916,0.253,573.664,713.663,566.353,lineal,-7.311
E3,E3_159,Northern Mariana Islands,60,0.0692,b < 0.5,0,0.119,0.8628,0.0383,176.609,52.462,58.746,exponencial,-124.148
E3,E3_160,Norway,60,1.2447,1.0 <= b < 1.5,1,0.6785,0.5922,0.3726,832.593,957.673,781.292,lineal,-51.301
E3,E3_161,Oman,60,1.2628,1.0 <= b < 1.5,1,0.2553,0.7356,0.459,836.25,781.859,801.417,exponencial,-54.39
E3,E3_162,Pakistan,60,1.4182,1.0 <= b < 1.5,1,0.2986,0.7055,0.4764,1040.968,991.458,1008.704,exponencial,-49.51
E3,E3_163,Palau,60,1.2169,1.0 <= b < 1.5,1,0.5309,0.6494,0.3742,769.06,884.553,734.672,lineal,-34.389
E3,E3_164,Palestine,60,0.3592,b < 0.5,0,0.2201,0.8023,0.1677,505.617,453.193,446.32,lineal,-59.297
E3,E3_165,Panama,60,1.3874,1.0 <= b < 1.5,1,0.7514,0.4663,0.3432,723.579,940.514,731.329,potencia,7.749
E3,E3_166,Papua New Guinea,60,0.3703,b < 0.5,0,0.522,0.6193,0.1078,419.5,507.031,468.242,potencia,48.742
E3,E3_167,Paraguay,60,0.7415,0.5 <= b < 1,0,0.2125,0.7899,0.3225,588.968,598.066,533.315,lineal,-55.653
E3,E3_168,Peru,60,1.9399,b >= 1.5,1,0.2085,0.7664,0.7668,1161.841,1179.813,1124.084,lineal,-37.757
E3,E3_169,Philippines,60,1.6119,b >= 1.5,1,0.3992,0.6432,0.4905,802.626,987.503,778.697,lineal,-23.929
E3,E3_170,Poland,60,1.7237,b >= 1.5,1,0.5683,0.5393,0.4506,835.434,1044.827,835.62,potencia,0.187
E3,E3_171,Portugal,60,1.5254,b >= 1.5,1,0.6258,0.5477,0.4055,928.72,1117.177,877.697,lineal,-51.023
E3,E3_172,Puerto Rico,60,0.4911,b < 0.5,0,0.8278,0.4723,0.1276,483.292,610.048,540.419,potencia,57.127
E3,E3_173,Qatar,60,1.366,1.0 <= b < 1.5,1,0.121,0.8596,0.733,1015.284,858.476,966.059,exponencial,-156.808
E3,E3_174,Reunion,60,0.3451,b < 0.5,0,0.5261,0.7296,0.1591,456.853,509.955,488.876,potencia,32.022
E3,E3_175,Romania,60,1.6656,b >= 1.5,1,0.3846,0.6464,0.5098,855.821,1033.14,832.312,lineal,-23.509
E3,E3_176,Russia,60,2.3362,b >= 1.5,1,0.3309,0.6722,0.7398,1289.221,1386.447,1268.024,lineal,-21.197
E3,E3_177,Rwanda,60,0.4359,b < 0.5,0,0.206,0.7784,0.18,415.881,394.828,344.926,lineal,-70.955
E3,E3_178,Saint Barthelemy,60,0.2041,b < 0.5,0,0.2656,0.7524,0.0803,289.742,274.488,249.881,lineal,-39.861
E3,E3_179,Saint Helena,60,0.851,0.5 <= b < 1,0,0.4421,0.7804,0.4991,765.712,797.688,730.127,lineal,-35.585
E3,E3_180,Saint Kitts and Nevis,60,0.4479,b < 0.5,0,0.6695,0.5899,0.1322,437.246,536.489,489.828,potencia,52.582
E3,E3_181,Saint Lucia,60,0.3604,b < 0.5,0,0.5975,0.5526,0.0982,341.354,404.186,364.167,potencia,22.813
E3,E3_182,Saint Martin (French part),60,0.4518,b < 0.5,0,0.4174,0.6603,0.1434,431.334,388.505,356.822,lineal,-74.512
E3,E3_183,Saint Pierre and Miquelon,60,0.7739,0.5 <= b < 1,0,0.5615,0.5814,0.2129,531.715,653.068,550.003,potencia,18.287
E3,E3_184,Saint Vincent and the Grenadines,60,0.9326,0.5 <= b < 1,0,0.1133,0.8657,0.5434,667.831,575.187,597.089,exponencial,-92.644
E3,E3_185,Samoa,60,1.2938,1.0 <= b < 1.5,1,0.7527,0.4849,0.3333,804.073,960.344,806.094,potencia,2.021
E3,E3_186,San Marino,60,0.4649,b < 0.5,0,0.2367,0.7493,0.175,484.895,473.682,401.61,lineal,-83.286
E3,E3_187,Sao Tome and Principe,60,0.47,b < 0.5,0,0.2222,0.7748,0.2016,513.294,534.886,479.466,lineal,-33.828
E3,E3_188,Saudi Arabia,60,1.9204,b >= 1.5,1,0.3058,0.7009,0.64,1061.033,1044.087,1033.398,lineal,-27.635
E3,E3_189,Senegal,60,0.9664,0.5 <= b < 1,0,0.1253,0.8681,0.5271,770.441,624.891,716.592,exponencial,-145.55
E3,E3_190,Serbia,60,1.4613,1.0 <= b < 1.5,1,0.5132,0.5784,0.3996,829.481,999.438,802.836,lineal,-26.646
E3,E3_191,Seychelles,60,0.0897,b < 0.5,0,0.3554,0.7081,0.0336,167.309,163.041,153.847,lineal,-13.462
E3,E3_192,Sierra Leone,60,0.7468,0.5 <= b < 1,0,0.4788,0.5784,0.2058,545.965,619.621,477.062,lineal,-68.903
E3,E3_193,Singapore,60,1.4124,1.0 <= b < 1.5,1,0.1212,0.8827,0.8119,961.53,870.37,929.499,exponencial,-91.16
E3,E3_194,Sint Maarten (Dutch part),60,0.5529,0.5 <= b < 1,0,0.3542,0.6617,0.1732,444.117,515.352,423.197,lineal,-20.921
E3,E3_195,Slovakia,60,0.7816,0.5 <= b < 1,0,0.3589,0.6744,0.248,602.093,693.962,596.401,lineal,-5.691
E3,E3_196,Slovenia,60,0.6303,0.5 <= b < 1,0,0.507,0.6097,0.1801,560.569,674.297,592.072,potencia,31.503
E3,E3_197,Solomon Islands,60,1.184,1.0 <= b < 1.5,1,0.6639,0.5437,0.3177,772.724,951.919,741.963,lineal,-30.761
E3,E3_198,Somalia,60,0.9719,0.5 <= b < 1,0,0.6543,0.4913,0.2436,595.111,724.819,551.513,lineal,-43.598
E3,E3_199,South Africa,60,1.1976,1.0 <= b < 1.5,1,0.4936,0.6435,0.3804,916.052,812.065,893.731,exponencial,-103.987
E3,E3_200,South Korea,60,0.9453,0.5 <= b < 1,0,0.5405,0.7084,0.3668,902.925,977.254,875.245,lineal,-27.679
E3,E3_201,South Sudan,60,1.0135,1.0 <= b < 1.5,1,0.4862,0.6149,0.2918,620.703,763.298,616.131,lineal,-4.571
E3,E3_202,Spain,60,2.6125,b >= 1.5,1,0.4976,0.6144,0.7499,1267.716,1483.396,1188.798,lineal,-78.918
E3,E3_203,Sri Lanka,60,0.7847,0.5 <= b < 1,0,0.1576,0.8262,0.3699,616.908,556.209,545.363,lineal,-71.544
E3,E3_204,Sudan,60,1.2579,1.0 <= b < 1.5,1,0.4409,0.6021,0.3569,788.873,901.098,748.784,lineal,-40.09
E3,E3_205,Suriname,60,0.7717,0.5 <= b < 1,0,0.2055,0.7894,0.3126,687.601,539.743,630.726,exponencial,-147.859
E3,E3_206,Sweden,60,1.6018,b >= 1.5,1,0.557,0.5446,0.4271,926.236,1038.651,913.551,lineal,-12.686
E3,E3_207,Switzerland,60,1.5298,b >= 1.5,1,0.5625,0.6281,0.4558,1028.216,1158.974,963.647,lineal,-64.569
E3,E3_208,Syria,60,0.5148,0.5 <= b < 1,0,0.1313,0.8575,0.2772,532.904,381.792,462.021,exponencial,-151.112
E3,E3_209,Tajikistan,60,0.8202,0.5 <= b < 1,0,0.5859,0.5787,0.2273,723.332,862.297,741.331,potencia,17.999
E3,E3_210,Tanzania,60,0.409,b < 0.5,0,0.4016,0.7859,0.1828,508.286,559.103,533.816,potencia,25.529
E3,E3_211,Thailand,60,1.109,1.0 <= b < 1.5,1,0.5719,0.6551,0.3553,745.52,844.901,715.05,lineal,-30.47
E3,E3_212,Togo,60,0.5559,0.5 <= b < 1,0,0.4356,0.6225,0.1659,422.249,517.219,425.561,potencia,3.312
E3,E3_213,Tonga,60,1.446,1.0 <= b < 1.5,1,0.1716,0.8008,0.6337,881.551,883.467,824.947,lineal,-56.604
E3,E3_214,Trinidad and Tobago,60,0.0493,b < 0.5,0,0.4776,0.7384,0.0194,92.609,152.643,150.493,potencia,57.884
E3,E3_215,Tunisia,60,0.4479,b < 0.5,0,0.6809,0.5776,0.1301,511.832,609.576,562.454,potencia,50.622
E3,E3_216,Turkey,60,1.7368,b >= 1.5,1,0.6446,0.5443,0.4614,1163.731,1348.288,1102.353,lineal,-61.378
E3,E3_217,Turks and Caicos Islands,60,0.6508,0.5 <= b < 1,0,0.354,0.6641,0.2046,482.088,558.825,459.974,lineal,-22.113
E3,E3_218,Tuvalu,60,0.8946,0.5 <= b < 1,0,0.4515,0.7697,0.4257,787.832,835.592,760.139,lineal,-27.692
E3,E3_219,Uganda,60,0.5476,0.5 <= b < 1,0,0.7594,0.4908,0.1408,458.667,588.965,507.751,potencia,49.084
E3,E3_220,Ukraine,60,1.6867,b >= 1.5,1,0.4538,0.5931,0.4719,893.217,1029.901,875.714,lineal,-17.503
E3,E3_221,United Arab Emirates,60,1.718,b >= 1.5,1,0.3847,0.6349,0.5134,934.635,1051.787,916.532,lineal,-18.103
E3,E3_222,United Kingdom,60,2.1415,b >= 1.5,1,0.4653,0.5899,0.5959,1173.834,1366.133,1174.028,potencia,0.194
E3,E3_223,United States,60,2.7497,b >= 1.5,1,0.4677,0.5991,0.775,1382.424,1651.955,1399.777,potencia,17.352
E3,E3_224,United States Virgin Islands,60,0.7359,0.5 <= b < 1,0,0.2639,0.7407,0.2686,591.157,484.427,530.805,exponencial,-106.73
E3,E3_225,Upper-middle-income countries,60,2.2696,b >= 1.5,1,0.5146,0.6613,0.7085,1224.739,1362.799,1124.421,lineal,-100.318
E3,E3_226,Uruguay,60,0.3345,b < 0.5,0,0.5739,0.5496,0.0909,432.152,474.445,423.806,lineal,-8.346
E3,E3_227,Uzbekistan,60,0.9218,0.5 <= b < 1,0,0.389,0.6357,0.2746,888.004,929.321,818.082,lineal,-69.922
E3,E3_228,Vanuatu,60,1.1874,1.0 <= b < 1.5,1,0.6054,0.5779,0.3299,786.554,939.31,759.232,lineal,-27.322
E3,E3_229,Venezuela,60,0.5644,0.5 <= b < 1,0,0.1878,0.8635,0.3036,595.671,532.181,562.574,exponencial,-63.49
E3,E3_230,Vietnam,60,0.1791,b < 0.5,0,0.6178,0.6375,0.0616,322.413,355.218,346.957,potencia,24.544
E3,E3_231,Wallis and Futuna,60,0.3114,b < 0.5,0,0.5561,0.6913,0.1127,426.213,497.032,474.62,potencia,48.406
E3,E3_232,Yemen,60,0.8417,0.5 <= b < 1,0,0.302,0.6938,0.2774,589.822,623.861,511.626,lineal,-78.196
E3,E3_233,Zambia,60,0.8885,0.5 <= b < 1,0,0.5101,0.6246,0.267,564.816,703.132,573.069,potencia,8.253
E3,E3_234,Zimbabwe,60,0.7284,0.5 <= b < 1,0,0.1861,0.8495,0.3473,720.328,628.64,685.514,exponencial,-91.688
B,B001,United Kingdom->France,119,-0.192,b < 0.5,0,0.1446,0.9115,0.2117,-238.907,-265.783,-267.139,lineal,-28.232
B,B002,Germany->United Kingdom,119,0.1947,b < 0.5,0,0.1778,0.8922,0.2037,-459.483,-535.824,-530.452,exponencial,-76.34
B,B003,Netherlands->United Kingdom,119,0.1472,b < 0.5,0,0.1906,0.8984,0.187,-460.138,-494.448,-492.693,exponencial,-34.31
B,B004,Belgium->United Kingdom,119,0.0942,b < 0.5,0,0.1442,0.9193,0.1535,-495.719,-533.215,-531.165,exponencial,-37.496
B,B005,Switzerland->United Kingdom,119,0.1522,b < 0.5,0,0.1387,0.9175,0.1369,-448.237,-522.771,-514.663,exponencial,-74.535
B,B006,Austria->United Kingdom,119,0.2022,b < 0.5,0,0.1229,0.9238,0.2748,-402.119,-498.491,-484.412,exponencial,-96.372
B,B007,Italy->United Kingdom,119,0.273,b < 0.5,0,0.0588,0.9478,0.2534,-445.562,-506.742,-513.927,lineal,-68.365
B,B008,Spain->United Kingdom,119,0.2569,b < 0.5,0,0.0382,0.9641,0.2896,-452.178,-573.889,-543.741,exponencial,-121.711
B,B009,United Kingdom->Portugal,119,-0.3425,b < 0.5,0,0.0427,0.9359,0.2789,-6.337,-171.057,-208.29,lineal,-201.952
B,B010,Ireland->United Kingdom,99,0.2628,b < 0.5,0,0.0185,0.9872,0.3262,-245.233,-345.25,-316.946,exponencial,-100.016
B,B011,Luxembourg->United Kingdom,69,0.1071,b < 0.5,0,0.2019,0.8153,0.079,-311.555,-370.712,-369.618,exponencial,-59.157
B,B012,Germany->France,119,0.0027,b < 0.5,0,0.4147,0.7945,0.1991,-327.733,-327.851,-328.883,lineal,-1.15
B,B013,Netherlands->France,119,-0.0447,b < 0.5,0,0.2882,0.8477,0.0861,-543.997,-548.277,-547.547,exponencial,-4.28
B,B014,Belgium->France,119,-0.0978,b < 0.5,0,0.2978,0.834,0.091,-517.846,-517.408,-514.423,potencia,0.437
B,B015,Switzerland->France,119,-0.0397,b < 0.5,0,0.1856,0.9095,0.1262,-388.159,-388.733,-388.91,lineal,-0.751
B,B016,Austria->France,119,0.0102,b < 0.5,0,0.3542,0.8237,0.1845,-413.376,-423.71,-423.677,exponencial,-10.334
B,B017,Italy->France,119,0.0811,b < 0.5,0,0.2367,0.8712,0.111,-574.642,-629.961,-626.577,exponencial,-55.32
B,B018,Spain->France,119,0.0649,b < 0.5,0,0.1418,0.9295,0.2116,-478.018,-512.764,-509.359,exponencial,-34.746
B,B019,France->Portugal,119,-0.1505,b < 0.5,0,0.1408,0.906,0.1937,-201.407,-277.069,-290.634,lineal,-89.227
B,B020,Ireland->France,99,0.1149,b < 0.5,0,0.0459,0.9893,0.3241,-235.472,-267.733,-265.57,exponencial,-32.261
B,B021,Luxembourg->France,69,0.0092,b < 0.5,0,0.0603,0.9503,0.1289,-243.424,-257.473,-256.637,exponencial,-14.05
B,B022,Germany->Netherlands,119,0.0475,b < 0.5,0,0.4674,0.762,0.1993,-371.937,-373.386,-374.554,lineal,-2.617
B,B023,Belgium->Germany,119,-0.1005,b < 0.5,0,0.3525,0.8168,0.1665,-373.998,-388.808,-389.709,lineal,-15.711
B,B024,Switzerland->Germany,119,-0.0425,b < 0.5,0,0.4118,0.7897,0.1671,-293.751,-299.946,-300.832,lineal,-7.081
B,B025,Austria->Germany,119,0.0075,b < 0.5,0,0.5477,0.7245,0.1344,-530.18,-542.329,-542.265,exponencial,-12.15
B,B026,Germany->Italy,119,-0.0783,b < 0.5,0,0.3879,0.8063,0.1778,-293.299,-299.694,-300.475,lineal,-7.175
B,B027,Germany->Spain,119,-0.0622,b < 0.5,0,0.2018,0.897,0.2177,-209.422,-221.993,-224.842,lineal,-15.42
B,B028,Germany->Portugal,119,-0.1478,b < 0.5,0,0.2397,0.8594,0.202,-185.715,-231.981,-236.443,lineal,-50.728
B,B029,Ireland->Germany,99,0.0814,b < 0.5,0,0.1052,0.9576,0.2972,-263.918,-289.303,-287.613,exponencial,-25.385
B,B030,Luxembourg->Germany,69,-0.0651,b < 0.5,0,0.0735,0.9221,0.1158,-247.863,-227.948,-228.316,potencia,19.547
B,B031,Belgium->Netherlands,119,-0.053,b < 0.5,0,0.5567,0.7223,0.0885,-545.861,-540.992,-541.062,potencia,4.8
B,B032,Switzerland->Netherlands,119,0.005,b < 0.5,0,0.4288,0.7856,0.1058,-453.342,-453.311,-453.677,lineal,-0.335
B,B033,Austria->Netherlands,119,0.055,b < 0.5,0,0.3202,0.8312,0.1972,-440.995,-464.192,-463.508,exponencial,-23.198
B,B034,Netherlands->Italy,119,-0.1258,b < 0.5,0,0.1292,0.9157,0.1465,-353.542,-412.25,-412.867,lineal,-59.324
B,B035,Spain->Netherlands,119,0.1097,b < 0.5,0,0.1759,0.8998,0.2068,-522.568,-578.225,-571.475,exponencial,-55.657
B,B036,Netherlands->Portugal,119,-0.1953,b < 0.5,0,0.145,0.888,0.2121,-130.959,-228.447,-239.293,lineal,-108.334
B,B037,Ireland->Netherlands,99,0.1647,b < 0.5,0,0.0945,0.9461,0.2699,-297.518,-344.241,-335.886,exponencial,-46.723
B,B038,Luxembourg->Netherlands,69,0.0051,b < 0.5,0,0.1419,0.9021,0.0824,-314.195,-320.357,-320.338,exponencial,-6.162
B,B039,Switzerland->Belgium,119,0.058,b < 0.5,0,0.2932,0.8565,0.0859,-517.21,-513.281,-513.774,potencia,3.437
B,B040,Austria->Belgium,119,0.108,b < 0.5,0,0.3106,0.8335,0.1841,-472.635,-529.886,-525.234,exponencial,-57.251
B,B041,Belgium->Italy,119,-0.1788,b < 0.5,0,0.1657,0.8912,0.1457,-345.149,-413.995,-411.832,exponencial,-68.846
B,B042,Belgium->Spain,119,-0.1627,b < 0.5,0,0.1044,0.932,0.1853,-239.074,-308.617,-326.1,lineal,-87.026
B,B043,Belgium->Portugal,119,-0.2483,b < 0.5,0,0.0943,0.8941,0.1797,-157.329,-352.427,-368.713,lineal,-211.383
B,B044,Ireland->Belgium,99,0.1844,b < 0.5,0,0.0274,0.9918,0.2706,-270.261,-328.821,-318.276,exponencial,-58.561
B,B045,Luxembourg->Belgium,69,0.0004,b < 0.5,0,0.1001,0.9393,0.0998,-278.176,-284.849,-284.653,exponencial,-6.673
B,B046,Switzerland->Austria,119,-0.05,b < 0.5,0,0.254,0.866,0.1968,-227.064,-241.741,-243.83,lineal,-16.766
B,B047,Switzerland->Italy,119,-0.1208,b < 0.5,0,0.0906,0.9447,0.1667,-268.931,-303.02,-303.826,lineal,-34.894
B,B048,Switzerland->Spain,119,-0.1047,b < 0.5,0,0.087,0.9458,0.2044,-159.169,-195.062,-203.156,lineal,-43.987
B,B049,Switzerland->Portugal,119,-0.1903,b < 0.5,0,0.0723,0.9227,0.1979,-108.103,-218.865,-231.752,lineal,-123.649
B,B050,Ireland->Switzerland,99,0.1278,b < 0.5,0,0.039,0.9865,0.2625,-346.758,-402.59,-394.169,exponencial,-55.832
B,B051,Luxembourg->Switzerland,69,0.0029,b < 0.5,0,0.1188,0.9198,0.0922,-322.888,-325.483,-325.625,lineal,-2.737
B,B052,Austria->Italy,119,-0.0708,b < 0.5,0,0.5617,0.7229,0.1189,-450.019,-433.779,-433.67,potencia,16.24
B,B053,Austria->Spain,119,-0.0547,b < 0.5,0,0.3467,0.8259,0.1657,-327.674,-332.019,-333.351,lineal,-5.677
B,B054,Austria->Portugal,119,-0.1403,b < 0.5,0,0.405,0.7741,0.1549,-291.751,-314.842,-312.82,exponencial,-23.091
B,B055,Ireland->Austria,99,0.0275,b < 0.5,0,0.1396,0.9478,0.28,-256.386,-264.374,-265.517,lineal,-9.131
B,B056,Luxembourg->Austria,69,-0.1147,b < 0.5,0,0.1199,0.9334,0.0936,-278.082,-226.839,-226.051,potencia,51.243
B,B057,Spain->Italy,119,-0.0162,b < 0.5,0,0.1445,0.9344,0.1635,-492.022,-492.299,-493.022,lineal,-1.0
B,B058,Italy->Portugal,119,-0.0694,b < 0.5,0,0.1864,0.8908,0.1375,-352.039,-385.95,-388.995,lineal,-36.956
B,B059,Ireland->Italy,99,0.0005,b < 0.5,0,0.0381,0.995,0.3064,-221.883,-230.453,-232.78,lineal,-10.897
B,B060,Luxembourg->Italy,69,-0.0855,b < 0.5,0,0.0606,0.9689,0.1219,-230.518,-200.927,-201.263,potencia,29.255
B,B061,Spain->Portugal,119,-0.0856,b < 0.5,0,0.2156,0.8649,0.1132,-447.736,-456.346,-454.081,exponencial,-8.61
B,B062,Ireland->Spain,99,0.0056,b < 0.5,0,0.0701,0.99,0.2077,-252.977,-255.224,-256.311,lineal,-3.334
B,B063,Luxembourg->Spain,69,-0.2223,b < 0.5,0,0.2118,0.8838,0.0767,-226.647,-170.581,-160.223,potencia,56.066
B,B064,Ireland->Portugal,99,-0.0774,b < 0.5,0,0.0475,0.995,0.2322,-201.637,-193.771,-195.31,potencia,6.327
B,B065,Luxembourg->Portugal,69,-0.1991,b < 0.5,0,0.1382,0.9189,0.097,-184.467,-136.531,-129.984,potencia,47.936
B,B066,Luxembourg->Ireland,69,-0.2421,b < 0.5,0,0.0453,0.9731,0.2081,-131.441,-207.222,-238.545,lineal,-107.104
B,B067,Norway->Sweden,119,0.1347,b < 0.5,0,0.0209,0.9891,0.2586,-267.182,-340.445,-328.453,exponencial,-73.262
B,B068,Denmark->Sweden,119,-0.1121,b < 0.5,0,0.1919,0.8812,0.078,-565.566,-525.21,-519.244,potencia,40.356
B,B069,Finland->Sweden,119,0.0767,b < 0.5,0,0.0934,0.9247,0.131,-549.577,-622.088,-616.164,exponencial,-72.511
B,B070,Iceland->Sweden,69,0.0834,b < 0.5,0,0.2515,0.8532,0.0832,-353.954,-343.094,-345.502,potencia,8.452
B,B071,Norway->Denmark,119,0.2468,b < 0.5,0,0.0443,0.9605,0.2332,-304.766,-424.981,-389.62,exponencial,-120.215
B,B072,Norway->Finland,119,0.058,b < 0.5,0,0.0512,0.9914,0.2008,-276.751,-301.746,-300.574,exponencial,-24.995
B,B073,Iceland->Norway,69,-0.1949,b < 0.5,0,0.0401,0.9629,0.2301,-227.778,-273.365,-294.088,lineal,-66.309
B,B074,Denmark->Finland,119,-0.1888,b < 0.5,0,0.1324,0.8647,0.1295,-331.853,-460.755,-450.883,exponencial,-128.903
B,B075,Iceland->Denmark,69,0.0556,b < 0.5,0,0.2949,0.848,0.0791,-364.716,-358.798,-359.577,potencia,5.139
B,B076,Iceland->Finland,69,-0.0412,b < 0.5,0,0.4625,0.7728,0.0603,-371.223,-372.19,-372.174,exponencial,-0.967
B,B077,Czechia->Poland,49,0.0201,b < 0.5,0,0.0863,0.9913,0.1105,-180.836,-180.25,-180.455,potencia,0.38
B,B078,Hungary->Poland,85,-0.0428,b < 0.5,0,0.385,0.7764,0.1068,-347.995,-357.373,-357.861,lineal,-9.866
B,B079,Romania->Poland,85,0.4294,b < 0.5,0,0.3298,0.7616,0.2299,-406.125,-422.025,-462.616,lineal,-56.491
B,B080,Bulgaria->Poland,83,0.0645,b < 0.5,0,0.1042,0.9607,0.1916,-293.788,-287.528,-288.325,potencia,5.463
B,B081,Russia->Poland,59,-0.0597,b < 0.5,0,0.1053,0.9393,0.1686,-191.12,-202.149,-203.545,lineal,-12.425
B,B082,Ukraine->Poland,40,-0.3648,b < 0.5,0,0.15,0.8637,0.2727,-111.09,-143.404,-142.357,exponencial,-32.314
B,B083,Slovakia->Poland,34,-0.1119,b < 0.5,0,0.4452,0.6626,0.064,-164.909,-193.294,-192.228,exponencial,-28.385
B,B084,Croatia->Poland,67,0.0815,b < 0.5,0,0.0547,0.9912,0.2129,-181.981,-177.28,-178.093,potencia,3.888
B,B085,Serbia->Poland,67,-0.0155,b < 0.5,0,0.0812,0.9537,0.3227,-174.725,-180.22,-183.31,lineal,-8.585
B,B086,Slovenia->Poland,67,0.0938,b < 0.5,0,0.0278,0.995,0.2475,-116.999,-111.683,-112.782,potencia,4.217
B,B087,Czechia->Hungary,49,0.0455,b < 0.5,0,0.2135,0.9142,0.0555,-252.897,-241.727,-242.145,potencia,10.751
B,B088,Czechia->Romania,49,-0.1326,b < 0.5,0,0.0827,0.965,0.1484,-112.818,-128.582,-133.217,lineal,-20.399
B,B089,Czechia->Bulgaria,49,0.1785,b < 0.5,0,0.1428,0.8867,0.1113,-168.095,-160.695,-167.289,potencia,0.806
B,B090,Czechia->Russia,49,0.1287,b < 0.5,0,0.0991,0.9437,0.1582,-145.706,-139.693,-141.413,potencia,4.293
B,B091,Czechia->Ukraine,40,0.3258,b < 0.5,0,0.1499,0.8903,0.2169,-54.564,-44.702,-51.941,potencia,2.624
B,B092,Czechia->Slovakia,34,0.0225,b < 0.5,0,0.3638,0.8317,0.0448,-195.479,-190.637,-190.683,potencia,4.797
B,B093,Czechia->Croatia,49,0.143,b < 0.5,0,0.1074,0.8987,0.1313,-187.816,-203.459,-204.897,lineal,-17.082
B,B094,Czechia->Serbia,49,0.2658,b < 0.5,0,0.1331,0.8906,0.2499,-75.256,-72.881,-79.276,lineal,-4.02
B,B095,Slovenia->Czechia,49,-0.1645,b < 0.5,0,0.0824,0.897,0.1375,-154.796,-207.955,-216.167,lineal,-61.37
B,B096,Hungary->Romania,96,-0.4798,b < 0.5,0,0.1446,0.8563,0.3349,115.454,-44.668,-46.305,lineal,-161.76
B,B097,Hungary->Bulgaria,92,-0.1383,b < 0.5,0,0.096,0.9447,0.1638,-269.633,-250.388,-248.227,potencia,19.245
B,B098,Russia->Hungary,59,-0.0178,b < 0.5,0,0.1034,0.9412,0.1425,-225.559,-229.53,-229.919,lineal,-4.36
B,B099,Hungary->Ukraine,40,0.3036,b < 0.5,0,0.1476,0.8814,0.2182,-78.92,-76.161,-82.215,lineal,-3.295
B,B100,Slovakia->Hungary,34,-0.0331,b < 0.5,0,0.3618,0.8026,0.0533,-189.409,-190.722,-190.614,exponencial,-1.313
B,B101,Croatia->Hungary,67,0.1026,b < 0.5,0,0.0502,0.9879,0.1623,-227.649,-216.676,-217.663,potencia,9.986
B,B102,Hungary->Serbia,67,-0.0056,b < 0.5,0,0.0846,0.9482,0.2812,-115.57,-122.919,-123.247,lineal,-7.677
B,B103,Slovenia->Hungary,67,0.1149,b < 0.5,0,0.0283,0.995,0.1976,-154.535,-144.355,-145.482,potencia,9.053
B,B104,Bulgaria->Romania,98,-0.3366,b < 0.5,0,0.1639,0.8824,0.339,-23.596,-126.598,-173.83,lineal,-150.234
B,B105,Russia->Romania,59,-0.3336,b < 0.5,0,0.1914,0.8181,0.142,-110.412,-206.594,-175.59,exponencial,-96.181
B,B106,Ukraine->Romania,40,-0.4408,b < 0.5,0,0.1442,0.8768,0.2514,-77.019,-124.804,-123.22,exponencial,-47.785
B,B107,Slovakia->Romania,34,-0.1618,b < 0.5,0,0.1436,0.8553,0.1406,-87.959,-118.884,-123.483,lineal,-35.525
B,B108,Croatia->Romania,67,-0.2735,b < 0.5,0,0.0656,0.9268,0.2329,-77.627,-169.334,-209.644,lineal,-132.017
B,B109,Serbia->Romania,67,-0.3705,b < 0.5,0,0.0793,0.9144,0.3273,-66.243,-147.857,-184.42,lineal,-118.177
B,B110,Slovenia->Romania,67,-0.2611,b < 0.5,0,0.0548,0.9558,0.274,-19.473,-84.704,-123.749,lineal,-104.276
B,B111,Russia->Bulgaria,59,0.0552,b < 0.5,0,0.2577,0.8566,0.0896,-252.49,-266.677,-265.972,exponencial,-14.187
B,B112,Ukraine->Bulgaria,40,-0.1682,b < 0.5,0,0.1996,0.8847,0.1638,-157.299,-171.38,-171.417,lineal,-14.118
B,B113,Slovakia->Bulgaria,34,0.0858,b < 0.5,0,0.3185,0.8495,0.0704,-148.343,-136.826,-137.82,potencia,10.523
B,B114,Croatia->Bulgaria,67,0.1153,b < 0.5,0,0.2522,0.8906,0.0935,-275.926,-257.724,-260.793,potencia,15.132
B,B115,Serbia->Bulgaria,67,0.0183,b < 0.5,0,0.2189,0.885,0.1602,-259.971,-260.545,-261.06,lineal,-1.088
B,B116,Slovenia->Bulgaria,67,0.1276,b < 0.5,0,0.1077,0.9756,0.129,-179.579,-162.335,-165.04,potencia,14.539
B,B117,Russia->Ukraine,40,0.2199,b < 0.5,0,0.1208,0.8851,0.1489,-107.246,-157.295,-149.171,exponencial,-50.049
B,B118,Slovakia->Russia,34,0.0288,b < 0.5,0,0.1533,0.9201,0.1576,-108.652,-108.341,-108.572,potencia,0.08
B,B119,Russia->Croatia,59,-0.0257,b < 0.5,0,0.1462,0.9364,0.1404,-230.815,-229.93,-230.291,potencia,0.524
B,B120,Russia->Serbia,59,0.0924,b < 0.5,0,0.1882,0.8886,0.1667,-163.107,-190.664,-187.861,exponencial,-27.557
B,B121,Slovenia->Russia,59,0.0239,b < 0.5,0,0.068,0.9794,0.1954,-135.666,-134.297,-135.108,potencia,0.558
B,B122,Slovakia->Ukraine,34,0.2701,b < 0.5,0,0.2196,0.8708,0.1969,-57.327,-48.683,-52.208,potencia,5.119
B,B123,Croatia->Ukraine,40,0.1611,b < 0.5,0,0.207,0.8952,0.1931,-79.416,-77.543,-79.288,potencia,0.127
B,B124,Ukraine->Serbia,40,-0.0359,b < 0.5,0,0.4318,0.7953,0.1536,-146.219,-149.255,-149.724,lineal,-3.505
B,B125,Slovenia->Ukraine,40,0.1311,b < 0.5,0,0.1509,0.9246,0.2206,-28.748,-25.232,-26.413,potencia,2.335
B,B126,Slovakia->Croatia,34,0.1029,b < 0.5,0,0.2137,0.896,0.0706,-170.553,-165.866,-166.162,potencia,4.39
B,B127,Slovakia->Serbia,34,0.2054,b < 0.5,0,0.3116,0.8484,0.1682,-75.324,-64.033,-66.783,potencia,8.541
B,B128,Slovenia->Slovakia,34,-0.1454,b < 0.5,0,0.1193,0.923,0.0919,-137.562,-168.219,-174.172,lineal,-36.61
B,B129,Croatia->Serbia,67,0.097,b < 0.5,0,0.1769,0.8967,0.1544,-182.018,-194.273,-194.713,lineal,-12.695
B,B130,Slovenia->Croatia,67,0.0124,b < 0.5,0,0.1878,0.9172,0.0763,-285.901,-284.214,-284.335,potencia,1.567
B,B131,Slovenia->Serbia,67,0.1094,b < 0.5,0,0.1923,0.8949,0.1913,-92.306,-94.448,-95.937,lineal,-3.631
B,B132,Greece->Italy,119,0.0004,b < 0.5,0,0.3998,0.7994,0.1634,-534.429,-534.234,-535.226,lineal,-0.797
B,B133,Turkey->Italy,98,0.073,b < 0.5,0,0.1757,0.9174,0.2019,-492.497,-497.296,-497.247,exponencial,-4.799
B,B134,Cyprus->Italy,69,0.1828,b < 0.5,0,0.1083,0.8969,0.2049,-306.049,-384.375,-369.584,exponencial,-78.326
B,B135,Malta->Italy,69,0.391,b < 0.5,0,0.0547,0.9149,0.286,-296.623,-417.409,-380.659,exponencial,-120.786
B,B136,Greece->Spain,119,0.0166,b < 0.5,0,0.3629,0.8194,0.2008,-403.971,-404.072,-405.461,lineal,-1.49
B,B137,Spain->Turkey,98,-0.0684,b < 0.5,0,0.2744,0.8581,0.1912,-178.425,-164.254,-165.789,potencia,12.636
B,B138,Cyprus->Spain,69,0.046,b < 0.5,0,0.2439,0.8538,0.1335,-328.041,-348.84,-347.884,exponencial,-20.799
B,B139,Malta->Spain,69,0.2542,b < 0.5,0,0.0762,0.9175,0.2082,-302.254,-352.604,-351.299,exponencial,-50.35
B,B140,Greece->Portugal,119,-0.069,b < 0.5,0,0.3297,0.8194,0.1954,-365.091,-379.593,-381.148,lineal,-16.057
B,B141,Turkey->Portugal,98,-0.0126,b < 0.5,0,0.3136,0.8422,0.1649,-445.021,-445.511,-446.093,lineal,-1.072
B,B142,Cyprus->Portugal,69,0.0693,b < 0.5,0,0.1557,0.9061,0.1472,-287.892,-320.29,-317.264,exponencial,-32.398
B,B143,Malta->Portugal,69,0.2775,b < 0.5,0,0.0661,0.9297,0.2164,-275.241,-363.481,-346.823,exponencial,-88.24
B,B144,Greece->Turkey,98,-0.0854,b < 0.5,0,0.2311,0.8494,0.2339,-167.467,-162.379,-163.947,potencia,3.519
B,B145,Cyprus->Greece,69,0.09,b < 0.5,0,0.0967,0.9315,0.2105,-243.127,-280.02,-275.68,exponencial,-36.893
B,B146,Malta->Greece,69,0.2982,b < 0.5,0,0.0469,0.9431,0.2848,-229.113,-299.733,-284.689,exponencial,-70.62
B,B147,Cyprus->Turkey,69,0.109,b < 0.5,0,0.3161,0.8205,0.1429,-209.398,-204.785,-207.212,potencia,2.186
B,B148,Malta->Turkey,69,0.3172,b < 0.5,0,0.1292,0.8571,0.1868,-219.348,-198.909,-221.066,lineal,-1.718
B,B149,Cyprus->Malta,69,-0.2082,b < 0.5,0,0.214,0.8725,0.1632,-190.812,-220.157,-216.465,exponencial,-29.345
B,B150,Canada->United States,119,0.1064,b < 0.5,0,0.3244,0.8176,0.0682,-721.21,-719.53,-727.978,lineal,-6.769
B,B151,United States->Mexico,119,-0.0933,b < 0.5,0,0.1835,0.8898,0.1147,-168.636,-212.648,-214.596,lineal,-45.96
B,B152,Canada->Mexico,119,0.0132,b < 0.5,0,0.273,0.8624,0.111,-253.227,-253.043,-253.512,lineal,-0.285
B,B153,Guatemala->Mexico,99,-0.2729,b < 0.5,0,0.0897,0.8993,0.2616,-252.916,-331.553,-338.094,lineal,-85.179
B,B154,Mexico->Honduras,99,0.3827,b < 0.5,0,0.1167,0.8551,0.2007,-205.621,-196.756,-267.728,lineal,-62.107
B,B155,Costa Rica->Mexico,99,-0.1045,b < 0.5,0,0.3947,0.7733,0.0993,-459.799,-491.394,-488.055,exponencial,-31.595
B,B156,Panama->Mexico,113,-0.1223,b < 0.5,0,0.0803,0.982,0.1969,-366.916,-351.37,-350.436,potencia,15.546
B,B157,Cuba->Mexico,117,-0.3085,b < 0.5,0,0.0906,0.9168,0.2459,-388.559,-556.716,-554.134,exponencial,-168.157
B,B158,El Salvador->Mexico,99,-0.1363,b < 0.5,0,0.1328,0.9107,0.1835,-454.151,-494.729,-493.891,exponencial,-40.578
B,B159,Nicaragua->Mexico,99,-0.4135,b < 0.5,0,0.0633,0.9296,0.3792,-259.983,-388.353,-425.554,lineal,-165.571
B,B160,Dominican Republic->Mexico,69,0.1205,b < 0.5,0,0.0483,0.995,0.2454,-267.879,-310.164,-302.908,exponencial,-42.285
B,B161,Guatemala->Honduras,99,0.1098,b < 0.5,0,0.2132,0.8994,0.1683,-235.775,-221.948,-224.442,potencia,11.333
B,B162,Costa Rica->Guatemala,99,0.1684,b < 0.5,0,0.1681,0.8779,0.2118,-274.176,-377.157,-356.975,exponencial,-102.981
B,B163,Panama->Guatemala,99,0.2214,b < 0.5,0,0.0741,0.9543,0.3251,-135.976,-221.75,-199.462,exponencial,-85.774
B,B164,Guatemala->Cuba,99,0.0322,b < 0.5,0,0.1455,0.9328,0.2196,-233.773,-233.461,-234.631,lineal,-0.858
B,B165,Guatemala->El Salvador,99,-0.1366,b < 0.5,0,0.1685,0.8998,0.2214,-207.379,-235.95,-239.761,lineal,-32.383
B,B166,Guatemala->Nicaragua,99,0.1406,b < 0.5,0,0.1597,0.9187,0.2745,-165.365,-172.27,-173.517,lineal,-8.153
B,B167,Dominican Republic->Guatemala,69,0.3464,b < 0.5,0,0.0321,0.9836,0.315,-143.297,-235.487,-200.213,exponencial,-92.19
B,B168,Costa Rica->Honduras,99,0.2782,b < 0.5,0,0.23,0.8051,0.1449,-283.945,-305.701,-345.634,lineal,-61.689
B,B169,Panama->Honduras,99,0.3313,b < 0.5,0,0.0832,0.9302,0.2474,-105.254,-237.591,-188.358,exponencial,-132.337
B,B170,Cuba->Honduras,99,0.0776,b < 0.5,0,0.2355,0.8769,0.1654,-314.517,-317.02,-317.962,lineal,-3.445
B,B171,El Salvador->Honduras,99,0.2464,b < 0.5,0,0.2627,0.8307,0.1528,-345.02,-341.756,-350.448,lineal,-5.428
B,B172,Nicaragua->Honduras,99,-0.0307,b < 0.5,0,0.097,0.9493,0.2886,-198.334,-205.365,-208.738,lineal,-10.404
B,B173,Dominican Republic->Honduras,69,0.3454,b < 0.5,0,0.0652,0.9509,0.2433,-113.834,-227.584,-179.666,exponencial,-113.75
B,B174,Costa Rica->Panama,99,-0.053,b < 0.5,0,0.127,0.956,0.1835,-329.846,-346.095,-350.513,lineal,-20.668
B,B175,Costa Rica->Cuba,99,0.2006,b < 0.5,0,0.2341,0.8662,0.1855,-203.976,-210.42,-214.717,lineal,-10.741
B,B176,Costa Rica->El Salvador,99,0.0318,b < 0.5,0,0.2289,0.8786,0.1306,-291.939,-298.626,-299.086,lineal,-7.147
B,B177,Costa Rica->Nicaragua,99,0.309,b < 0.5,0,0.0864,0.9293,0.3346,-72.04,-135.342,-127.883,exponencial,-63.302
B,B178,Costa Rica->Dominican Republic,69,-0.1744,b < 0.5,0,0.0634,0.9651,0.2322,-120.416,-165.684,-185.233,lineal,-64.817
B,B179,Panama->Cuba,113,0.1925,b < 0.5,0,0.079,0.9555,0.2807,-158.519,-230.209,-217.168,exponencial,-71.691
B,B180,Panama->El Salvador,99,0.0849,b < 0.5,0,0.0953,0.9564,0.236,-185.224,-220.345,-216.653,exponencial,-35.12
B,B181,Panama->Nicaragua,99,0.362,b < 0.5,0,0.0423,0.9647,0.4542,-7.068,-111.297,-83.635,exponencial,-104.229
B,B182,Panama->Dominican Republic,69,0.0006,b < 0.5,0,0.1758,0.9182,0.1406,-193.345,-198.343,-199.075,lineal,-5.73
B,B183,El Salvador->Cuba,99,0.1688,b < 0.5,0,0.22,0.8854,0.1878,-325.14,-323.475,-326.165,lineal,-1.025
B,B184,Cuba->Nicaragua,99,0.1084,b < 0.5,0,0.1171,0.9334,0.2833,-217.408,-252.716,-249.741,exponencial,-35.309
B,B185,Dominican Republic->Cuba,69,0.3336,b < 0.5,0,0.0883,0.9279,0.2616,-165.441,-223.203,-213.972,exponencial,-57.762
B,B186,El Salvador->Nicaragua,99,0.2771,b < 0.5,0,0.1043,0.9235,0.2814,-205.879,-279.113,-264.726,exponencial,-73.235
B,B187,Dominican Republic->El Salvador,69,0.2657,b < 0.5,0,0.0833,0.9313,0.1919,-222.484,-320.006,-294.698,exponencial,-97.522
B,B188,Dominican Republic->Nicaragua,69,0.5657,0.5 <= b < 1,0,0.0552,0.9156,0.4142,-88.153,-187.513,-172.965,exponencial,-99.359
B,B189,Argentina->Brazil,119,-0.4744,b < 0.5,0,0.055,0.9153,0.3063,109.791,-195.068,-212.733,lineal,-322.524
B,B190,Chile->Brazil,119,-0.3934,b < 0.5,0,0.0938,0.9076,0.2806,-17.151,-212.361,-187.911,exponencial,-195.21
B,B191,Uruguay->Brazil,119,-0.4215,b < 0.5,0,0.0855,0.903,0.2886,9.943,-208.265,-209.352,lineal,-219.295
B,B192,Paraguay->Brazil,80,-0.348,b < 0.5,0,0.2335,0.8749,0.1227,-338.785,-260.417,-248.775,potencia,78.368
B,B193,Brazil->Bolivia,119,0.4917,b < 0.5,0,0.0282,0.9417,0.3775,-174.113,-327.293,-303.024,exponencial,-153.18
B,B194,Brazil->Peru,119,0.2576,b < 0.5,0,0.0287,0.954,0.3446,-264.873,-364.843,-348.009,exponencial,-99.969
B,B195,Colombia->Brazil,119,-0.1301,b < 0.5,0,0.03,0.971,0.2375,-272.867,-325.686,-337.274,lineal,-64.407
B,B196,Venezuela->Brazil,119,-0.0188,b < 0.5,0,0.0347,0.995,0.3844,-18.6,-21.935,-28.317,lineal,-9.717
B,B197,Ecuador->Brazil,119,-0.2022,b < 0.5,0,0.0599,0.9296,0.1852,-354.124,-500.342,-530.916,lineal,-176.792
B,B198,Argentina->Chile,119,-0.081,b < 0.5,0,0.2034,0.9023,0.1773,-351.873,-373.554,-379.089,lineal,-27.216
B,B199,Argentina->Uruguay,119,-0.0528,b < 0.5,0,0.3567,0.8292,0.1251,-435.026,-450.096,-451.292,lineal,-16.266
B,B200,Argentina->Paraguay,80,-0.0598,b < 0.5,0,0.1152,0.9288,0.2118,-67.469,-86.075,-88.664,lineal,-21.195
B,B201,Argentina->Bolivia,119,0.0173,b < 0.5,0,0.2283,0.888,0.1207,-235.602,-248.502,-248.375,exponencial,-12.9
B,B202,Argentina->Peru,119,-0.2167,b < 0.5,0,0.2057,0.8946,0.1304,-263.981,-195.205,-185.871,potencia,68.776
B,B203,Argentina->Colombia,119,-0.3442,b < 0.5,0,0.1726,0.8212,0.1491,-114.619,-200.275,-166.044,exponencial,-85.656
B,B204,Argentina->Venezuela,119,-0.4555,b < 0.5,0,0.0725,0.9367,0.3324,-63.625,-152.153,-133.563,exponencial,-88.528
B,B205,Argentina->Ecuador,119,-0.2721,b < 0.5,0,0.1616,0.8607,0.1492,-150.945,-310.466,-281.918,exponencial,-159.52
B,B206,Uruguay->Chile,119,-0.0282,b < 0.5,0,0.385,0.8055,0.1445,-451.551,-458.666,-459.995,lineal,-8.444
B,B207,Chile->Paraguay,80,0.0475,b < 0.5,0,0.0927,0.9513,0.1979,-122.487,-120.446,-121.219,potencia,1.268
B,B208,Chile->Bolivia,119,0.0983,b < 0.5,0,0.0985,0.9455,0.2218,-124.107,-179.38,-172.678,exponencial,-55.273
B,B209,Chile->Peru,119,-0.1357,b < 0.5,0,0.0938,0.954,0.2439,-187.362,-156.411,-157.463,potencia,29.9
B,B210,Chile->Colombia,119,-0.2632,b < 0.5,0,0.2188,0.8586,0.1716,-219.564,-197.864,-185.756,potencia,21.701
B,B211,Venezuela->Chile,119,0.3746,b < 0.5,0,0.0585,0.979,0.4151,-167.469,-138.247,-157.329,potencia,10.139
B,B212,Chile->Ecuador,119,-0.1912,b < 0.5,0,0.1918,0.8928,0.182,-235.613,-236.156,-227.052,exponencial,-0.544
B,B213,Uruguay->Paraguay,80,-0.0145,b < 0.5,0,0.092,0.9392,0.1914,-110.725,-119.873,-121.048,lineal,-10.323
B,B214,Uruguay->Bolivia,119,0.0702,b < 0.5,0,0.1698,0.9113,0.1686,-206.46,-244.834,-241.939,exponencial,-38.374
B,B215,Uruguay->Peru,119,-0.1639,b < 0.5,0,0.1659,0.9163,0.1782,-256.809,-204.139,-202.624,potencia,52.671
B,B216,Uruguay->Colombia,119,-0.2914,b < 0.5,0,0.3121,0.7592,0.133,-222.484,-233.546,-214.082,exponencial,-11.062
B,B217,Uruguay->Venezuela,119,-0.4027,b < 0.5,0,0.089,0.9535,0.3435,-155.268,-197.697,-184.577,exponencial,-42.429
B,B218,Uruguay->Ecuador,119,-0.2193,b < 0.5,0,0.2893,0.8145,0.142,-250.099,-300.152,-286.266,exponencial,-50.052
B,B219,Paraguay->Bolivia,80,0.1585,b < 0.5,0,0.1036,0.8856,0.1882,-256.882,-291.219,-292.257,lineal,-35.375
B,B220,Paraguay->Peru,80,0.0248,b < 0.5,0,0.0536,0.9604,0.2657,-265.508,-274.793,-275.445,lineal,-9.937
B,B221,Paraguay->Colombia,80,-0.0899,b < 0.5,0,0.1963,0.9091,0.1012,-421.996,-390.185,-389.984,potencia,31.81
B,B222,Venezuela->Paraguay,80,0.0163,b < 0.5,0,0.0545,0.995,0.3872,43.707,33.339,28.475,lineal,-15.233
B,B223,Paraguay->Ecuador,80,-0.1335,b < 0.5,0,0.133,0.9413,0.1501,-328.949,-282.815,-283.67,potencia,45.279
B,B224,Bolivia->Peru,119,-0.2341,b < 0.5,0,0.1222,0.9231,0.1424,-518.583,-523.981,-507.623,exponencial,-5.398
B,B225,Colombia->Bolivia,119,0.3616,b < 0.5,0,0.0853,0.8756,0.1793,-335.338,-427.857,-448.656,lineal,-113.317
B,B226,Venezuela->Bolivia,119,0.4729,b < 0.5,0,0.0561,0.9506,0.3652,-16.724,33.65,-10.687,potencia,6.038
B,B227,Ecuador->Bolivia,119,0.2895,b < 0.5,0,0.0502,0.9358,0.2116,-335.706,-437.216,-440.28,lineal,-104.573
B,B228,Colombia->Peru,119,0.1275,b < 0.5,0,0.0739,0.9311,0.1844,-376.184,-414.46,-412.307,exponencial,-38.275
B,B229,Venezuela->Peru,119,0.2388,b < 0.5,0,0.0715,0.9664,0.3034,-159.373,-142.6,-158.63,potencia,0.743
B,B230,Ecuador->Peru,119,0.0554,b < 0.5,0,0.078,0.9465,0.1922,-406.912,-440.65,-438.84,exponencial,-33.737
B,B231,Venezuela->Colombia,119,0.1113,b < 0.5,0,0.0419,0.995,0.3318,-94.279,-87.202,-91.349,potencia,2.93
B,B232,Ecuador->Colombia,119,-0.0721,b < 0.5,0,0.0924,0.9474,0.1122,-549.453,-529.022,-529.0,potencia,20.431
B,B233,Venezuela->Ecuador,119,0.1834,b < 0.5,0,0.0508,0.995,0.3082,-88.347,-70.399,-77.355,potencia,10.992
B,B234,Japan->China,82,0.2344,b < 0.5,0,0.0321,0.995,0.4564,187.84,197.208,192.019,potencia,4.18
B,B235,Japan->South Korea,106,-0.0593,b < 0.5,0,0.0296,0.995,0.4515,43.642,40.837,30.811,lineal,-12.832
B,B236,Japan->Taiwan,109,-0.0796,b < 0.5,0,0.0227,0.995,0.3754,-54.881,-59.852,-69.36,lineal,-14.479
B,B237,Japan->Mongolia,69,0.0575,b < 0.5,0,0.0146,0.995,0.5171,200.982,204.019,197.528,lineal,-3.454
B,B238,South Korea->China,81,0.3968,b < 0.5,0,0.0877,0.9343,0.315,-26.67,-13.42,-35.004,lineal,-8.334
B,B239,Taiwan->China,81,0.3717,b < 0.5,0,0.098,0.9392,0.254,-24.235,1.411,-21.404,potencia,2.831
B,B240,Mongolia->China,69,-0.0047,b < 0.5,0,0.1083,0.959,0.1859,-263.989,-263.996,-264.634,lineal,-0.645
B,B241,Taiwan->South Korea,99,0.0238,b < 0.5,0,0.4948,0.7539,0.1008,-403.929,-400.939,-401.252,potencia,2.677
B,B242,South Korea->Mongolia,69,0.4545,b < 0.5,0,0.0444,0.9781,0.3857,91.87,107.792,94.582,potencia,2.713
B,B243,Taiwan->Mongolia,69,0.3709,b < 0.5,0,0.0372,0.9908,0.3498,102.3,116.947,106.932,potencia,4.632
B,B244,Singapore->Malaysia,109,0.104,b < 0.5,0,0.0915,0.9385,0.3761,-78.187,-131.479,-123.222,exponencial,-53.292
B,B245,Singapore->Thailand,72,0.2535,b < 0.5,0,0.3002,0.8503,0.1735,-108.363,-157.861,-157.013,exponencial,-49.498
B,B246,Singapore->Indonesia,109,0.4364,b < 0.5,0,0.1085,0.906,0.3842,55.472,-91.94,-57.938,exponencial,-147.412
B,B247,Singapore->Philippines,107,0.5528,0.5 <= b < 1,0,0.0571,0.9372,0.6279,208.398,59.842,106.813,exponencial,-148.556
B,B248,Singapore->Vietnam,70,0.6638,0.5 <= b < 1,0,0.126,0.9154,0.3198,109.461,179.461,117.53,potencia,8.069
B,B249,Singapore->Cambodia,69,0.7069,0.5 <= b < 1,0,0.1267,0.8167,0.3813,175.178,199.005,129.81,lineal,-45.368
B,B250,Singapore->Myanmar,79,0.7403,0.5 <= b < 1,0,0.2063,0.8277,0.3649,208.287,253.06,200.171,lineal,-8.117
B,B251,Singapore->Laos,69,0.4874,b < 0.5,0,0.1611,0.8308,0.2622,125.139,174.102,136.534,potencia,11.395
B,B252,Thailand->Malaysia,72,0.0663,b < 0.5,0,1.0581,0.3167,0.1272,-339.919,-335.256,-336.346,potencia,3.572
B,B253,Malaysia->Indonesia,112,0.3271,b < 0.5,0,0.5056,0.7143,0.1447,-348.925,-293.865,-326.762,potencia,22.162
B,B254,Malaysia->Philippines,111,0.412,b < 0.5,0,0.1024,0.9033,0.3334,-94.709,-211.973,-173.206,exponencial,-117.264
B,B255,Malaysia->Vietnam,70,0.3562,b < 0.5,0,0.161,0.9296,0.2144,-38.639,-2.645,-23.544,potencia,15.095
B,B256,Malaysia->Cambodia,69,0.3972,b < 0.5,0,0.0968,0.8653,0.2746,29.384,10.567,-9.302,lineal,-38.686
B,B257,Malaysia->Myanmar,79,0.4957,b < 0.5,0,0.2767,0.8709,0.2279,33.069,65.928,42.078,potencia,9.009
B,B258,Malaysia->Laos,69,0.1778,b < 0.5,0,0.1005,0.9386,0.1677,-28.777,-12.382,-18.244,potencia,10.533
B,B259,Thailand->Indonesia,72,0.2186,b < 0.5,0,0.3284,0.7817,0.1239,-248.276,-216.166,-228.392,potencia,19.884
B,B260,Thailand->Philippines,72,0.4763,b < 0.5,0,0.1212,0.8414,0.3033,-118.658,-127.614,-152.304,lineal,-33.646
B,B261,Thailand->Vietnam,70,0.3931,b < 0.5,0,0.0649,0.9531,0.2562,-39.626,-8.016,-26.828,potencia,12.797
B,B262,Thailand->Cambodia,69,0.4639,b < 0.5,0,0.1034,0.8788,0.2665,-0.953,14.693,-12.796,lineal,-11.843
B,B263,Thailand->Myanmar,71,0.3577,b < 0.5,0,0.114,0.9543,0.2789,31.422,46.573,36.515,potencia,5.094
B,B264,Thailand->Laos,69,0.2445,b < 0.5,0,0.0655,0.9909,0.2164,-24.742,-5.215,-12.051,potencia,12.691
B,B265,Philippines->Indonesia,109,-0.1027,b < 0.5,0,0.0403,0.9737,0.2928,-241.069,-269.295,-284.28,lineal,-43.212
B,B266,Vietnam->Indonesia,70,-0.1999,b < 0.5,0,0.0766,0.9558,0.187,-300.5,-297.842,-293.861,potencia,2.658
B,B267,Indonesia->Cambodia,69,0.2737,b < 0.5,0,0.1222,0.8943,0.2206,-93.286,-120.959,-126.986,lineal,-33.701
B,B268,Indonesia->Myanmar,79,0.2514,b < 0.5,0,0.1573,0.9283,0.2098,-95.382,-80.153,-87.116,potencia,8.266
B,B269,Indonesia->Laos,69,0.0543,b < 0.5,0,0.1106,0.9679,0.1426,-144.981,-138.829,-139.321,potencia,5.66
B,B270,Philippines->Vietnam,70,-0.0664,b < 0.5,0,0.0422,0.9655,0.2781,-79.766,-91.664,-96.812,lineal,-17.047
B,B271,Philippines->Cambodia,69,-0.0063,b < 0.5,0,0.3147,0.837,0.1131,-162.77,-166.216,-166.572,lineal,-3.802
B,B272,Philippines->Myanmar,78,0.0208,b < 0.5,0,0.0793,0.959,0.2904,-72.244,-79.222,-82.644,lineal,-10.4
B,B273,Philippines->Laos,69,-0.2257,b < 0.5,0,0.0396,0.9481,0.2798,-39.833,-88.897,-112.858,lineal,-73.025
B,B274,Vietnam->Cambodia,69,0.0788,b < 0.5,0,0.0843,0.9557,0.2199,-164.693,-196.221,-192.352,exponencial,-31.528
B,B275,Vietnam->Myanmar,70,-0.0616,b < 0.5,0,0.2645,0.824,0.1594,-220.316,-217.614,-217.876,potencia,2.44
B,B276,Vietnam->Laos,69,-0.1406,b < 0.5,0,0.2168,0.8385,0.1114,-248.499,-272.806,-269.149,exponencial,-24.307
B,B277,Myanmar->Cambodia,69,0.161,b < 0.5,0,0.1788,0.9057,0.1725,-217.99,-268.822,-258.735,exponencial,-50.832
B,B278,Laos->Cambodia,69,0.2194,b < 0.5,0,0.102,0.9146,0.2312,-183.524,-269.633,-246.189,exponencial,-86.109
B,B279,Laos->Myanmar,69,0.0584,b < 0.5,0,0.1256,0.9053,0.1391,-265.646,-280.75,-280.682,exponencial,-15.104
B,B280,Pakistan->India,69,0.0446,b < 0.5,0,0.0685,0.995,0.1289,-270.802,-264.856,-265.271,potencia,5.531
B,B281,India->Bangladesh,69,0.1545,b < 0.5,0,0.2461,0.8657,0.0919,-253.605,-223.269,-230.791,potencia,22.814
B,B282,Sri Lanka->India,119,0.0173,b < 0.5,0,0.3927,0.7665,0.0748,-467.024,-482.414,-482.362,exponencial,-15.389
B,B283,India->Nepal,70,0.1811,b < 0.5,0,0.0856,0.9362,0.1451,-191.586,-285.887,-261.225,exponencial,-94.301
B,B284,India->Afghanistan,69,0.5213,0.5 <= b < 1,0,0.1125,0.8968,0.3822,2.745,-1.625,-13.197,lineal,-15.942
B,B285,Pakistan->Bangladesh,69,0.1991,b < 0.5,0,0.057,0.993,0.2048,-127.613,-109.001,-114.317,potencia,13.296
B,B286,Sri Lanka->Pakistan,69,-0.0387,b < 0.5,0,0.1027,0.9744,0.1156,-212.378,-205.664,-205.903,potencia,6.476
B,B287,Pakistan->Nepal,69,0.228,b < 0.5,0,0.1459,0.8009,0.1239,-245.062,-255.614,-279.579,lineal,-34.517
B,B288,Pakistan->Afghanistan,69,0.5659,0.5 <= b < 1,0,0.1075,0.8931,0.406,32.667,41.446,25.583,lineal,-7.083
B,B289,Sri Lanka->Bangladesh,69,0.1604,b < 0.5,0,0.1085,0.9392,0.1438,-108.037,-95.674,-101.794,potencia,6.243
B,B290,Bangladesh->Nepal,69,0.0288,b < 0.5,0,0.0506,0.995,0.1848,-223.469,-241.323,-240.321,exponencial,-17.854
B,B291,Bangladesh->Afghanistan,69,0.3668,b < 0.5,0,0.1086,0.9132,0.3667,-85.285,-104.192,-107.269,lineal,-21.983
B,B292,Sri Lanka->Nepal,70,0.1898,b < 0.5,0,0.0598,0.942,0.1705,-96.536,-200.496,-174.925,exponencial,-103.96
B,B293,Sri Lanka->Afghanistan,69,0.5272,0.5 <= b < 1,0,0.0953,0.9062,0.4272,109.916,107.095,95.232,lineal,-14.684
B,B294,Nepal->Afghanistan,69,0.3379,b < 0.5,0,0.13,0.9147,0.3436,-61.884,-60.04,-66.219,lineal,-4.335
B,B295,Israel->Turkey,69,-0.0515,b < 0.5,0,0.0879,0.9565,0.1913,-111.571,-130.259,-134.882,lineal,-23.311
B,B296,Israel->Iran,69,0.0483,b < 0.5,0,0.0966,0.9529,0.2423,-67.086,-64.702,-65.719,potencia,1.367
B,B297,Israel->Iraq,69,0.3498,b < 0.5,0,0.1154,0.9317,0.5178,144.651,148.211,141.818,lineal,-2.833
B,B298,Saudi Arabia->Israel,69,0.1447,b < 0.5,0,0.0786,0.963,0.2355,-184.626,-201.151,-199.465,exponencial,-16.525
B,B299,Israel->Egypt,69,-0.059,b < 0.5,0,0.0333,0.9713,0.2877,40.588,26.037,20.202,lineal,-20.386
B,B300,Israel->Jordan,69,0.165,b < 0.5,0,0.1797,0.9088,0.1838,-81.881,-68.06,-71.325,potencia,10.557
B,B301,Israel->Lebanon,69,0.4242,b < 0.5,0,0.2452,0.8601,0.4112,51.105,65.593,55.761,potencia,4.655
B,B302,Israel->Syria,69,0.4812,b < 0.5,0,0.0778,0.9665,0.383,86.915,38.627,56.045,exponencial,-48.288
B,B303,Israel->Yemen,69,0.2189,b < 0.5,0,0.1239,0.995,0.2065,76.9,66.28,68.615,exponencial,-10.621
B,B304,Iran->Turkey,70,-0.0834,b < 0.5,0,0.1393,0.9092,0.2503,-172.624,-182.153,-183.685,lineal,-11.061
B,B305,Turkey->Iraq,70,0.3799,b < 0.5,0,0.1056,0.9183,0.5535,30.46,30.204,22.439,lineal,-8.021
B,B306,Saudi Arabia->Turkey,70,0.1534,b < 0.5,0,0.2598,0.8033,0.2446,-74.962,-67.626,-69.684,potencia,5.279
B,B307,Turkey->Egypt,70,0.0333,b < 0.5,0,0.2503,0.7484,0.1536,-176.038,-179.001,-179.741,lineal,-3.703
B,B308,Jordan->Turkey,70,-0.2112,b < 0.5,0,0.2008,0.862,0.2005,-217.162,-255.658,-258.014,lineal,-40.853
B,B309,Lebanon->Turkey,70,-0.4608,b < 0.5,0,0.3303,0.7773,0.3697,-83.934,-140.785,-131.005,exponencial,-56.851
B,B310,Syria->Turkey,70,-0.515,b < 0.5,0,0.058,0.9621,0.5428,-51.869,-127.142,-211.121,lineal,-159.252
B,B311,Turkey->Yemen,69,0.2704,b < 0.5,0,0.0618,0.995,0.3059,33.172,0.385,7.188,exponencial,-32.787
B,B312,Iran->Iraq,70,0.2965,b < 0.5,0,0.19,0.8883,0.4261,-30.742,-30.023,-35.888,lineal,-5.146
B,B313,Saudi Arabia->Iran,70,0.2368,b < 0.5,0,0.4751,0.7175,0.1246,-164.334,-147.378,-153.734,potencia,10.6
B,B314,Iran->Egypt,70,-0.0501,b < 0.5,0,0.1515,0.855,0.3449,-22.349,-31.159,-34.043,lineal,-11.693
B,B315,Iran->Jordan,70,0.1278,b < 0.5,0,0.1269,0.9375,0.2857,-127.003,-124.92,-126.428,potencia,0.575
B,B316,Iran->Lebanon,70,0.3775,b < 0.5,0,0.3921,0.7816,0.3462,-82.81,-70.08,-78.369,potencia,4.441
B,B317,Iran->Syria,70,0.4316,b < 0.5,0,0.0483,0.9888,0.5506,23.255,-11.97,-7.922,exponencial,-35.225
B,B318,Iran->Yemen,69,0.1706,b < 0.5,0,0.0615,0.995,0.3659,32.168,21.456,20.7,lineal,-11.468
B,B319,Saudi Arabia->Iraq,70,0.5333,0.5 <= b < 1,0,0.2178,0.8865,0.4046,99.885,108.669,96.181,lineal,-3.704
B,B320,Iraq->Egypt,70,-0.3466,b < 0.5,0,0.1117,0.8828,0.6119,7.319,-30.455,-43.578,lineal,-50.897
B,B321,Jordan->Iraq,70,0.1688,b < 0.5,0,0.1236,0.9291,0.4644,-35.609,-36.565,-40.672,lineal,-5.063
B,B322,Lebanon->Iraq,70,-0.0809,b < 0.5,0,0.2678,0.8667,0.5137,-52.725,-51.844,-55.917,lineal,-3.192
B,B323,Syria->Iraq,70,-0.135,b < 0.5,0,0.0733,0.9929,0.7086,39.309,40.715,31.961,lineal,-7.347
B,B324,Iraq->Yemen,69,-0.1309,b < 0.5,0,0.0894,0.9753,0.6052,33.563,33.12,27.11,lineal,-6.453
B,B325,Saudi Arabia->Egypt,70,0.1867,b < 0.5,0,0.2596,0.7501,0.3418,68.766,70.845,67.255,lineal,-1.51
B,B326,Saudi Arabia->Jordan,70,0.3646,b < 0.5,0,0.1815,0.9048,0.2636,-34.58,-28.922,-32.617,potencia,1.962
B,B327,Saudi Arabia->Lebanon,70,0.6142,0.5 <= b < 1,0,0.3376,0.826,0.3515,31.483,56.758,35.858,potencia,4.375
B,B328,Saudi Arabia->Syria,70,0.6684,0.5 <= b < 1,0,0.0478,0.995,0.5417,177.673,136.282,148.632,exponencial,-41.392
B,B329,Saudi Arabia->Yemen,69,0.3636,b < 0.5,0,0.0605,0.995,0.3598,178.23,155.728,160.744,exponencial,-22.502
B,B330,Jordan->Egypt,70,-0.1779,b < 0.5,0,0.1766,0.791,0.2698,-99.195,-146.689,-159.092,lineal,-59.896
B,B331,Lebanon->Egypt,70,-0.4276,b < 0.5,0,0.3059,0.7344,0.4299,30.542,-26.549,-25.997,exponencial,-57.091
B,B332,Syria->Egypt,70,-0.4817,b < 0.5,0,0.0679,0.9287,0.6516,52.51,2.455,-68.234,lineal,-120.744
B,B333,Egypt->Yemen,69,0.2779,b < 0.5,0,0.038,0.995,0.3801,-21.299,-58.242,-51.425,exponencial,-36.943
B,B334,Lebanon->Jordan,70,-0.2497,b < 0.5,0,0.3146,0.8287,0.3843,-108.697,-108.647,-109.584,lineal,-0.887
B,B335,Syria->Jordan,70,-0.3038,b < 0.5,0,0.0559,0.9841,0.4613,-97.281,-123.77,-153.477,lineal,-56.196
B,B336,Jordan->Yemen,69,0.0539,b < 0.5,0,0.1064,0.995,0.279,-35.444,-41.167,-42.072,lineal,-6.628
B,B337,Lebanon->Syria,70,0.0541,b < 0.5,0,0.0997,0.9719,0.6906,7.158,-6.282,-15.599,lineal,-22.757
B,B338,Lebanon->Yemen,69,-0.2053,b < 0.5,0,0.1589,0.9362,0.5351,42.06,46.445,42.577,potencia,0.517
B,B339,Syria->Yemen,69,-0.2622,b < 0.5,0,0.1455,0.8775,0.2786,-44.246,-111.744,-140.534,lineal,-96.288
B,B340,Egypt->Morocco,70,0.2342,b < 0.5,0,0.404,0.5578,0.2052,-220.381,-282.436,-274.055,exponencial,-62.054
B,B341,Algeria->Egypt,70,-0.1119,b < 0.5,0,0.2245,0.7988,0.1685,-190.572,-221.608,-222.696,lineal,-32.123
B,B342,Tunisia->Egypt,70,-0.0477,b < 0.5,0,0.1905,0.8174,0.1536,-223.319,-246.868,-250.45,lineal,-27.131
B,B343,Egypt->Sudan,69,0.4554,b < 0.5,0,0.1012,0.8569,0.248,-105.798,-81.792,-120.11,lineal,-14.311
B,B344,Libya->Egypt,69,0.3334,b < 0.5,0,0.1886,0.911,0.49,-12.664,-7.053,-14.06,lineal,-1.396
B,B345,Algeria->Morocco,70,0.1223,b < 0.5,0,0.5045,0.6345,0.1489,-219.956,-237.152,-235.364,exponencial,-17.196
B,B346,Tunisia->Morocco,70,0.1865,b < 0.5,0,0.7142,0.4072,0.1082,-296.421,-280.2,-292.298,potencia,4.123
B,B347,Morocco->Sudan,69,0.1728,b < 0.5,0,0.1123,0.916,0.2087,-102.094,-94.063,-98.729,potencia,3.365
B,B348,Libya->Morocco,69,0.616,0.5 <= b < 1,0,0.2514,0.8746,0.4425,-26.26,-10.73,-25.058,potencia,1.202
B,B349,Algeria->Tunisia,70,-0.0643,b < 0.5,0,0.2311,0.8965,0.1365,-259.21,-253.41,-253.282,potencia,5.8
B,B350,Algeria->Sudan,69,0.3214,b < 0.5,0,0.3444,0.7464,0.1564,-125.82,-95.21,-119.7,potencia,6.12
B,B351,Libya->Algeria,69,0.4674,b < 0.5,0,0.2671,0.871,0.4331,-88.818,-73.368,-85.668,potencia,3.149
B,B352,Tunisia->Sudan,69,0.3805,b < 0.5,0,0.1451,0.8746,0.2219,-68.547,-32.187,-55.128,potencia,13.419
B,B353,Libya->Tunisia,69,0.4083,b < 0.5,0,0.2787,0.8622,0.4066,-74.583,-63.925,-71.592,potencia,2.991
B,B354,Libya->Sudan,69,0.7888,0.5 <= b < 1,0,0.3177,0.823,0.4251,57.981,97.253,57.959,lineal,-0.022
B,B355,South Africa->Nigeria,69,-0.0819,b < 0.5,0,0.1207,0.9406,0.1821,-62.003,-81.756,-86.266,lineal,-24.263
B,B356,South Africa->Kenya,69,-0.0048,b < 0.5,0,0.2131,0.9006,0.0897,-136.701,-138.432,-138.558,lineal,-1.857
B,B357,South Africa->Ghana,69,0.1791,b < 0.5,0,0.1425,0.9308,0.1271,-118.818,-95.134,-102.688,potencia,16.13
B,B358,South Africa->Zimbabwe,69,0.1596,b < 0.5,0,0.0392,0.9836,0.3337,76.38,45.691,48.203,exponencial,-30.689
B,B359,South Africa->Zambia,69,0.0833,b < 0.5,0,0.1133,0.9538,0.1522,-55.833,-49.509,-50.999,potencia,4.833
B,B360,South Africa->Tanzania,69,-0.0223,b < 0.5,0,0.0559,0.995,0.1335,-25.781,-39.37,-42.062,lineal,-16.281
B,B361,South Africa->Uganda,69,0.1837,b < 0.5,0,0.1566,0.9081,0.1094,-56.204,-30.844,-39.547,potencia,16.657
B,B362,South Africa->Mozambique,69,0.4959,b < 0.5,0,0.0456,0.9353,0.3774,119.496,21.86,63.519,exponencial,-97.636
B,B363,Botswana->South Africa,69,0.9003,0.5 <= b < 1,0,0.0539,0.8884,0.5111,-206.202,-207.791,-282.914,lineal,-76.712
B,B364,South Africa->Ethiopia,69,0.1164,b < 0.5,0,0.0776,0.9659,0.1508,38.334,21.923,21.688,lineal,-16.646
B,B365,South Africa->Cameroon,69,0.0202,b < 0.5,0,0.0662,0.9679,0.1531,-82.304,-87.79,-87.898,lineal,-5.594
B,B366,South Africa->Senegal,69,0.2956,b < 0.5,0,0.1238,0.866,0.16,-72.952,-149.56,-132.254,exponencial,-76.608
B,B367,South Africa->Angola,69,0.0309,b < 0.5,0,0.0436,0.9942,0.4265,41.961,43.86,40.164,lineal,-1.797
B,B368,Nigeria->Kenya,69,0.0771,b < 0.5,0,0.13,0.9325,0.203,-177.197,-194.893,-193.585,exponencial,-17.696
B,B369,Nigeria->Ghana,69,0.261,b < 0.5,0,0.137,0.8835,0.1953,-231.878,-270.859,-269.849,exponencial,-38.981
B,B370,Nigeria->Zimbabwe,69,0.2415,b < 0.5,0,0.0362,0.9852,0.4854,-13.488,-49.132,-47.885,exponencial,-35.644
B,B371,Nigeria->Zambia,69,0.1652,b < 0.5,0,0.1729,0.872,0.184,-221.757,-256.373,-258.157,lineal,-36.4
B,B372,Nigeria->Tanzania,69,0.0595,b < 0.5,0,0.3895,0.8052,0.1026,-227.907,-232.193,-232.48,lineal,-4.573
B,B373,Nigeria->Uganda,69,0.2656,b < 0.5,0,0.1288,0.9053,0.2015,-149.047,-202.607,-194.501,exponencial,-53.56
B,B374,Nigeria->Mozambique,69,0.5777,0.5 <= b < 1,0,0.0406,0.9519,0.5308,33.672,-43.821,-14.747,exponencial,-77.494
B,B375,Botswana->Nigeria,69,0.8184,0.5 <= b < 1,0,0.0794,0.8765,0.4462,-51.726,-11.508,-72.494,lineal,-20.769
B,B376,Nigeria->Ethiopia,69,0.1983,b < 0.5,0,0.0776,0.94,0.2752,-42.2,-85.029,-78.145,exponencial,-42.83
B,B377,Nigeria->Cameroon,69,0.102,b < 0.5,0,0.0713,0.9663,0.2972,-135.061,-159.967,-157.959,exponencial,-24.906
B,B378,Nigeria->Senegal,69,0.3774,b < 0.5,0,0.0689,0.9328,0.3205,-115.137,-184.322,-160.349,exponencial,-69.185
B,B379,Angola->Nigeria,69,-0.1127,b < 0.5,0,0.0858,0.9628,0.345,-115.679,-113.792,-115.391,potencia,0.288
B,B380,Ghana->Kenya,69,-0.1838,b < 0.5,0,0.1139,0.9219,0.1646,-193.618,-205.011,-200.288,exponencial,-11.393
B,B381,Zimbabwe->Kenya,69,-0.1644,b < 0.5,0,0.0485,0.9849,0.3148,-161.644,-186.6,-205.172,lineal,-43.528
B,B382,Kenya->Zambia,69,0.0881,b < 0.5,0,0.1008,0.9425,0.2106,-201.758,-199.273,-200.945,potencia,0.813
B,B383,Kenya->Tanzania,69,-0.0176,b < 0.5,0,0.0481,0.995,0.1547,-191.056,-195.221,-196.655,lineal,-5.599
B,B384,Kenya->Uganda,69,0.1885,b < 0.5,0,0.1127,0.9272,0.1657,-197.494,-185.214,-192.041,potencia,5.453
B,B385,Kenya->Mozambique,69,0.5006,0.5 <= b < 1,0,0.0446,0.9373,0.3889,-82.436,-216.433,-149.373,exponencial,-133.997
B,B386,Botswana->Kenya,69,0.8955,0.5 <= b < 1,0,0.072,0.8663,0.4618,-19.065,-31.653,-101.764,lineal,-82.698
B,B387,Kenya->Ethiopia,69,0.1212,b < 0.5,0,0.1036,0.9307,0.1636,-155.081,-176.212,-176.88,lineal,-21.798
B,B388,Cameroon->Kenya,69,-0.0249,b < 0.5,0,0.1398,0.9387,0.1372,-246.412,-253.19,-254.126,lineal,-7.714
B,B389,Senegal->Kenya,69,-0.3003,b < 0.5,0,0.1213,0.8677,0.1734,-156.889,-280.219,-274.985,exponencial,-123.33
B,B390,Angola->Kenya,69,-0.0356,b < 0.5,0,0.0433,0.9869,0.4736,-36.89,-40.096,-44.755,lineal,-7.865
B,B391,Ghana->Zimbabwe,69,-0.0195,b < 0.5,0,0.0357,0.995,0.3839,-78.195,-86.39,-89.201,lineal,-11.006
B,B392,Ghana->Zambia,69,-0.0957,b < 0.5,0,0.2565,0.8694,0.1075,-267.315,-262.019,-261.816,potencia,5.296
B,B393,Ghana->Tanzania,69,-0.2014,b < 0.5,0,0.1464,0.8712,0.1399,-142.402,-215.266,-214.106,exponencial,-72.864
B,B394,Ghana->Uganda,69,0.0046,b < 0.5,0,0.5444,0.7365,0.0806,-263.735,-264.189,-264.286,lineal,-0.551
B,B395,Ghana->Mozambique,69,0.3168,b < 0.5,0,0.0361,0.9806,0.3992,-34.916,-97.036,-80.179,exponencial,-62.12
B,B396,Botswana->Ghana,69,1.0793,1.0 <= b < 1.5,1,0.0639,0.874,0.5606,-35.679,21.377,-97.187,lineal,-61.509
B,B397,Ghana->Ethiopia,69,-0.0626,b < 0.5,0,0.1053,0.9472,0.1848,-116.104,-109.139,-109.732,potencia,6.372
B,B398,Ghana->Cameroon,69,-0.1589,b < 0.5,0,0.069,0.9769,0.2423,-184.215,-173.794,-172.909,potencia,10.422
B,B399,Ghana->Senegal,69,0.1165,b < 0.5,0,0.1154,0.9538,0.1921,-204.529,-237.269,-232.416,exponencial,-32.74
B,B400,Angola->Ghana,69,0.1482,b < 0.5,0,0.0627,0.9695,0.369,-86.895,-106.941,-107.404,lineal,-20.509
B,B401,Zimbabwe->Zambia,69,-0.0763,b < 0.5,0,0.0334,0.995,0.4405,-105.266,-105.685,-113.902,lineal,-8.635
B,B402,Zimbabwe->Tanzania,69,-0.182,b < 0.5,0,0.0297,0.995,0.4516,-50.889,-61.422,-81.338,lineal,-30.449
B,B403,Zimbabwe->Uganda,69,0.0241,b < 0.5,0,0.0374,0.995,0.3754,-78.199,-76.691,-80.262,lineal,-2.063
B,B404,Zimbabwe->Mozambique,69,0.3362,b < 0.5,0,0.1437,0.8701,0.1969,-208.432,-202.39,-220.852,lineal,-12.42
B,B405,Botswana->Zimbabwe,69,1.0599,1.0 <= b < 1.5,1,0.0464,0.9097,0.6862,124.554,-27.677,63.779,exponencial,-152.231
B,B406,Zimbabwe->Ethiopia,69,-0.0432,b < 0.5,0,0.0519,0.995,0.3002,-77.766,-79.162,-83.706,lineal,-5.94
B,B407,Cameroon->Zimbabwe,69,0.1395,b < 0.5,0,0.0699,0.9669,0.2641,-155.896,-187.535,-183.762,exponencial,-31.639
B,B408,Senegal->Zimbabwe,69,-0.1359,b < 0.5,0,0.0989,0.9732,0.2283,-173.373,-157.5,-157.619,potencia,15.754
B,B409,Angola->Zimbabwe,69,0.1288,b < 0.5,0,0.027,0.995,0.7328,75.038,57.856,45.677,lineal,-29.36
B,B410,Zambia->Tanzania,69,-0.1057,b < 0.5,0,0.1619,0.8792,0.137,-196.503,-233.203,-234.284,lineal,-37.781
B,B411,Zambia->Uganda,69,0.1004,b < 0.5,0,0.2638,0.8789,0.1121,-249.083,-253.847,-253.176,exponencial,-4.764
B,B412,Zambia->Mozambique,69,0.4125,b < 0.5,0,0.0401,0.9746,0.4355,-36.603,-91.761,-77.001,exponencial,-55.158
B,B413,Botswana->Zambia,69,0.9836,0.5 <= b < 1,0,0.0585,0.8901,0.5869,22.076,66.114,-12.62,lineal,-34.696
B,B414,Zambia->Ethiopia,69,0.0331,b < 0.5,0,0.1098,0.945,0.1964,-133.655,-142.496,-142.525,lineal,-8.87
B,B415,Cameroon->Zambia,69,0.0632,b < 0.5,0,0.0554,0.9831,0.2728,-142.219,-139.514,-140.793,potencia,1.426
B,B416,Senegal->Zambia,69,-0.2122,b < 0.5,0,0.0702,0.9678,0.2422,-169.694,-192.149,-203.491,lineal,-33.797
B,B417,Angola->Zambia,69,0.0525,b < 0.5,0,0.0882,0.9598,0.3146,-90.496,-106.268,-106.645,lineal,-16.149
B,B418,Uganda->Tanzania,69,-0.206,b < 0.5,0,0.1036,0.9338,0.1452,-224.164,-304.903,-309.541,lineal,-85.378
B,B419,Mozambique->Tanzania,69,-0.5182,b < 0.5,0,0.0312,0.9657,0.4931,15.409,-68.648,-155.272,lineal,-170.681
B,B420,Botswana->Tanzania,69,0.8779,0.5 <= b < 1,0,0.0672,0.8778,0.4623,37.762,86.199,8.956,lineal,-28.806
B,B421,Tanzania->Ethiopia,69,0.1388,b < 0.5,0,0.0451,0.9609,0.2278,-165.638,-209.701,-202.969,exponencial,-44.062
B,B422,Cameroon->Tanzania,69,-0.0425,b < 0.5,0,0.0362,0.995,0.2545,-99.177,-104.049,-107.07,lineal,-7.893
B,B423,Senegal->Tanzania,69,-0.3179,b < 0.5,0,0.0415,0.9583,0.2711,-64.633,-154.862,-202.085,lineal,-137.452
B,B424,Angola->Tanzania,69,-0.0532,b < 0.5,0,0.0789,0.9635,0.3376,-30.047,-29.732,-31.84,lineal,-1.793
B,B425,Mozambique->Uganda,69,-0.3122,b < 0.5,0,0.0427,0.9615,0.3886,-78.779,-121.516,-161.282,lineal,-82.503
B,B426,Botswana->Uganda,69,1.084,1.0 <= b < 1.5,1,0.0576,0.8847,0.5632,42.06,91.108,-30.429,lineal,-72.489
B,B427,Uganda->Ethiopia,69,-0.0673,b < 0.5,0,0.0738,0.9665,0.1917,-189.625,-183.139,-183.706,potencia,5.919
B,B428,Cameroon->Uganda,69,0.1635,b < 0.5,0,0.0551,0.9756,0.2384,-106.331,-97.962,-100.561,potencia,5.77
B,B429,Senegal->Uganda,69,-0.1119,b < 0.5,0,0.0859,0.943,0.1861,-151.499,-171.925,-178.009,lineal,-26.51
B,B430,Angola->Uganda,69,0.1528,b < 0.5,0,0.0644,0.9781,0.3705,-4.89,-27.143,-27.35,lineal,-22.46
B,B431,Botswana->Mozambique,69,1.3961,1.0 <= b < 1.5,1,0.047,0.8982,0.8172,175.344,56.874,107.644,exponencial,-118.469
B,B432,Mozambique->Ethiopia,69,-0.3794,b < 0.5,0,0.0574,0.9619,0.3121,-48.831,-147.068,-193.251,lineal,-144.42
B,B433,Cameroon->Mozambique,69,0.4757,b < 0.5,0,0.065,0.9189,0.3391,-112.038,-211.71,-174.867,exponencial,-99.672
B,B434,Senegal->Mozambique,69,0.2003,b < 0.5,0,0.0851,0.9439,0.2523,-141.51,-210.629,-193.388,exponencial,-69.119
B,B435,Angola->Mozambique,69,0.465,b < 0.5,0,0.025,0.9881,0.7164,122.864,85.823,82.447,lineal,-40.417
B,B436,Botswana->Ethiopia,69,1.0167,1.0 <= b < 1.5,1,0.0508,0.8954,0.6014,134.223,137.443,77.228,lineal,-56.996
B,B437,Botswana->Cameroon,69,0.9204,0.5 <= b < 1,0,0.057,0.8892,0.5328,13.691,-49.639,-66.492,lineal,-80.184
B,B438,Botswana->Senegal,69,1.1958,1.0 <= b < 1.5,1,0.0628,0.8721,0.6171,31.612,-7.115,-48.412,lineal,-80.025
B,B439,Botswana->Angola,69,0.9311,0.5 <= b < 1,0,0.0512,0.9293,0.6687,30.817,64.145,23.859,lineal,-6.958
B,B440,Cameroon->Ethiopia,69,0.0963,b < 0.5,0,0.1084,0.9706,0.1603,-144.889,-143.715,-145.395,lineal,-0.506
B,B441,Senegal->Ethiopia,69,-0.1791,b < 0.5,0,0.1367,0.9389,0.1547,-136.26,-147.694,-145.607,exponencial,-11.434
B,B442,Angola->Ethiopia,69,0.0856,b < 0.5,0,0.0396,0.9819,0.4883,68.248,51.839,48.296,lineal,-19.952
B,B443,Senegal->Cameroon,69,-0.2754,b < 0.5,0,0.14,0.8654,0.1504,-202.478,-263.487,-246.283,exponencial,-61.009
B,B444,Angola->Cameroon,69,-0.0107,b < 0.5,0,0.037,0.9935,0.5521,-19.722,-27.021,-33.287,lineal,-13.565
B,B445,Angola->Senegal,69,0.2647,b < 0.5,0,0.0448,0.982,0.5377,-2.953,-30.27,-32.653,lineal,-29.7
B,B446,New Zealand->Australia,119,-0.1096,b < 0.5,0,0.1575,0.9067,0.1255,-505.109,-564.727,-576.435,lineal,-71.326
ACO,F01_Lehman_2008,F01_Lehman_2008,7,0.246,b < 0.5,0,0.9132,0.3566,0.116,-31.942,-21.319,-23.471,potencia,8.471
ACO,F02_BearStearns_2008,F02_BearStearns_2008,6,0.0433,b < 0.5,0,1.5843,0.0,0.0207,-44.065,-33.923,-34.133,potencia,9.932
ACO,F03_WashingtonMutual_2008,F03_WashingtonMutual_2008,6,0.0089,b < 0.5,0,1.1889,0.2562,0.0057,-58.612,-49.553,-49.676,potencia,8.936
ACO,F04_Wachovia_2008,F04_Wachovia_2008,6,0.1527,b < 0.5,0,1.4069,0.0858,0.0679,-31.171,-23.246,-24.016,potencia,7.154
ACO,F05_MerrillLynch_2008,F05_MerrillLynch_2008,6,0.2165,b < 0.5,0,1.0749,0.2839,0.1129,-25.286,-18.143,-19.23,potencia,6.057
ACO,F06_Chrysler_2009,F06_Chrysler_2009,6,0.1376,b < 0.5,0,1.8186,0.0002,0.0198,-45.405,-25.795,-27.09,potencia,18.315
ACO,H01_URSS_1991,H01_URSS_1991,5,0.3487,b < 0.5,0,1.9025,0.0,0.245,-14.507,-20.627,-19.068,exponencial,-6.121
ACO,H02_Roma_476,H02_Roma_476,9,0.4529,b < 0.5,0,0.7613,0.4435,0.1545,-21.883,-14.75,-25.531,lineal,-3.648
ACO,H03_Azteca_1521,H03_Azteca_1521,7,0.6926,0.5 <= b < 1,0,1.4446,0.0,0.1096,-14.1,15.338,-5.392,potencia,8.708
ACO,H04_Cartago_146AC,H04_Cartago_146AC,6,0.3357,b < 0.5,0,2.5401,0.0,0.0381,-28.155,-10.708,-16.007,potencia,12.148
ACO,I01_PanAm_1991,I01_PanAm_1991,5,0.3624,b < 0.5,0,1.4847,0.0,0.1287,-19.753,-15.279,-16.834,potencia,2.919
ACO,I02_Polaroid_2001,I02_Polaroid_2001,5,0.4123,b < 0.5,0,1.8949,0.0,0.1028,-24.765,-18.254,-20.805,potencia,3.96
ACO,I03_Kodak_2012,I03_Kodak_2012,6,1.2438,1.0 <= b < 1.5,1,1.4131,0.1336,0.1395,-24.683,-17.348,-24.313,potencia,0.37
ACO,I04_Blockbuster_2010,I04_Blockbuster_2010,5,1.8059,b >= 1.5,1,1.3508,0.0962,0.132,-14.917,-26.537,-11.614,exponencial,-11.62
ACO,T01_Nokia_2013,T01_Nokia_2013,8,1.8136,b >= 1.5,1,0.8873,0.3737,0.3298,7.239,-1.621,6.976,exponencial,-8.861
ACO,T02_Compaq_2002,T02_Compaq_2002,6,0.1525,b < 0.5,0,1.103,0.2735,0.0138,-46.676,-30.09,-31.519,potencia,15.156
ACO,T03_SunMicrosystems_2010,T03_SunMicrosystems_2010,5,0.2075,b < 0.5,0,1.496,0.0109,0.0519,-27.909,-21.907,-22.808,potencia,5.101
ACO,T04_MySpace_2011,T04_MySpace_2011,5,2.1947,b >= 1.5,1,1.6588,0.0,0.3304,8.79,0.434,10.718,exponencial,-8.356
