dominio,banda_b,admisible,casos,error_seleccion_P0,frac_b_aparente_mayor_1_P5,replicas
E3,b < 0.5,,62,0.1406,0.0,12400
E3,0.5 <= b < 1,,82,0.5704,0.0622,16400
E3,1.0 <= b < 1.5,,57,0.8856,0.6969,11400
E3,b >= 1.5,,33,0.6592,0.9989,6600
E3,b >= 1 (agregada),0,90,0.8026,,18000
B,b < 0.5,,418,0.4044,0.0003,83600
B,0.5 <= b < 1,,22,0.6661,0.105,4400
B,1.0 <= b < 1.5,,6,0.9675,0.7058,1200
B,b >= 1 (agregada),0,6,0.9675,,1200
ACO,b < 0.5,,13,0.1635,0.0,2600
ACO,0.5 <= b < 1,,1,0.205,0.0,200
ACO,1.0 <= b < 1.5,,1,0.465,0.98,200
ACO,b >= 1.5,,3,0.4967,1.0,600
ACO,b >= 1 (agregada),0,4,0.4888,,800

